Workbook

Sheet INC REPORT_MAY
B2: Combined DC Incident Types | D2: Combined DC Incident Types - Month | J2: Combined DC Incident Types - Quarter
D3: IT FEED | E3: IT FEED | F3: IT FEED | G3: IT FEED | H3: IT FEED | J3: IT FEED | K3: IT FEED | L3: IT FEED | M3: IT FEED | N3: IT FEED
D4: FY24 | F4: FY25 | J4: FY24 | L4: FY25
D5: =D6&", "&D4 -> MAY, FY24 | E5: =D6&", "&D4 -> MAY, FY24 | F5: =F6&", "&F4 -> MAY, FY25 | G5: =F6&", "&F4 -> MAY, FY25 | J5: =J6&", "&J4 -> Q3, FY24 | K5: =J6&", "&J4 -> Q3, FY24 | L5: =L6&", "&L4 -> Q3, FY25 | M5: =L6&", "&L4 -> Q3, FY25
B6: Incident Types | D6: MAY | E6: YTD | F6: MAY | G6: YTD | H6: VAR | J6: Q3 | K6: YTD | L6: Q3 | M6: YTD | N6: VAR
B7: Team Member Injury | D7: {=_xlfn.XLOOKUP($B7,INDIRECT("'"&D$3&"'!"&"$B3:$B5"),_xlfn.XLOOKUP(D$5,INDIRECT("'"&D$3&"'!"&"$C2:$AZ2"),INDIRECT("'"&D$3&"'!"&"$C3:$AZ5")))} -> 4 | E7: {=_xlfn.XLOOKUP(E$6&" "&$B7,INDIRECT("'"&E$3&"'!"&"$B18:$B20"),_xlfn.XLOOKUP(E$5,INDIRECT("'"&E$3&"'!"&"$C2:$AZ2"),INDIRECT("'"&E$3&"'!"&"$C18:$AZ20")))} -> 25 | F7: {=_xlfn.XLOOKUP($B7,INDIRECT("'"&F$3&"'!"&"$B3:$B5"),_xlfn.XLOOKUP(F$5,INDIRECT("'"&F$3&"'!"&"$C2:$AZ2"),INDIRECT("'"&F$3&"'!"&"$C3:$AZ5")))} -> 2 | G7: {=_xlfn.XLOOKUP(G$6&" "&$B7,INDIRECT("'"&G$3&"'!"&"$B18:$B20"),_xlfn.XLOOKUP(G$5,INDIRECT("'"&G$3&"'!"&"$C2:$AZ2"),INDIRECT("'"&G$3&"'!"&"$C18:$AZ20")))} -> 10 | H7: =G7-E7 -> -15 | J7: {=_xlfn.XLOOKUP($B7,INDIRECT("'"&J$3&"'!"&"$B3:$B5"),_xlfn.XLOOKUP(J$5,INDIRECT("'"&J$3&"'!"&"$C2:$AZ2"),INDIRECT("'"&J$3&"'!"&"$C3:$AZ5")))} -> 5 | K7: {=_xlfn.XLOOKUP(K$6&" "&$B7,INDIRECT("'"&K$3&"'!"&"$B18:$B20"),_xlfn.XLOOKUP(K$5,INDIRECT("'"&K$3&"'!"&"$C2:$AZ2"),INDIRECT("'"&K$3&"'!"&"$C18:$AZ20")))} -> 21 | L7: {=_xlfn.XLOOKUP($B7,INDIRECT("'"&L$3&"'!"&"$B3:$B5"),_xlfn.XLOOKUP(L$5,INDIRECT("'"&L$3&"'!"&"$C2:$AZ2"),INDIRECT("'"&L$3&"'!"&"$C3:$AZ5")))} -> 1 | M7: {=_xlfn.XLOOKUP(M$6&" "&$B7,INDIRECT("'"&M$3&"'!"&"$B18:$B20"),_xlfn.XLOOKUP(M$5,INDIRECT("'"&M$3&"'!"&"$C2:$AZ2"),INDIRECT("'"&M$3&"'!"&"$C18:$AZ20")))} -> 6 | N7: =M7-K7 -> -15
B8: Safety Near Miss | D8: {=_xlfn.XLOOKUP($B8,INDIRECT("'"&D$3&"'!"&"$B3:$B5"),_xlfn.XLOOKUP(D$5,INDIRECT("'"&D$3&"'!"&"$C2:$AZ2"),INDIRECT("'"&D$3&"'!"&"$C3:$AZ5")))} -> 0 | E8: {=_xlfn.XLOOKUP(E$6&" "&$B8,INDIRECT("'"&E$3&"'!"&"$B18:$B20"),_xlfn.XLOOKUP(E$5,INDIRECT("'"&E$3&"'!"&"$C2:$AZ2"),INDIRECT("'"&E$3&"'!"&"$C18:$AZ20")))} -> 39 | F8: {=_xlfn.XLOOKUP($B8,INDIRECT("'"&F$3&"'!"&"$B3:$B5"),_xlfn.XLOOKUP(F$5,INDIRECT("'"&F$3&"'!"&"$C2:$AZ2"),INDIRECT("'"&F$3&"'!"&"$C3:$AZ5")))} -> 2 | G8: {=_xlfn.XLOOKUP(G$6&" "&$B8,INDIRECT("'"&G$3&"'!"&"$B18:$B20"),_xlfn.XLOOKUP(G$5,INDIRECT("'"&G$3&"'!"&"$C2:$AZ2"),INDIRECT("'"&G$3&"'!"&"$C18:$AZ20")))} -> 31 | H8: =G8-E8 -> -8 | J8: {=_xlfn.XLOOKUP($B8,INDIRECT("'"&J$3&"'!"&"$B3:$B5"),_xlfn.XLOOKUP(J$5,INDIRECT("'"&J$3&"'!"&"$C2:$AZ2"),INDIRECT("'"&J$3&"'!"&"$C3:$AZ5")))} -> 3 | K8: {=_xlfn.XLOOKUP(K$6&" "&$B8,INDIRECT("'"&K$3&"'!"&"$B18:$B20"),_xlfn.XLOOKUP(K$5,INDIRECT("'"&K$3&"'!"&"$C2:$AZ2"),INDIRECT("'"&K$3&"'!"&"$C18:$AZ20")))} -> 37 | L8: {=_xlfn.XLOOKUP($B8,INDIRECT("'"&L$3&"'!"&"$B3:$B5"),_xlfn.XLOOKUP(L$5,INDIRECT("'"&L$3&"'!"&"$C2:$AZ2"),INDIRECT("'"&L$3&"'!"&"$C3:$AZ5")))} -> 9 | M8: {=_xlfn.XLOOKUP(M$6&" "&$B8,INDIRECT("'"&M$3&"'!"&"$B18:$B20"),_xlfn.XLOOKUP(M$5,INDIRECT("'"&M$3&"'!"&"$C2:$AZ2"),INDIRECT("'"&M$3&"'!"&"$C18:$AZ20")))} -> 24 | N8: =M8-K8 -> -13
B9: Customer / Contractor | D9: {=_xlfn.XLOOKUP($B9,INDIRECT("'"&D$3&"'!"&"$B3:$B5"),_xlfn.XLOOKUP(D$5,INDIRECT("'"&D$3&"'!"&"$C2:$AZ2"),INDIRECT("'"&D$3&"'!"&"$C3:$AZ5")))} -> 7 | E9: {=_xlfn.XLOOKUP(E$6&" "&$B9,INDIRECT("'"&E$3&"'!"&"$B18:$B20"),_xlfn.XLOOKUP(E$5,INDIRECT("'"&E$3&"'!"&"$C2:$AZ2"),INDIRECT("'"&E$3&"'!"&"$C18:$AZ20")))} -> 31 | F9: {=_xlfn.XLOOKUP($B9,INDIRECT("'"&F$3&"'!"&"$B3:$B5"),_xlfn.XLOOKUP(F$5,INDIRECT("'"&F$3&"'!"&"$C2:$AZ2"),INDIRECT("'"&F$3&"'!"&"$C3:$AZ5")))} -> 3 | G9: {=_xlfn.XLOOKUP(G$6&" "&$B9,INDIRECT("'"&G$3&"'!"&"$B18:$B20"),_xlfn.XLOOKUP(G$5,INDIRECT("'"&G$3&"'!"&"$C2:$AZ2"),INDIRECT("'"&G$3&"'!"&"$C18:$AZ20")))} -> 52 | H9: =G9-E9 -> 21 | J9: {=_xlfn.XLOOKUP($B9,INDIRECT("'"&J$3&"'!"&"$B3:$B5"),_xlfn.XLOOKUP(J$5,INDIRECT("'"&J$3&"'!"&"$C2:$AZ2"),INDIRECT("'"&J$3&"'!"&"$C3:$AZ5")))} -> 10 | K9: {=_xlfn.XLOOKUP(K$6&" "&$B9,INDIRECT("'"&K$3&"'!"&"$B18:$B20"),_xlfn.XLOOKUP(K$5,INDIRECT("'"&K$3&"'!"&"$C2:$AZ2"),INDIRECT("'"&K$3&"'!"&"$C18:$AZ20")))} -> 23 | L9: {=_xlfn.XLOOKUP($B9,INDIRECT("'"&L$3&"'!"&"$B3:$B5"),_xlfn.XLOOKUP(L$5,INDIRECT("'"&L$3&"'!"&"$C2:$AZ2"),INDIRECT("'"&L$3&"'!"&"$C3:$AZ5")))} -> 16 | M9: {=_xlfn.XLOOKUP(M$6&" "&$B9,INDIRECT("'"&M$3&"'!"&"$B18:$B20"),_xlfn.XLOOKUP(M$5,INDIRECT("'"&M$3&"'!"&"$C2:$AZ2"),INDIRECT("'"&M$3&"'!"&"$C18:$AZ20")))} -> 49 | N9: =M9-K9 -> 26
B10: Grand Total | D10: =SUM(D7:D9) -> 11 | E10: =SUM(E7:E9) -> 95 | F10: =SUM(F7:F9) -> 7 | G10: =SUM(G7:G9) -> 93 | H10: =G10-E10 -> -2 | J10: =SUM(J7:J9) -> 18 | K10: =SUM(K7:K9) -> 81 | L10: =SUM(L7:L9) -> 26 | M10: =SUM(M7:M9) -> 79 | N10: =M10-K10 -> -2
B12: Spotlight DC | D12: Spotlight DC Incident Types - Month | J12: Spotlight DC Incident Types - Quarter
D13: IT FEED | E13: IT FEED | F13: IT FEED | G13: IT FEED | H13: IT FEED | J13: IT FEED | K13: IT FEED | L13: IT FEED | M13: IT FEED | N13: IT FEED
D14: FY24 | F14: FY25 | J14: FY24 | L14: FY25
D15: =D16&", "&D14 -> MAY, FY24 | E15: =D16&", "&D14 -> MAY, FY24 | F15: =F16&", "&F14 -> MAY, FY25 | G15: =F16&", "&F14 -> MAY, FY25 | J15: =J16&", "&J14 -> Q3, FY24 | K15: =J16&", "&J14 -> Q3, FY24 | L15: =L16&", "&L14 -> Q3, FY25 | M15: =L16&", "&L14 -> Q3, FY25
B16: Incident Types | D16: MAY | E16: YTD | F16: MAY | G16: YTD | H16: VAR | J16: Q3 | K16: YTD | L16: Q3 | M16: YTD | N16: VAR
B17: Team Member Injury | D17: {=_xlfn.XLOOKUP($B17,INDIRECT("'"&D$13&"'!"&"$B6:$B8"),_xlfn.XLOOKUP(D$15,INDIRECT("'"&D$13&"'!"&"$C2:$AZ2"),INDIRECT("'"&D$13&"'!"&"$C6:$AZ8")))} -> 1 | E17: {=_xlfn.XLOOKUP(E$16&" "&$B17,INDIRECT("'"&E$13&"'!"&"$B21:$B23"),_xlfn.XLOOKUP(E$15,INDIRECT("'"&E$13&"'!"&"$C2:$AZ2"),INDIRECT("'"&E$13&"'!"&"$C21:$AZ23")))} -> 11 | F17: {=_xlfn.XLOOKUP($B17,INDIRECT("'"&F$13&"'!"&"$B6:$B8"),_xlfn.XLOOKUP(F$15,INDIRECT("'"&F$13&"'!"&"$C2:$AZ2"),INDIRECT("'"&F$13&"'!"&"$C6:$AZ8")))} -> 1 | G17: {=_xlfn.XLOOKUP(G$16&" "&$B17,INDIRECT("'"&G$13&"'!"&"$B21:$B23"),_xlfn.XLOOKUP(G$15,INDIRECT("'"&G$13&"'!"&"$C2:$AZ2"),INDIRECT("'"&G$13&"'!"&"$C21:$AZ23")))} -> 7 | H17: =G17-E17 -> -4 | J17: {=_xlfn.XLOOKUP($B17,INDIRECT("'"&J$13&"'!"&"$B6:$B8"),_xlfn.XLOOKUP(J$15,INDIRECT("'"&J$13&"'!"&"$C2:$AZ2"),INDIRECT("'"&J$13&"'!"&"$C6:$AZ8")))} -> 5 | K17: {=_xlfn.XLOOKUP(K$16&" "&$B17,INDIRECT("'"&K$13&"'!"&"$B21:$B23"),_xlfn.XLOOKUP(K$15,INDIRECT("'"&K$13&"'!"&"$C2:$AZ2"),INDIRECT("'"&K$13&"'!"&"$C21:$AZ23")))} -> 10 | L17: {=_xlfn.XLOOKUP($B17,INDIRECT("'"&L$13&"'!"&"$B6:$B8"),_xlfn.XLOOKUP(L$15,INDIRECT("'"&L$13&"'!"&"$C2:$AZ2"),INDIRECT("'"&L$13&"'!"&"$C6:$AZ8")))} -> 1 | M17: {=_xlfn.XLOOKUP(M$16&" "&$B17,INDIRECT("'"&M$13&"'!"&"$B21:$B23"),_xlfn.XLOOKUP(M$15,INDIRECT("'"&M$13&"'!"&"$C2:$AZ2"),INDIRECT("'"&M$13&"'!"&"$C21:$AZ23")))} -> 5 | N17: =M17-K17 -> -5
B18: Safety Near Miss | D18: {=_xlfn.XLOOKUP($B18,INDIRECT("'"&D$13&"'!"&"$B6:$B8"),_xlfn.XLOOKUP(D$15,INDIRECT("'"&D$13&"'!"&"$C2:$AZ2"),INDIRECT("'"&D$13&"'!"&"$C6:$AZ8")))} -> 0 | E18: {=_xlfn.XLOOKUP(E$16&" "&$B18,INDIRECT("'"&E$13&"'!"&"$B21:$B23"),_xlfn.XLOOKUP(E$15,INDIRECT("'"&E$13&"'!"&"$C2:$AZ2"),INDIRECT("'"&E$13&"'!"&"$C21:$AZ23")))} -> 12 | F18: {=_xlfn.XLOOKUP($B18,INDIRECT("'"&F$13&"'!"&"$B6:$B8"),_xlfn.XLOOKUP(F$15,INDIRECT("'"&F$13&"'!"&"$C2:$AZ2"),INDIRECT("'"&F$13&"'!"&"$C6:$AZ8")))} -> 2 | G18: {=_xlfn.XLOOKUP(G$16&" "&$B18,INDIRECT("'"&G$13&"'!"&"$B21:$B23"),_xlfn.XLOOKUP(G$15,INDIRECT("'"&G$13&"'!"&"$C2:$AZ2"),INDIRECT("'"&G$13&"'!"&"$C21:$AZ23")))} -> 22 | H18: =G18-E18 -> 10 | J18: {=_xlfn.XLOOKUP($B18,INDIRECT("'"&J$13&"'!"&"$B6:$B8"),_xlfn.XLOOKUP(J$15,INDIRECT("'"&J$13&"'!"&"$C2:$AZ2"),INDIRECT("'"&J$13&"'!"&"$C6:$AZ8")))} -> 3 | K18: {=_xlfn.XLOOKUP(K$16&" "&$B18,INDIRECT("'"&K$13&"'!"&"$B21:$B23"),_xlfn.XLOOKUP(K$15,INDIRECT("'"&K$13&"'!"&"$C2:$AZ2"),INDIRECT("'"&K$13&"'!"&"$C21:$AZ23")))} -> 10 | L18: {=_xlfn.XLOOKUP($B18,INDIRECT("'"&L$13&"'!"&"$B6:$B8"),_xlfn.XLOOKUP(L$15,INDIRECT("'"&L$13&"'!"&"$C2:$AZ2"),INDIRECT("'"&L$13&"'!"&"$C6:$AZ8")))} -> 7 | M18: {=_xlfn.XLOOKUP(M$16&" "&$B18,INDIRECT("'"&M$13&"'!"&"$B21:$B23"),_xlfn.XLOOKUP(M$15,INDIRECT("'"&M$13&"'!"&"$C2:$AZ2"),INDIRECT("'"&M$13&"'!"&"$C21:$AZ23")))} -> 16 | N18: =M18-K18 -> 6
B19: Customer / Contractor | D19: {=_xlfn.XLOOKUP($B19,INDIRECT("'"&D$13&"'!"&"$B6:$B8"),_xlfn.XLOOKUP(D$15,INDIRECT("'"&D$13&"'!"&"$C2:$AZ2"),INDIRECT("'"&D$13&"'!"&"$C6:$AZ8")))} -> 5 | E19: {=_xlfn.XLOOKUP(E$16&" "&$B19,INDIRECT("'"&E$13&"'!"&"$B21:$B23"),_xlfn.XLOOKUP(E$15,INDIRECT("'"&E$13&"'!"&"$C2:$AZ2"),INDIRECT("'"&E$13&"'!"&"$C21:$AZ23")))} -> 14 | F19: {=_xlfn.XLOOKUP($B19,INDIRECT("'"&F$13&"'!"&"$B6:$B8"),_xlfn.XLOOKUP(F$15,INDIRECT("'"&F$13&"'!"&"$C2:$AZ2"),INDIRECT("'"&F$13&"'!"&"$C6:$AZ8")))} -> 1 | G19: {=_xlfn.XLOOKUP(G$16&" "&$B19,INDIRECT("'"&G$13&"'!"&"$B21:$B23"),_xlfn.XLOOKUP(G$15,INDIRECT("'"&G$13&"'!"&"$C2:$AZ2"),INDIRECT("'"&G$13&"'!"&"$C21:$AZ23")))} -> 35 | H19: =G19-E19 -> 21 | J19: {=_xlfn.XLOOKUP($B19,INDIRECT("'"&J$13&"'!"&"$B6:$B8"),_xlfn.XLOOKUP(J$15,INDIRECT("'"&J$13&"'!"&"$C2:$AZ2"),INDIRECT("'"&J$13&"'!"&"$C6:$AZ8")))} -> 9 | K19: {=_xlfn.XLOOKUP(K$16&" "&$B19,INDIRECT("'"&K$13&"'!"&"$B21:$B23"),_xlfn.XLOOKUP(K$15,INDIRECT("'"&K$13&"'!"&"$C2:$AZ2"),INDIRECT("'"&K$13&"'!"&"$C21:$AZ23")))} -> 9 | L19: {=_xlfn.XLOOKUP($B19,INDIRECT("'"&L$13&"'!"&"$B6:$B8"),_xlfn.XLOOKUP(L$15,INDIRECT("'"&L$13&"'!"&"$C2:$AZ2"),INDIRECT("'"&L$13&"'!"&"$C6:$AZ8")))} -> 10 | M19: {=_xlfn.XLOOKUP(M$16&" "&$B19,INDIRECT("'"&M$13&"'!"&"$B21:$B23"),_xlfn.XLOOKUP(M$15,INDIRECT("'"&M$13&"'!"&"$C2:$AZ2"),INDIRECT("'"&M$13&"'!"&"$C21:$AZ23")))} -> 34 | N19: =M19-K19 -> 25
B20: Grand Total | D20: =SUM(D17:D19) -> 6 | E20: =SUM(E17:E19) -> 37 | F20: =SUM(F17:F19) -> 4 | G20: =SUM(G17:G19) -> 64 | H20: =G20-E20 -> 27 | J20: =SUM(J17:J19) -> 17 | K20: =SUM(K17:K19) -> 29 | L20: =SUM(L17:L19) -> 18 | M20: =SUM(M17:M19) -> 55 | N20: =M20-K20 -> 26
B22: Anaconda DC | D22: Anaconda DC Incident Types - Month | J22: Anaconda DC Incident Types - Quarter
D23: IT FEED | E23: IT FEED | F23: IT FEED | G23: IT FEED | H23: IT FEED | J23: IT FEED | K23: IT FEED | L23: IT FEED | M23: IT FEED | N23: IT FEED
D24: FY24 | F24: FY25 | J24: FY24 | L24: FY25
D25: =D26&", "&D24 -> MAY, FY24 | E25: =D26&", "&D24 -> MAY, FY24 | F25: =F26&", "&F24 -> MAY, FY25 | G25: =F26&", "&F24 -> MAY, FY25 | J25: =J26&", "&J24 -> Q3, FY24 | K25: =J26&", "&J24 -> Q3, FY24 | L25: =L26&", "&L24 -> Q3, FY25 | M25: =L26&", "&L24 -> Q3, FY25
B26: Incident Types | D26: MAY | E26: YTD | F26: MAY | G26: YTD | H26: VAR | J26: Q3 | K26: YTD | L26: Q3 | M26: YTD | N26: VAR
B27: Team Member Injury | D27: {=_xlfn.XLOOKUP($B27,INDIRECT("'"&D$23&"'!"&"$B9:$B11"),_xlfn.XLOOKUP(D$25,INDIRECT("'"&D$23&"'!"&"$C2:$AZ2"),INDIRECT("'"&D$23&"'!"&"$C9:$AZ11")))} -> 1 | E27: {=_xlfn.XLOOKUP(E$26&" "&$B27,INDIRECT("'"&E$23&"'!"&"$B24:$B26"),_xlfn.XLOOKUP(E$25,INDIRECT("'"&E$23&"'!"&"$C2:$AZ2"),INDIRECT("'"&E$23&"'!"&"$C24:$AZ26")))} -> 12 | F27: {=_xlfn.XLOOKUP($B27,INDIRECT("'"&F$23&"'!"&"$B9:$B11"),_xlfn.XLOOKUP(F$25,INDIRECT("'"&F$23&"'!"&"$C2:$AZ2"),INDIRECT("'"&F$23&"'!"&"$C9:$AZ11")))} -> 0 | G27: {=_xlfn.XLOOKUP(G$26&" "&$B27,INDIRECT("'"&G$23&"'!"&"$B24:$B26"),_xlfn.XLOOKUP(G$25,INDIRECT("'"&G$23&"'!"&"$C2:$AZ2"),INDIRECT("'"&G$23&"'!"&"$C24:$AZ26")))} -> 0 | H27: =G27-E27 -> -12 | J27: {=_xlfn.XLOOKUP($B27,INDIRECT("'"&J$23&"'!"&"$B9:$B11"),_xlfn.XLOOKUP(J$25,INDIRECT("'"&J$23&"'!"&"$C2:$AZ2"),INDIRECT("'"&J$23&"'!"&"$C9:$AZ11")))} -> 0 | K27: {=_xlfn.XLOOKUP(K$26&" "&$B27,INDIRECT("'"&K$23&"'!"&"$B24:$B26"),_xlfn.XLOOKUP(K$25,INDIRECT("'"&K$23&"'!"&"$C2:$AZ2"),INDIRECT("'"&K$23&"'!"&"$C24:$AZ26")))} -> 11 | L27: {=_xlfn.XLOOKUP($B27,INDIRECT("'"&L$23&"'!"&"$B9:$B11"),_xlfn.XLOOKUP(L$25,INDIRECT("'"&L$23&"'!"&"$C2:$AZ2"),INDIRECT("'"&L$23&"'!"&"$C9:$AZ11")))} -> 0 | M27: {=_xlfn.XLOOKUP(M$26&" "&$B27,INDIRECT("'"&M$23&"'!"&"$B24:$B26"),_xlfn.XLOOKUP(M$25,INDIRECT("'"&M$23&"'!"&"$C2:$AZ2"),INDIRECT("'"&M$23&"'!"&"$C24:$AZ26")))} -> 0 | N27: =M27-K27 -> -11
B28: Safety Near Miss | D28: {=_xlfn.XLOOKUP($B28,INDIRECT("'"&D$23&"'!"&"$B9:$B11"),_xlfn.XLOOKUP(D$25,INDIRECT("'"&D$23&"'!"&"$C2:$AZ2"),INDIRECT("'"&D$23&"'!"&"$C9:$AZ11")))} -> 0 | E28: {=_xlfn.XLOOKUP(E$26&" "&$B28,INDIRECT("'"&E$23&"'!"&"$B24:$B26"),_xlfn.XLOOKUP(E$25,INDIRECT("'"&E$23&"'!"&"$C2:$AZ2"),INDIRECT("'"&E$23&"'!"&"$C24:$AZ26")))} -> 27 | F28: {=_xlfn.XLOOKUP($B28,INDIRECT("'"&F$23&"'!"&"$B9:$B11"),_xlfn.XLOOKUP(F$25,INDIRECT("'"&F$23&"'!"&"$C2:$AZ2"),INDIRECT("'"&F$23&"'!"&"$C9:$AZ11")))} -> 0 | G28: {=_xlfn.XLOOKUP(G$26&" "&$B28,INDIRECT("'"&G$23&"'!"&"$B24:$B26"),_xlfn.XLOOKUP(G$25,INDIRECT("'"&G$23&"'!"&"$C2:$AZ2"),INDIRECT("'"&G$23&"'!"&"$C24:$AZ26")))} -> 4 | H28: =G28-E28 -> -23 | J28: {=_xlfn.XLOOKUP($B28,INDIRECT("'"&J$23&"'!"&"$B9:$B11"),_xlfn.XLOOKUP(J$25,INDIRECT("'"&J$23&"'!"&"$C2:$AZ2"),INDIRECT("'"&J$23&"'!"&"$C9:$AZ11")))} -> 0 | K28: {=_xlfn.XLOOKUP(K$26&" "&$B28,INDIRECT("'"&K$23&"'!"&"$B24:$B26"),_xlfn.XLOOKUP(K$25,INDIRECT("'"&K$23&"'!"&"$C2:$AZ2"),INDIRECT("'"&K$23&"'!"&"$C24:$AZ26")))} -> 27 | L28: {=_xlfn.XLOOKUP($B28,INDIRECT("'"&L$23&"'!"&"$B9:$B11"),_xlfn.XLOOKUP(L$25,INDIRECT("'"&L$23&"'!"&"$C2:$AZ2"),INDIRECT("'"&L$23&"'!"&"$C9:$AZ11")))} -> 1 | M28: {=_xlfn.XLOOKUP(M$26&" "&$B28,INDIRECT("'"&M$23&"'!"&"$B24:$B26"),_xlfn.XLOOKUP(M$25,INDIRECT("'"&M$23&"'!"&"$C2:$AZ2"),INDIRECT("'"&M$23&"'!"&"$C24:$AZ26")))} -> 4 | N28: =M28-K28 -> -23
B29: Customer / Contractor | D29: {=_xlfn.XLOOKUP($B29,INDIRECT("'"&D$23&"'!"&"$B9:$B11"),_xlfn.XLOOKUP(D$25,INDIRECT("'"&D$23&"'!"&"$C2:$AZ2"),INDIRECT("'"&D$23&"'!"&"$C9:$AZ11")))} -> 0 | E29: {=_xlfn.XLOOKUP(E$26&" "&$B29,INDIRECT("'"&E$23&"'!"&"$B24:$B26"),_xlfn.XLOOKUP(E$25,INDIRECT("'"&E$23&"'!"&"$C2:$AZ2"),INDIRECT("'"&E$23&"'!"&"$C24:$AZ26")))} -> 14 | F29: {=_xlfn.XLOOKUP($B29,INDIRECT("'"&F$23&"'!"&"$B9:$B11"),_xlfn.XLOOKUP(F$25,INDIRECT("'"&F$23&"'!"&"$C2:$AZ2"),INDIRECT("'"&F$23&"'!"&"$C9:$AZ11")))} -> 1 | G29: {=_xlfn.XLOOKUP(G$26&" "&$B29,INDIRECT("'"&G$23&"'!"&"$B24:$B26"),_xlfn.XLOOKUP(G$25,INDIRECT("'"&G$23&"'!"&"$C2:$AZ2"),INDIRECT("'"&G$23&"'!"&"$C24:$AZ26")))} -> 8 | H29: =G29-E29 -> -6 | J29: {=_xlfn.XLOOKUP($B29,INDIRECT("'"&J$23&"'!"&"$B9:$B11"),_xlfn.XLOOKUP(J$25,INDIRECT("'"&J$23&"'!"&"$C2:$AZ2"),INDIRECT("'"&J$23&"'!"&"$C9:$AZ11")))} -> 1 | K29: {=_xlfn.XLOOKUP(K$26&" "&$B29,INDIRECT("'"&K$23&"'!"&"$B24:$B26"),_xlfn.XLOOKUP(K$25,INDIRECT("'"&K$23&"'!"&"$C2:$AZ2"),INDIRECT("'"&K$23&"'!"&"$C24:$AZ26")))} -> 14 | L29: {=_xlfn.XLOOKUP($B29,INDIRECT("'"&L$23&"'!"&"$B9:$B11"),_xlfn.XLOOKUP(L$25,INDIRECT("'"&L$23&"'!"&"$C2:$AZ2"),INDIRECT("'"&L$23&"'!"&"$C9:$AZ11")))} -> 2 | M29: {=_xlfn.XLOOKUP(M$26&" "&$B29,INDIRECT("'"&M$23&"'!"&"$B24:$B26"),_xlfn.XLOOKUP(M$25,INDIRECT("'"&M$23&"'!"&"$C2:$AZ2"),INDIRECT("'"&M$23&"'!"&"$C24:$AZ26")))} -> 7 | N29: =M29-K29 -> -7
B30: Grand Total | D30: =SUM(D27:D29) -> 1 | E30: =SUM(E27:E29) -> 53 | F30: =SUM(F27:F29) -> 1 | G30: =SUM(G27:G29) -> 12 | H30: =G30-E30 -> -41 | J30: =SUM(J27:J29) -> 1 | K30: =SUM(K27:K29) -> 52 | L30: =SUM(L27:L29) -> 3 | M30: =SUM(M27:M29) -> 11 | N30: =M30-K30 -> -41
B32: Harris Scarfe DC | D32: Harris Scarfe DC Incident Types - Month | J32: Harris Scarfe DC Incident Types - Quarter
D33: IT FEED | E33: IT FEED | F33: IT FEED | G33: IT FEED | H33: IT FEED | J33: IT FEED | K33: IT FEED | L33: IT FEED | M33: IT FEED | N33: IT FEED
D34: FY24 | F34: FY25 | J34: FY24 | L34: FY25
D35: =D36&", "&D34 -> MAY, FY24 | E35: =D36&", "&D34 -> MAY, FY24 | F35: =F36&", "&F34 -> MAY, FY25 | G35: =F36&", "&F34 -> MAY, FY25 | J35: =J36&", "&J34 -> Q3, FY24 | K35: =J36&", "&J34 -> Q3, FY24 | L35: =L36&", "&L34 -> Q3, FY25 | M35: =L36&", "&L34 -> Q3, FY25
B36: Incident Types | D36: MAY | E36: YTD | F36: MAY | G36: YTD | H36: VAR | J36: Q3 | K36: YTD | L36: Q3 | M36: YTD | N36: VAR
B37: Team Member Injury | D37: {=_xlfn.XLOOKUP($B37,INDIRECT("'"&D$33&"'!"&"$B12:$B14"),_xlfn.XLOOKUP(D$35,INDIRECT("'"&D$33&"'!"&"$C2:$AZ2"),INDIRECT("'"&D$33&"'!"&"$C12:$AZ14")))} -> 2 | E37: {=_xlfn.XLOOKUP(E$36&" "&$B37,INDIRECT("'"&E$33&"'!"&"$B27:$B29"),_xlfn.XLOOKUP(E$35,INDIRECT("'"&E$33&"'!"&"$C2:$AZ2"),INDIRECT("'"&E$33&"'!"&"$C27:$AZ29")))} -> 2 | F37: {=_xlfn.XLOOKUP($B37,INDIRECT("'"&F$33&"'!"&"$B12:$B14"),_xlfn.XLOOKUP(F$35,INDIRECT("'"&F$33&"'!"&"$C2:$AZ2"),INDIRECT("'"&F$33&"'!"&"$C12:$AZ14")))} -> 1 | G37: {=_xlfn.XLOOKUP(G$36&" "&$B37,INDIRECT("'"&G$33&"'!"&"$B27:$B29"),_xlfn.XLOOKUP(G$35,INDIRECT("'"&G$33&"'!"&"$C2:$AZ2"),INDIRECT("'"&G$33&"'!"&"$C27:$AZ29")))} -> 3 | H37: =G37-E37 -> 1 | J37: {=_xlfn.XLOOKUP($B37,INDIRECT("'"&J$33&"'!"&"$B12:$B14"),_xlfn.XLOOKUP(J$35,INDIRECT("'"&J$33&"'!"&"$C2:$AZ2"),INDIRECT("'"&J$33&"'!"&"$C12:$AZ14")))} -> 0 | K37: {=_xlfn.XLOOKUP(K$36&" "&$B37,INDIRECT("'"&K$33&"'!"&"$B27:$B29"),_xlfn.XLOOKUP(K$35,INDIRECT("'"&K$33&"'!"&"$C2:$AZ2"),INDIRECT("'"&K$33&"'!"&"$C27:$AZ29")))} -> 0 | L37: {=_xlfn.XLOOKUP($B37,INDIRECT("'"&L$33&"'!"&"$B12:$B14"),_xlfn.XLOOKUP(L$35,INDIRECT("'"&L$33&"'!"&"$C2:$AZ2"),INDIRECT("'"&L$33&"'!"&"$C12:$AZ14")))} -> 0 | M37: {=_xlfn.XLOOKUP(M$36&" "&$B37,INDIRECT("'"&M$33&"'!"&"$B27:$B29"),_xlfn.XLOOKUP(M$35,INDIRECT("'"&M$33&"'!"&"$C2:$AZ2"),INDIRECT("'"&M$33&"'!"&"$C27:$AZ29")))} -> 1 | N37: =M37-K37 -> 1
B38: Safety Near Miss | D38: {=_xlfn.XLOOKUP($B38,INDIRECT("'"&D$33&"'!"&"$B12:$B14"),_xlfn.XLOOKUP(D$35,INDIRECT("'"&D$33&"'!"&"$C2:$AZ2"),INDIRECT("'"&D$33&"'!"&"$C12:$AZ14")))} -> 0 | E38: {=_xlfn.XLOOKUP(E$36&" "&$B38,INDIRECT("'"&E$33&"'!"&"$B27:$B29"),_xlfn.XLOOKUP(E$35,INDIRECT("'"&E$33&"'!"&"$C2:$AZ2"),INDIRECT("'"&E$33&"'!"&"$C27:$AZ29")))} -> 0 | F38: {=_xlfn.XLOOKUP($B38,INDIRECT("'"&F$33&"'!"&"$B12:$B14"),_xlfn.XLOOKUP(F$35,INDIRECT("'"&F$33&"'!"&"$C2:$AZ2"),INDIRECT("'"&F$33&"'!"&"$C12:$AZ14")))} -> 0 | G38: {=_xlfn.XLOOKUP(G$36&" "&$B38,INDIRECT("'"&G$33&"'!"&"$B27:$B29"),_xlfn.XLOOKUP(G$35,INDIRECT("'"&G$33&"'!"&"$C2:$AZ2"),INDIRECT("'"&G$33&"'!"&"$C27:$AZ29")))} -> 5 | H38: =G38-E38 -> 5 | J38: {=_xlfn.XLOOKUP($B38,INDIRECT("'"&J$33&"'!"&"$B12:$B14"),_xlfn.XLOOKUP(J$35,INDIRECT("'"&J$33&"'!"&"$C2:$AZ2"),INDIRECT("'"&J$33&"'!"&"$C12:$AZ14")))} -> 0 | K38: {=_xlfn.XLOOKUP(K$36&" "&$B38,INDIRECT("'"&K$33&"'!"&"$B27:$B29"),_xlfn.XLOOKUP(K$35,INDIRECT("'"&K$33&"'!"&"$C2:$AZ2"),INDIRECT("'"&K$33&"'!"&"$C27:$AZ29")))} -> 0 | L38: {=_xlfn.XLOOKUP($B38,INDIRECT("'"&L$33&"'!"&"$B12:$B14"),_xlfn.XLOOKUP(L$35,INDIRECT("'"&L$33&"'!"&"$C2:$AZ2"),INDIRECT("'"&L$33&"'!"&"$C12:$AZ14")))} -> 1 | M38: {=_xlfn.XLOOKUP(M$36&" "&$B38,INDIRECT("'"&M$33&"'!"&"$B27:$B29"),_xlfn.XLOOKUP(M$35,INDIRECT("'"&M$33&"'!"&"$C2:$AZ2"),INDIRECT("'"&M$33&"'!"&"$C27:$AZ29")))} -> 4 | N38: =M38-K38 -> 4
B39: Customer / Contractor | D39: {=_xlfn.XLOOKUP($B39,INDIRECT("'"&D$33&"'!"&"$B12:$B14"),_xlfn.XLOOKUP(D$35,INDIRECT("'"&D$33&"'!"&"$C2:$AZ2"),INDIRECT("'"&D$33&"'!"&"$C12:$AZ14")))} -> 2 | E39: {=_xlfn.XLOOKUP(E$36&" "&$B39,INDIRECT("'"&E$33&"'!"&"$B27:$B29"),_xlfn.XLOOKUP(E$35,INDIRECT("'"&E$33&"'!"&"$C2:$AZ2"),INDIRECT("'"&E$33&"'!"&"$C27:$AZ29")))} -> 3 | F39: {=_xlfn.XLOOKUP($B39,INDIRECT("'"&F$33&"'!"&"$B12:$B14"),_xlfn.XLOOKUP(F$35,INDIRECT("'"&F$33&"'!"&"$C2:$AZ2"),INDIRECT("'"&F$33&"'!"&"$C12:$AZ14")))} -> 1 | G39: {=_xlfn.XLOOKUP(G$36&" "&$B39,INDIRECT("'"&G$33&"'!"&"$B27:$B29"),_xlfn.XLOOKUP(G$35,INDIRECT("'"&G$33&"'!"&"$C2:$AZ2"),INDIRECT("'"&G$33&"'!"&"$C27:$AZ29")))} -> 9 | H39: =G39-E39 -> 6 | J39: {=_xlfn.XLOOKUP($B39,INDIRECT("'"&J$33&"'!"&"$B12:$B14"),_xlfn.XLOOKUP(J$35,INDIRECT("'"&J$33&"'!"&"$C2:$AZ2"),INDIRECT("'"&J$33&"'!"&"$C12:$AZ14")))} -> 0 | K39: {=_xlfn.XLOOKUP(K$36&" "&$B39,INDIRECT("'"&K$33&"'!"&"$B27:$B29"),_xlfn.XLOOKUP(K$35,INDIRECT("'"&K$33&"'!"&"$C2:$AZ2"),INDIRECT("'"&K$33&"'!"&"$C27:$AZ29")))} -> 0 | L39: {=_xlfn.XLOOKUP($B39,INDIRECT("'"&L$33&"'!"&"$B12:$B14"),_xlfn.XLOOKUP(L$35,INDIRECT("'"&L$33&"'!"&"$C2:$AZ2"),INDIRECT("'"&L$33&"'!"&"$C12:$AZ14")))} -> 4 | M39: {=_xlfn.XLOOKUP(M$36&" "&$B39,INDIRECT("'"&M$33&"'!"&"$B27:$B29"),_xlfn.XLOOKUP(M$35,INDIRECT("'"&M$33&"'!"&"$C2:$AZ2"),INDIRECT("'"&M$33&"'!"&"$C27:$AZ29")))} -> 8 | N39: =M39-K39 -> 8
B40: Grand Total | D40: =SUM(D37:D39) -> 4 | E40: =SUM(E37:E39) -> 5 | F40: =SUM(F37:F39) -> 2 | G40: =SUM(G37:G39) -> 17 | H40: =G40-E40 -> 12 | J40: =SUM(J37:J39) -> 0 | K40: =SUM(K37:K39) -> 0 | L40: =SUM(L37:L39) -> 5 | M40: =SUM(M37:M39) -> 13 | N40: =M40-K40 -> 13
B42: *Var denotes the Variance in YTD Columns

Sheet INC Pivot REPORT_MAY
A1: Fiscal Month | B1: (All) | H1: Fiscal Month | I1: (All)
A3: Count of Mechanism of Injury | B3: Column Labels | H3: Count of Nature of Injury | I3: Column Labels
A4: Row Labels | B4: Anaconda DC | C4: Harris Scarfe DC | D4: Spotlight DC | E4: Grand Total | H4: Row Labels | I4: Anaconda DC | J4: Harris Scarfe DC | K4: Spotlight DC | L4: Grand Total
A5: Contact | B5: 7 | C5: 1 | D5: 1 | E5: 9 | H5: Bruise/Pain/Soreness | I5: 20 | J5: 4 | K5: 21 | L5: 45
A6: Hit-Falling Object | B6: 6 | C6: 1 | D6: 6 | E6: 13 | H6: Cut/Abrasion | I6: 6 | J6: 3 | K6: 2 | L6: 11
A7: Hit-Falling Object, Impact/Knock, Manual handling | D7: 1 | E7: 1 | H7: Other | I7: 5 | J7: 9 | K7: 29 | L7: 43
A8: Hit-Moving object | B8: 2 | D8: 8 | E8: 10 | H8: Property Injury | I8: 2 | L8: 2
A9: Hit-Moving object, Impact/Knock | B9: 1 | D9: 1 | E9: 2 | H9: Sprain/Strain | I9: 6 | J9: 1 | K9: 9 | L9: 16
A10: Impact/Knock | B10: 7 | C10: 4 | D10: 10 | E10: 21 | H10: Grand Total | I10: 39 | J10: 17 | K10: 61 | L10: 117
A11: Impact/Knock, Manual handling | B11: 1 | E11: 1
A12: Impact/Knock, Vehicle Accident | D12: 2 | E12: 2
A13: Manual handling | B13: 6 | C13: 2 | D13: 10 | E13: 18
A14: Other | B14: 4 | C14: 7 | D14: 17 | E14: 28
A15: Slip/Trip/Fall | B15: 4 | D15: 3 | E15: 7
A16: Vehicle Accident | C16: 3 | D16: 1 | E16: 4
A17: Vehicle Accident, Other | B17: 1 | E17: 1
A18: Grand Total | B18: 39 | C18: 18 | D18: 60 | E18: 117
A22: Fiscal Month | B22: (All) | H22: Fiscal Month | I22: (All)
H23: Team Member of Injury Only
A24: Count of Body Parts | B24: Column Labels | H24: Count of Agency of Injury | I24: Column Labels
A25: Row Labels | B25: Anaconda DC | C25: Harris Scarfe DC | D25: Spotlight DC | E25: Grand Total | H25: Row Labels | I25: Anaconda DC | J25: Harris Scarfe DC | K25: Spotlight DC | L25: Grand Total
A26: back_foot_left | B26: 1 | D26: 2 | E26: 3 | H26: Human agencies | I26: 10 | J26: 4 | K26: 12 | L26: 26
A27: back_foot_right | B27: 2 | E27: 2 | H27: Other materials and objects | I27: 7 | J27: 2 | K27: 7 | L27: 16
A28: back_hand_right,front_hand_right | D28: 1 | E28: 1 | H28: Road transport | K28: 1 | L28: 1
A29: back_head | B29: 1 | D29: 1 | E29: 2 | H29: Grand Total | I29: 17 | J29: 6 | K29: 20 | L29: 43
A30: back_hips_knees,front_hips_knees | B30: 1 | E30: 1
A31: back_lower_back | B31: 2 | D31: 4 | E31: 6
A32: front_foot_right | B32: 3 | D32: 1 | E32: 4
A33: front_hand_left | B33: 1 | D33: 1 | E33: 2
A34: front_hand_right | C34: 3 | D34: 1 | E34: 4
A35: front_hips_knees | B35: 1 | C35: 1 | D35: 2 | E35: 4
A36: front_hips_knees,back_hips_knees | D36: 1 | E36: 1
A37: Head (back) | B37: 1 | D37: 1 | E37: 2
A38: Head (front) | B38: 3 | C38: 1 | D38: 1 | E38: 5
A39: head_front | B39: 1 | C39: 2 | D39: 1 | E39: 4
A40: head_front,back_shoulder_right | D40: 1 | E40: 1
A41: Left foot (front) | B41: 1 | D41: 3 | E41: 4
A42: Lower back | B42: 2 | C42: 2 | E42: 4
A43: Right hand (front) | B43: 3 | C43: 1 | D43: 1 | E43: 5
A44: Upper back / neck | D44: 1 | E44: 1
A45: Grand Total | B45: 23 | C45: 10 | D45: 23 | E45: 56

Sheet INC REPORT_12-month Graphs 

Sheet HAZ REPORT_APR & Q3 FY25
B2: Hazard | D2: Hazard - Month | J2: Hazard - Quarter
D3: HAZARD FEED | E3: HAZARD FEED | F3: HAZARD FEED | G3: HAZARD FEED | H3: HAZARD FEED | J3: HAZARD FEED | K3: HAZARD FEED | L3: HAZARD FEED | M3: HAZARD FEED | N3: HAZARD FEED
D4: FY24 | F4: FY25 | J4: FY24 | L4: FY25
D5: =D6&", "&D4 -> MAY, FY24 | E5: =D6&", "&D4 -> MAY, FY24 | F5: =F6&", "&F4 -> MAY, FY25 | G5: =F6&", "&F4 -> MAY, FY25 | J5: =J6&", "&J4 -> Q3, FY24 | K5: =J6&", "&J4 -> Q3, FY24 | L5: =L6&", "&L4 -> Q3, FY25 | M5: =L6&", "&L4 -> Q3, FY25
B6: Hazard by Brand | D6: MAY | E6: YTD | F6: MAY | G6: YTD | H6: VAR | J6: Q3 | K6: YTD | L6: Q3 | M6: YTD | N6: VAR
B7: Spotlight DC | D7: {=_xlfn.XLOOKUP($B7,INDIRECT("'"&D$3&"'!"&"$A3:$A5"),_xlfn.XLOOKUP(D$5,INDIRECT("'"&D$3&"'!"&"$B2:$AZ2"),INDIRECT("'"&D$3&"'!"&"$B3:$AZ5")))} -> 4 | E7: {=_xlfn.XLOOKUP($B7,INDIRECT("'"&E$3&"'!"&"$A9:$A11"),_xlfn.XLOOKUP(E$5,INDIRECT("'"&E$3&"'!"&"$B2:$AZ2"),INDIRECT("'"&E$3&"'!"&"$B9:$AZ11")))} -> 14 | F7: {=_xlfn.XLOOKUP($B7,INDIRECT("'"&F$3&"'!"&"$A3:$A5"),_xlfn.XLOOKUP(F$5,INDIRECT("'"&F$3&"'!"&"$B2:$AZ2"),INDIRECT("'"&F$3&"'!"&"$B3:$AZ5")))} -> 0 | G7: {=_xlfn.XLOOKUP($B7,INDIRECT("'"&G$3&"'!"&"$A9:$A11"),_xlfn.XLOOKUP(G$5,INDIRECT("'"&G$3&"'!"&"$B2:$AZ2"),INDIRECT("'"&G$3&"'!"&"$B9:$AZ11")))} -> 12 | H7: =G7-E7 -> -2 | J7: {=_xlfn.XLOOKUP($B7,INDIRECT("'"&J$3&"'!"&"$A3:$A5"),_xlfn.XLOOKUP(J$5,INDIRECT("'"&J$3&"'!"&"$B2:$AZ2"),INDIRECT("'"&J$3&"'!"&"$B3:$AZ5")))} -> 3 | K7: {=_xlfn.XLOOKUP($B7,INDIRECT("'"&K$3&"'!"&"$A9:$A11"),_xlfn.XLOOKUP(K$5,INDIRECT("'"&K$3&"'!"&"$B2:$AZ2"),INDIRECT("'"&K$3&"'!"&"$B9:$AZ11")))} -> 4 | L7: {=_xlfn.XLOOKUP($B7,INDIRECT("'"&L$3&"'!"&"$A3:$A5"),_xlfn.XLOOKUP(L$5,INDIRECT("'"&L$3&"'!"&"$B2:$AZ2"),INDIRECT("'"&L$3&"'!"&"$B3:$AZ5")))} -> 5 | M7: {=_xlfn.XLOOKUP($B7,INDIRECT("'"&M$3&"'!"&"$A9:$A11"),_xlfn.XLOOKUP(M$5,INDIRECT("'"&M$3&"'!"&"$B2:$AZ2"),INDIRECT("'"&M$3&"'!"&"$B9:$AZ11")))} -> 12 | N7: =M7-K7 -> 8
B8: Anaconda DC | D8: {=_xlfn.XLOOKUP($B8,INDIRECT("'"&D$3&"'!"&"$A3:$A5"),_xlfn.XLOOKUP(D$5,INDIRECT("'"&D$3&"'!"&"$B2:$AZ2"),INDIRECT("'"&D$3&"'!"&"$B3:$AZ5")))} -> 0 | E8: {=_xlfn.XLOOKUP($B8,INDIRECT("'"&E$3&"'!"&"$A9:$A11"),_xlfn.XLOOKUP(E$5,INDIRECT("'"&E$3&"'!"&"$B2:$AZ2"),INDIRECT("'"&E$3&"'!"&"$B9:$AZ11")))} -> 19 | F8: {=_xlfn.XLOOKUP($B8,INDIRECT("'"&F$3&"'!"&"$A3:$A5"),_xlfn.XLOOKUP(F$5,INDIRECT("'"&F$3&"'!"&"$B2:$AZ2"),INDIRECT("'"&F$3&"'!"&"$B3:$AZ5")))} -> 0 | G8: {=_xlfn.XLOOKUP($B8,INDIRECT("'"&G$3&"'!"&"$A9:$A11"),_xlfn.XLOOKUP(G$5,INDIRECT("'"&G$3&"'!"&"$B2:$AZ2"),INDIRECT("'"&G$3&"'!"&"$B9:$AZ11")))} -> 9 | H8: =G8-E8 -> -10 | J8: {=_xlfn.XLOOKUP($B8,INDIRECT("'"&J$3&"'!"&"$A3:$A5"),_xlfn.XLOOKUP(J$5,INDIRECT("'"&J$3&"'!"&"$B2:$AZ2"),INDIRECT("'"&J$3&"'!"&"$B3:$AZ5")))} -> 0 | K8: {=_xlfn.XLOOKUP($B8,INDIRECT("'"&K$3&"'!"&"$A9:$A11"),_xlfn.XLOOKUP(K$5,INDIRECT("'"&K$3&"'!"&"$B2:$AZ2"),INDIRECT("'"&K$3&"'!"&"$B9:$AZ11")))} -> 18 | L8: {=_xlfn.XLOOKUP($B8,INDIRECT("'"&L$3&"'!"&"$A3:$A5"),_xlfn.XLOOKUP(L$5,INDIRECT("'"&L$3&"'!"&"$B2:$AZ2"),INDIRECT("'"&L$3&"'!"&"$B3:$AZ5")))} -> 0 | M8: {=_xlfn.XLOOKUP($B8,INDIRECT("'"&M$3&"'!"&"$A9:$A11"),_xlfn.XLOOKUP(M$5,INDIRECT("'"&M$3&"'!"&"$B2:$AZ2"),INDIRECT("'"&M$3&"'!"&"$B9:$AZ11")))} -> 9 | N8: =M8-K8 -> -9
B9: Harris Scarfe DC | D9: {=_xlfn.XLOOKUP($B9,INDIRECT("'"&D$3&"'!"&"$A3:$A5"),_xlfn.XLOOKUP(D$5,INDIRECT("'"&D$3&"'!"&"$B2:$AZ2"),INDIRECT("'"&D$3&"'!"&"$B3:$AZ5")))} -> 1 | E9: {=_xlfn.XLOOKUP($B9,INDIRECT("'"&E$3&"'!"&"$A9:$A11"),_xlfn.XLOOKUP(E$5,INDIRECT("'"&E$3&"'!"&"$B2:$AZ2"),INDIRECT("'"&E$3&"'!"&"$B9:$AZ11")))} -> 1 | F9: {=_xlfn.XLOOKUP($B9,INDIRECT("'"&F$3&"'!"&"$A3:$A5"),_xlfn.XLOOKUP(F$5,INDIRECT("'"&F$3&"'!"&"$B2:$AZ2"),INDIRECT("'"&F$3&"'!"&"$B3:$AZ5")))} -> 0 | G9: {=_xlfn.XLOOKUP($B9,INDIRECT("'"&G$3&"'!"&"$A9:$A11"),_xlfn.XLOOKUP(G$5,INDIRECT("'"&G$3&"'!"&"$B2:$AZ2"),INDIRECT("'"&G$3&"'!"&"$B9:$AZ11")))} -> 4 | H9: =G9-E9 -> 3 | J9: {=_xlfn.XLOOKUP($B9,INDIRECT("'"&J$3&"'!"&"$A3:$A5"),_xlfn.XLOOKUP(J$5,INDIRECT("'"&J$3&"'!"&"$B2:$AZ2"),INDIRECT("'"&J$3&"'!"&"$B3:$AZ5")))} -> 0 | K9: {=_xlfn.XLOOKUP($B9,INDIRECT("'"&K$3&"'!"&"$A9:$A11"),_xlfn.XLOOKUP(K$5,INDIRECT("'"&K$3&"'!"&"$B2:$AZ2"),INDIRECT("'"&K$3&"'!"&"$B9:$AZ11")))} -> 0 | L9: {=_xlfn.XLOOKUP($B9,INDIRECT("'"&L$3&"'!"&"$A3:$A5"),_xlfn.XLOOKUP(L$5,INDIRECT("'"&L$3&"'!"&"$B2:$AZ2"),INDIRECT("'"&L$3&"'!"&"$B3:$AZ5")))} -> 4 | M9: {=_xlfn.XLOOKUP($B9,INDIRECT("'"&M$3&"'!"&"$A9:$A11"),_xlfn.XLOOKUP(M$5,INDIRECT("'"&M$3&"'!"&"$B2:$AZ2"),INDIRECT("'"&M$3&"'!"&"$B9:$AZ11")))} -> 4 | N9: =M9-K9 -> 4
B10: Grand Total | D10: =SUM(D7:D9) -> 5 | E10: =SUM(E7:E9) -> 34 | F10: =SUM(F7:F9) -> 0 | G10: =SUM(G7:G9) -> 25 | H10: =G10-E10 -> -9 | J10: =SUM(J7:J9) -> 3 | K10: =SUM(K7:K9) -> 22 | L10: =SUM(L7:L9) -> 9 | M10: =SUM(M7:M9) -> 25 | N10: =M10-K10 -> 3
B11: *Var denotes the Variance in YTD Columns

Sheet HAZ REPORT_12-month Graphs 

Sheet IT FEED
B1: Incident Types | C1: FY24 | T1: FY25
B2: Incident Types | C2: ="JUL, "&C1 -> JUL, FY24 | D2: ="AUG, "&C1 -> AUG, FY24 | E2: ="SEP, "&C1 -> SEP, FY24 | F2: ="Q1, "&C1 -> Q1, FY24 | G2: ="OCT, "&C1 -> OCT, FY24 | H2: ="NOV, "&C1 -> NOV, FY24 | I2: ="DEC, "&C1 -> DEC, FY24 | J2: ="Q2, "&C1 -> Q2, FY24 | K2: ="JAN, "&C1 -> JAN, FY24 | L2: ="FEB, "&C1 -> FEB, FY24 | M2: ="MAR, "&C1 -> MAR, FY24 | N2: ="Q3, "&C1 -> Q3, FY24 | O2: ="APR, "&C1 -> APR, FY24 | P2: ="MAY, "&C1 -> MAY, FY24 | Q2: ="JUN, "&C1 -> JUN, FY24 | R2: ="Q4, "&C1 -> Q4, FY24 | S2: ="Full Year, "&C1 -> Full Year, FY24 | T2: ="JUL, "&T1 -> JUL, FY25 | U2: ="AUG, "&T1 -> AUG, FY25 | V2: ="SEP, "&T1 -> SEP, FY25 | W2: ="Q1, "&T1 -> Q1, FY25 | X2: ="OCT, "&T1 -> OCT, FY25 | Y2: ="NOV, "&T1 -> NOV, FY25 | Z2: ="DEC, "&T1 -> DEC, FY25 | AA2: ="Q2, "&T1 -> Q2, FY25 | AB2: ="JAN, "&T1 -> JAN, FY25 | AC2: ="FEB, "&T1 -> FEB, FY25 | AD2: ="MAR, "&T1 -> MAR, FY25 | AE2: ="Q3, "&T1 -> Q3, FY25 | AF2: ="APR, "&T1 -> APR, FY25 | AG2: ="MAY, "&T1 -> MAY, FY25 | AH2: ="JUN, "&T1 -> JUN, FY25 | AI2: ="Q4, "&T1 -> Q4, FY25 | AJ2: ="Full Year, "&T1 -> Full Year, FY25
A3: All Incident Types | B3: Team Member Injury | C3: =COUNTIFS('Incident Data Dump'!$H:$H,'IT FEED'!$B3,'Incident Data Dump'!$Q:$Q,'IT FEED'!C$2) -> 1 | D3: =COUNTIFS('Incident Data Dump'!$H:$H,'IT FEED'!$B3,'Incident Data Dump'!$Q:$Q,'IT FEED'!D$2) -> 4 | E3: =COUNTIFS('Incident Data Dump'!$H:$H,'IT FEED'!$B3,'Incident Data Dump'!$Q:$Q,'IT FEED'!E$2) -> 3 | F3: =SUBTOTAL(9,C3:E3) -> 8 | G3: =COUNTIFS('Incident Data Dump'!$H:$H,'IT FEED'!$B3,'Incident Data Dump'!$Q:$Q,'IT FEED'!G$2) -> 0 | H3: =COUNTIFS('Incident Data Dump'!$H:$H,'IT FEED'!$B3,'Incident Data Dump'!$Q:$Q,'IT FEED'!H$2) -> 5 | I3: =COUNTIFS('Incident Data Dump'!$H:$H,'IT FEED'!$B3,'Incident Data Dump'!$Q:$Q,'IT FEED'!I$2) -> 3 | J3: =SUBTOTAL(9,G3:I3) -> 8 | K3: =COUNTIFS('Incident Data Dump'!$H:$H,'IT FEED'!$B3,'Incident Data Dump'!$Q:$Q,'IT FEED'!K$2) -> 1 | L3: =COUNTIFS('Incident Data Dump'!$H:$H,'IT FEED'!$B3,'Incident Data Dump'!$Q:$Q,'IT FEED'!L$2) -> 1 | M3: =COUNTIFS('Incident Data Dump'!$H:$H,'IT FEED'!$B3,'Incident Data Dump'!$Q:$Q,'IT FEED'!M$2) -> 3 | N3: =SUBTOTAL(9,K3:M3) -> 5 | O3: =COUNTIFS('Incident Data Dump'!$H:$H,'IT FEED'!$B3,'Incident Data Dump'!$Q:$Q,'IT FEED'!O$2) -> 0 | P3: =COUNTIFS('Incident Data Dump'!$H:$H,'IT FEED'!$B3,'Incident Data Dump'!$Q:$Q,'IT FEED'!P$2) -> 4 | Q3: =COUNTIFS('Incident Data Dump'!$H:$H,'IT FEED'!$B3,'Incident Data Dump'!$Q:$Q,'IT FEED'!Q$2) -> 2 | R3: =SUBTOTAL(9,O3:Q3) -> 6 | S3: =SUBTOTAL(9,C3:R3) -> 27 | T3: =COUNTIFS('Incident Data Dump'!$H:$H,'IT FEED'!$B3,'Incident Data Dump'!$Q:$Q,'IT FEED'!T$2) -> 1 | U3: =COUNTIFS('Incident Data Dump'!$H:$H,'IT FEED'!$B3,'Incident Data Dump'!$Q:$Q,'IT FEED'!U$2) -> 2 | V3: =COUNTIFS('Incident Data Dump'!$H:$H,'IT FEED'!$B3,'Incident Data Dump'!$Q:$Q,'IT FEED'!V$2) -> 1 | W3: =SUBTOTAL(9,T3:V3) -> 4 | X3: =COUNTIFS('Incident Data Dump'!$H:$H,'IT FEED'!$B3,'Incident Data Dump'!$Q:$Q,'IT FEED'!X$2) -> 0 | Y3: =COUNTIFS('Incident Data Dump'!$H:$H,'IT FEED'!$B3,'Incident Data Dump'!$Q:$Q,'IT FEED'!Y$2) -> 0 | Z3: =COUNTIFS('Incident Data Dump'!$H:$H,'IT FEED'!$B3,'Incident Data Dump'!$Q:$Q,'IT FEED'!Z$2) -> 1 | AA3: =SUBTOTAL(9,X3:Z3) -> 1 | AB3: =COUNTIFS('Incident Data Dump'!$H:$H,'IT FEED'!$B3,'Incident Data Dump'!$Q:$Q,'IT FEED'!AB$2) -> 1 | AC3: =COUNTIFS('Incident Data Dump'!$H:$H,'IT FEED'!$B3,'Incident Data Dump'!$Q:$Q,'IT FEED'!AC$2) -> 0 | AD3: =COUNTIFS('Incident Data Dump'!$H:$H,'IT FEED'!$B3,'Incident Data Dump'!$Q:$Q,'IT FEED'!AD$2) -> 0 | AE3: =SUBTOTAL(9,AB3:AD3) -> 1 | AF3: =COUNTIFS('Incident Data Dump'!$H:$H,'IT FEED'!$B3,'Incident Data Dump'!$Q:$Q,'IT FEED'!AF$2) -> 2 | AG3: =COUNTIFS('Incident Data Dump'!$H:$H,'IT FEED'!$B3,'Incident Data Dump'!$Q:$Q,'IT FEED'!AG$2) -> 2 | AH3: =COUNTIFS('Incident Data Dump'!$H:$H,'IT FEED'!$B3,'Incident Data Dump'!$Q:$Q,'IT FEED'!AH$2) -> 0 | AI3: =SUBTOTAL(9,AF3:AH3) -> 4 | AJ3: =SUBTOTAL(9,T3:AI3) -> 10
B4: Safety Near Miss | C4: =COUNTIFS('Incident Data Dump'!$H:$H,'IT FEED'!$B4,'Incident Data Dump'!$Q:$Q,'IT FEED'!C$2) -> 4 | D4: =COUNTIFS('Incident Data Dump'!$H:$H,'IT FEED'!$B4,'Incident Data Dump'!$Q:$Q,'IT FEED'!D$2) -> 6 | E4: =COUNTIFS('Incident Data Dump'!$H:$H,'IT FEED'!$B4,'Incident Data Dump'!$Q:$Q,'IT FEED'!E$2) -> 7 | F4: =SUBTOTAL(9,C4:E4) -> 17 | G4: =COUNTIFS('Incident Data Dump'!$H:$H,'IT FEED'!$B4,'Incident Data Dump'!$Q:$Q,'IT FEED'!G$2) -> 9 | H4: =COUNTIFS('Incident Data Dump'!$H:$H,'IT FEED'!$B4,'Incident Data Dump'!$Q:$Q,'IT FEED'!H$2) -> 5 | I4: =COUNTIFS('Incident Data Dump'!$H:$H,'IT FEED'!$B4,'Incident Data Dump'!$Q:$Q,'IT FEED'!I$2) -> 3 | J4: =SUBTOTAL(9,G4:I4) -> 17 | K4: =COUNTIFS('Incident Data Dump'!$H:$H,'IT FEED'!$B4,'Incident Data Dump'!$Q:$Q,'IT FEED'!K$2) -> 2 | L4: =COUNTIFS('Incident Data Dump'!$H:$H,'IT FEED'!$B4,'Incident Data Dump'!$Q:$Q,'IT FEED'!L$2) -> 1 | M4: =COUNTIFS('Incident Data Dump'!$H:$H,'IT FEED'!$B4,'Incident Data Dump'!$Q:$Q,'IT FEED'!M$2) -> 0 | N4: =SUBTOTAL(9,K4:M4) -> 3 | O4: =COUNTIFS('Incident Data Dump'!$H:$H,'IT FEED'!$B4,'Incident Data Dump'!$Q:$Q,'IT FEED'!O$2) -> 2 | P4: =COUNTIFS('Incident Data Dump'!$H:$H,'IT FEED'!$B4,'Incident Data Dump'!$Q:$Q,'IT FEED'!P$2) -> 0 | Q4: =COUNTIFS('Incident Data Dump'!$H:$H,'IT FEED'!$B4,'Incident Data Dump'!$Q:$Q,'IT FEED'!Q$2) -> 2 | R4: =SUBTOTAL(9,O4:Q4) -> 4 | S4: =SUBTOTAL(9,C4:R4) -> 41 | T4: =COUNTIFS('Incident Data Dump'!$H:$H,'IT FEED'!$B4,'Incident Data Dump'!$Q:$Q,'IT FEED'!T$2) -> 1 | U4: =COUNTIFS('Incident Data Dump'!$H:$H,'IT FEED'!$B4,'Incident Data Dump'!$Q:$Q,'IT FEED'!U$2) -> 7 | V4: =COUNTIFS('Incident Data Dump'!$H:$H,'IT FEED'!$B4,'Incident Data Dump'!$Q:$Q,'IT FEED'!V$2) -> 0 | W4: =SUBTOTAL(9,T4:V4) -> 8 | X4: =COUNTIFS('Incident Data Dump'!$H:$H,'IT FEED'!$B4,'Incident Data Dump'!$Q:$Q,'IT FEED'!X$2) -> 1 | Y4: =COUNTIFS('Incident Data Dump'!$H:$H,'IT FEED'!$B4,'Incident Data Dump'!$Q:$Q,'IT FEED'!Y$2) -> 6 | Z4: =COUNTIFS('Incident Data Dump'!$H:$H,'IT FEED'!$B4,'Incident Data Dump'!$Q:$Q,'IT FEED'!Z$2) -> 0 | AA4: =SUBTOTAL(9,X4:Z4) -> 7 | AB4: =COUNTIFS('Incident Data Dump'!$H:$H,'IT FEED'!$B4,'Incident Data Dump'!$Q:$Q,'IT FEED'!AB$2) -> 4 | AC4: =COUNTIFS('Incident Data Dump'!$H:$H,'IT FEED'!$B4,'Incident Data Dump'!$Q:$Q,'IT FEED'!AC$2) -> 4 | AD4: =COUNTIFS('Incident Data Dump'!$H:$H,'IT FEED'!$B4,'Incident Data Dump'!$Q:$Q,'IT FEED'!AD$2) -> 1 | AE4: =SUBTOTAL(9,AB4:AD4) -> 9 | AF4: =COUNTIFS('Incident Data Dump'!$H:$H,'IT FEED'!$B4,'Incident Data Dump'!$Q:$Q,'IT FEED'!AF$2) -> 5 | AG4: =COUNTIFS('Incident Data Dump'!$H:$H,'IT FEED'!$B4,'Incident Data Dump'!$Q:$Q,'IT FEED'!AG$2) -> 2 | AH4: =COUNTIFS('Incident Data Dump'!$H:$H,'IT FEED'!$B4,'Incident Data Dump'!$Q:$Q,'IT FEED'!AH$2) -> 0 | AI4: =SUBTOTAL(9,AF4:AH4) -> 7 | AJ4: =SUBTOTAL(9,T4:AI4) -> 31
B5: Customer / Contractor | C5: =COUNTIFS('Incident Data Dump'!$H:$H,'IT FEED'!$B5,'Incident Data Dump'!$Q:$Q,'IT FEED'!C$2) -> 2 | D5: =COUNTIFS('Incident Data Dump'!$H:$H,'IT FEED'!$B5,'Incident Data Dump'!$Q:$Q,'IT FEED'!D$2) -> 2 | E5: =COUNTIFS('Incident Data Dump'!$H:$H,'IT FEED'!$B5,'Incident Data Dump'!$Q:$Q,'IT FEED'!E$2) -> 3 | F5: =SUBTOTAL(9,C5:E5) -> 7 | G5: =COUNTIFS('Incident Data Dump'!$H:$H,'IT FEED'!$B5,'Incident Data Dump'!$Q:$Q,'IT FEED'!G$2) -> 0 | H5: =COUNTIFS('Incident Data Dump'!$H:$H,'IT FEED'!$B5,'Incident Data Dump'!$Q:$Q,'IT FEED'!H$2) -> 4 | I5: =COUNTIFS('Incident Data Dump'!$H:$H,'IT FEED'!$B5,'Incident Data Dump'!$Q:$Q,'IT FEED'!I$2) -> 2 | J5: =SUBTOTAL(9,G5:I5) -> 6 | K5: =COUNTIFS('Incident Data Dump'!$H:$H,'IT FEED'!$B5,'Incident Data Dump'!$Q:$Q,'IT FEED'!K$2) -> 3 | L5: =COUNTIFS('Incident Data Dump'!$H:$H,'IT FEED'!$B5,'Incident Data Dump'!$Q:$Q,'IT FEED'!L$2) -> 6 | M5: =COUNTIFS('Incident Data Dump'!$H:$H,'IT FEED'!$B5,'Incident Data Dump'!$Q:$Q,'IT FEED'!M$2) -> 1 | N5: =SUBTOTAL(9,K5:M5) -> 10 | O5: =COUNTIFS('Incident Data Dump'!$H:$H,'IT FEED'!$B5,'Incident Data Dump'!$Q:$Q,'IT FEED'!O$2) -> 1 | P5: =COUNTIFS('Incident Data Dump'!$H:$H,'IT FEED'!$B5,'Incident Data Dump'!$Q:$Q,'IT FEED'!P$2) -> 7 | Q5: =COUNTIFS('Incident Data Dump'!$H:$H,'IT FEED'!$B5,'Incident Data Dump'!$Q:$Q,'IT FEED'!Q$2) -> 4 | R5: =SUBTOTAL(9,O5:Q5) -> 12 | S5: =SUBTOTAL(9,C5:R5) -> 35 | T5: =COUNTIFS('Incident Data Dump'!$H:$H,'IT FEED'!$B5,'Incident Data Dump'!$Q:$Q,'IT FEED'!T$2) -> 3 | U5: =COUNTIFS('Incident Data Dump'!$H:$H,'IT FEED'!$B5,'Incident Data Dump'!$Q:$Q,'IT FEED'!U$2) -> 7 | V5: =COUNTIFS('Incident Data Dump'!$H:$H,'IT FEED'!$B5,'Incident Data Dump'!$Q:$Q,'IT FEED'!V$2) -> 1 | W5: =SUBTOTAL(9,T5:V5) -> 11 | X5: =COUNTIFS('Incident Data Dump'!$H:$H,'IT FEED'!$B5,'Incident Data Dump'!$Q:$Q,'IT FEED'!X$2) -> 5 | Y5: =COUNTIFS('Incident Data Dump'!$H:$H,'IT FEED'!$B5,'Incident Data Dump'!$Q:$Q,'IT FEED'!Y$2) -> 8 | Z5: =COUNTIFS('Incident Data Dump'!$H:$H,'IT FEED'!$B5,'Incident Data Dump'!$Q:$Q,'IT FEED'!Z$2) -> 9 | AA5: =SUBTOTAL(9,X5:Z5) -> 22 | AB5: =COUNTIFS('Incident Data Dump'!$H:$H,'IT FEED'!$B5,'Incident Data Dump'!$Q:$Q,'IT FEED'!AB$2) -> 4 | AC5: =COUNTIFS('Incident Data Dump'!$H:$H,'IT FEED'!$B5,'Incident Data Dump'!$Q:$Q,'IT FEED'!AC$2) -> 4 | AD5: =COUNTIFS('Incident Data Dump'!$H:$H,'IT FEED'!$B5,'Incident Data Dump'!$Q:$Q,'IT FEED'!AD$2) -> 8 | AE5: =SUBTOTAL(9,AB5:AD5) -> 16 | AF5: =COUNTIFS('Incident Data Dump'!$H:$H,'IT FEED'!$B5,'Incident Data Dump'!$Q:$Q,'IT FEED'!AF$2) -> 0 | AG5: =COUNTIFS('Incident Data Dump'!$H:$H,'IT FEED'!$B5,'Incident Data Dump'!$Q:$Q,'IT FEED'!AG$2) -> 3 | AH5: =COUNTIFS('Incident Data Dump'!$H:$H,'IT FEED'!$B5,'Incident Data Dump'!$Q:$Q,'IT FEED'!AH$2) -> 0 | AI5: =SUBTOTAL(9,AF5:AH5) -> 3 | AJ5: =SUBTOTAL(9,T5:AI5) -> 52
A6: Spotlight DC | B6: Team Member Injury | C6: =COUNTIFS('Incident Data Dump'!$P:$P,'IT FEED'!$A$6,'Incident Data Dump'!$H:$H,'IT FEED'!$B6,'Incident Data Dump'!$Q:$Q,'IT FEED'!C$2) -> 1 | D6: =COUNTIFS('Incident Data Dump'!$P:$P,'IT FEED'!$A$6,'Incident Data Dump'!$H:$H,'IT FEED'!$B6,'Incident Data Dump'!$Q:$Q,'IT FEED'!D$2) -> 0 | E6: =COUNTIFS('Incident Data Dump'!$P:$P,'IT FEED'!$A$6,'Incident Data Dump'!$H:$H,'IT FEED'!$B6,'Incident Data Dump'!$Q:$Q,'IT FEED'!E$2) -> 0 | F6: =SUBTOTAL(9,C6:E6) -> 1 | G6: =COUNTIFS('Incident Data Dump'!$P:$P,'IT FEED'!$A$6,'Incident Data Dump'!$H:$H,'IT FEED'!$B6,'Incident Data Dump'!$Q:$Q,'IT FEED'!G$2) -> 0 | H6: =COUNTIFS('Incident Data Dump'!$P:$P,'IT FEED'!$A$6,'Incident Data Dump'!$H:$H,'IT FEED'!$B6,'Incident Data Dump'!$Q:$Q,'IT FEED'!H$2) -> 3 | I6: =COUNTIFS('Incident Data Dump'!$P:$P,'IT FEED'!$A$6,'Incident Data Dump'!$H:$H,'IT FEED'!$B6,'Incident Data Dump'!$Q:$Q,'IT FEED'!I$2) -> 1 | J6: =SUBTOTAL(9,G6:I6) -> 4 | K6: =COUNTIFS('Incident Data Dump'!$P:$P,'IT FEED'!$A$6,'Incident Data Dump'!$H:$H,'IT FEED'!$B6,'Incident Data Dump'!$Q:$Q,'IT FEED'!K$2) -> 1 | L6: =COUNTIFS('Incident Data Dump'!$P:$P,'IT FEED'!$A$6,'Incident Data Dump'!$H:$H,'IT FEED'!$B6,'Incident Data Dump'!$Q:$Q,'IT FEED'!L$2) -> 1 | M6: =COUNTIFS('Incident Data Dump'!$P:$P,'IT FEED'!$A$6,'Incident Data Dump'!$H:$H,'IT FEED'!$B6,'Incident Data Dump'!$Q:$Q,'IT FEED'!M$2) -> 3 | N6: =SUBTOTAL(9,K6:M6) -> 5 | O6: =COUNTIFS('Incident Data Dump'!$P:$P,'IT FEED'!$A$6,'Incident Data Dump'!$H:$H,'IT FEED'!$B6,'Incident Data Dump'!$Q:$Q,'IT FEED'!O$2) -> 0 | P6: =COUNTIFS('Incident Data Dump'!$P:$P,'IT FEED'!$A$6,'Incident Data Dump'!$H:$H,'IT FEED'!$B6,'Incident Data Dump'!$Q:$Q,'IT FEED'!P$2) -> 1 | Q6: =COUNTIFS('Incident Data Dump'!$P:$P,'IT FEED'!$A$6,'Incident Data Dump'!$H:$H,'IT FEED'!$B6,'Incident Data Dump'!$Q:$Q,'IT FEED'!Q$2) -> 0 | R6: =SUBTOTAL(9,O6:Q6) -> 1 | S6: =SUBTOTAL(9,C6:R6) -> 11 | T6: =COUNTIFS('Incident Data Dump'!$P:$P,'IT FEED'!$A$6,'Incident Data Dump'!$H:$H,'IT FEED'!$B6,'Incident Data Dump'!$Q:$Q,'IT FEED'!T$2) -> 1 | U6: =COUNTIFS('Incident Data Dump'!$P:$P,'IT FEED'!$A$6,'Incident Data Dump'!$H:$H,'IT FEED'!$B6,'Incident Data Dump'!$Q:$Q,'IT FEED'!U$2) -> 1 | V6: =COUNTIFS('Incident Data Dump'!$P:$P,'IT FEED'!$A$6,'Incident Data Dump'!$H:$H,'IT FEED'!$B6,'Incident Data Dump'!$Q:$Q,'IT FEED'!V$2) -> 1 | W6: =SUBTOTAL(9,T6:V6) -> 3 | X6: =COUNTIFS('Incident Data Dump'!$P:$P,'IT FEED'!$A$6,'Incident Data Dump'!$H:$H,'IT FEED'!$B6,'Incident Data Dump'!$Q:$Q,'IT FEED'!X$2) -> 0 | Y6: =COUNTIFS('Incident Data Dump'!$P:$P,'IT FEED'!$A$6,'Incident Data Dump'!$H:$H,'IT FEED'!$B6,'Incident Data Dump'!$Q:$Q,'IT FEED'!Y$2) -> 0 | Z6: =COUNTIFS('Incident Data Dump'!$P:$P,'IT FEED'!$A$6,'Incident Data Dump'!$H:$H,'IT FEED'!$B6,'Incident Data Dump'!$Q:$Q,'IT FEED'!Z$2) -> 1 | AA6: =SUBTOTAL(9,X6:Z6) -> 1 | AB6: =COUNTIFS('Incident Data Dump'!$P:$P,'IT FEED'!$A$6,'Incident Data Dump'!$H:$H,'IT FEED'!$B6,'Incident Data Dump'!$Q:$Q,'IT FEED'!AB$2) -> 1 | AC6: =COUNTIFS('Incident Data Dump'!$P:$P,'IT FEED'!$A$6,'Incident Data Dump'!$H:$H,'IT FEED'!$B6,'Incident Data Dump'!$Q:$Q,'IT FEED'!AC$2) -> 0 | AD6: =COUNTIFS('Incident Data Dump'!$P:$P,'IT FEED'!$A$6,'Incident Data Dump'!$H:$H,'IT FEED'!$B6,'Incident Data Dump'!$Q:$Q,'IT FEED'!AD$2) -> 0 | AE6: =SUBTOTAL(9,AB6:AD6) -> 1 | AF6: =COUNTIFS('Incident Data Dump'!$P:$P,'IT FEED'!$A$6,'Incident Data Dump'!$H:$H,'IT FEED'!$B6,'Incident Data Dump'!$Q:$Q,'IT FEED'!AF$2) -> 1 | AG6: =COUNTIFS('Incident Data Dump'!$P:$P,'IT FEED'!$A$6,'Incident Data Dump'!$H:$H,'IT FEED'!$B6,'Incident Data Dump'!$Q:$Q,'IT FEED'!AG$2) -> 1 | AH6: =COUNTIFS('Incident Data Dump'!$P:$P,'IT FEED'!$A$6,'Incident Data Dump'!$H:$H,'IT FEED'!$B6,'Incident Data Dump'!$Q:$Q,'IT FEED'!AH$2) -> 0 | AI6: =SUBTOTAL(9,AF6:AH6) -> 2 | AJ6: =SUBTOTAL(9,T6:AI6) -> 7
B7: Safety Near Miss | C7: =COUNTIFS('Incident Data Dump'!$P:$P,'IT FEED'!$A$6,'Incident Data Dump'!$H:$H,'IT FEED'!$B7,'Incident Data Dump'!$Q:$Q,'IT FEED'!C$2) -> 0 | D7: =COUNTIFS('Incident Data Dump'!$P:$P,'IT FEED'!$A$6,'Incident Data Dump'!$H:$H,'IT FEED'!$B7,'Incident Data Dump'!$Q:$Q,'IT FEED'!D$2) -> 1 | E7: =COUNTIFS('Incident Data Dump'!$P:$P,'IT FEED'!$A$6,'Incident Data Dump'!$H:$H,'IT FEED'!$B7,'Incident Data Dump'!$Q:$Q,'IT FEED'!E$2) -> 3 | F7: =SUBTOTAL(9,C7:E7) -> 4 | G7: =COUNTIFS('Incident Data Dump'!$P:$P,'IT FEED'!$A$6,'Incident Data Dump'!$H:$H,'IT FEED'!$B7,'Incident Data Dump'!$Q:$Q,'IT FEED'!G$2) -> 1 | H7: =COUNTIFS('Incident Data Dump'!$P:$P,'IT FEED'!$A$6,'Incident Data Dump'!$H:$H,'IT FEED'!$B7,'Incident Data Dump'!$Q:$Q,'IT FEED'!H$2) -> 2 | I7: =COUNTIFS('Incident Data Dump'!$P:$P,'IT FEED'!$A$6,'Incident Data Dump'!$H:$H,'IT FEED'!$B7,'Incident Data Dump'!$Q:$Q,'IT FEED'!I$2) -> 0 | J7: =SUBTOTAL(9,G7:I7) -> 3 | K7: =COUNTIFS('Incident Data Dump'!$P:$P,'IT FEED'!$A$6,'Incident Data Dump'!$H:$H,'IT FEED'!$B7,'Incident Data Dump'!$Q:$Q,'IT FEED'!K$2) -> 2 | L7: =COUNTIFS('Incident Data Dump'!$P:$P,'IT FEED'!$A$6,'Incident Data Dump'!$H:$H,'IT FEED'!$B7,'Incident Data Dump'!$Q:$Q,'IT FEED'!L$2) -> 1 | M7: =COUNTIFS('Incident Data Dump'!$P:$P,'IT FEED'!$A$6,'Incident Data Dump'!$H:$H,'IT FEED'!$B7,'Incident Data Dump'!$Q:$Q,'IT FEED'!M$2) -> 0 | N7: =SUBTOTAL(9,K7:M7) -> 3 | O7: =COUNTIFS('Incident Data Dump'!$P:$P,'IT FEED'!$A$6,'Incident Data Dump'!$H:$H,'IT FEED'!$B7,'Incident Data Dump'!$Q:$Q,'IT FEED'!O$2) -> 2 | P7: =COUNTIFS('Incident Data Dump'!$P:$P,'IT FEED'!$A$6,'Incident Data Dump'!$H:$H,'IT FEED'!$B7,'Incident Data Dump'!$Q:$Q,'IT FEED'!P$2) -> 0 | Q7: =COUNTIFS('Incident Data Dump'!$P:$P,'IT FEED'!$A$6,'Incident Data Dump'!$H:$H,'IT FEED'!$B7,'Incident Data Dump'!$Q:$Q,'IT FEED'!Q$2) -> 2 | R7: =SUBTOTAL(9,O7:Q7) -> 4 | S7: =SUBTOTAL(9,C7:R7) -> 14 | T7: =COUNTIFS('Incident Data Dump'!$P:$P,'IT FEED'!$A$6,'Incident Data Dump'!$H:$H,'IT FEED'!$B7,'Incident Data Dump'!$Q:$Q,'IT FEED'!T$2) -> 0 | U7: =COUNTIFS('Incident Data Dump'!$P:$P,'IT FEED'!$A$6,'Incident Data Dump'!$H:$H,'IT FEED'!$B7,'Incident Data Dump'!$Q:$Q,'IT FEED'!U$2) -> 5 | V7: =COUNTIFS('Incident Data Dump'!$P:$P,'IT FEED'!$A$6,'Incident Data Dump'!$H:$H,'IT FEED'!$B7,'Incident Data Dump'!$Q:$Q,'IT FEED'!V$2) -> 0 | W7: =SUBTOTAL(9,T7:V7) -> 5 | X7: =COUNTIFS('Incident Data Dump'!$P:$P,'IT FEED'!$A$6,'Incident Data Dump'!$H:$H,'IT FEED'!$B7,'Incident Data Dump'!$Q:$Q,'IT FEED'!X$2) -> 1 | Y7: =COUNTIFS('Incident Data Dump'!$P:$P,'IT FEED'!$A$6,'Incident Data Dump'!$H:$H,'IT FEED'!$B7,'Incident Data Dump'!$Q:$Q,'IT FEED'!Y$2) -> 3 | Z7: =COUNTIFS('Incident Data Dump'!$P:$P,'IT FEED'!$A$6,'Incident Data Dump'!$H:$H,'IT FEED'!$B7,'Incident Data Dump'!$Q:$Q,'IT FEED'!Z$2) -> 0 | AA7: =SUBTOTAL(9,X7:Z7) -> 4 | AB7: =COUNTIFS('Incident Data Dump'!$P:$P,'IT FEED'!$A$6,'Incident Data Dump'!$H:$H,'IT FEED'!$B7,'Incident Data Dump'!$Q:$Q,'IT FEED'!AB$2) -> 3 | AC7: =COUNTIFS('Incident Data Dump'!$P:$P,'IT FEED'!$A$6,'Incident Data Dump'!$H:$H,'IT FEED'!$B7,'Incident Data Dump'!$Q:$Q,'IT FEED'!AC$2) -> 3 | AD7: =COUNTIFS('Incident Data Dump'!$P:$P,'IT FEED'!$A$6,'Incident Data Dump'!$H:$H,'IT FEED'!$B7,'Incident Data Dump'!$Q:$Q,'IT FEED'!AD$2) -> 1 | AE7: =SUBTOTAL(9,AB7:AD7) -> 7 | AF7: =COUNTIFS('Incident Data Dump'!$P:$P,'IT FEED'!$A$6,'Incident Data Dump'!$H:$H,'IT FEED'!$B7,'Incident Data Dump'!$Q:$Q,'IT FEED'!AF$2) -> 4 | AG7: =COUNTIFS('Incident Data Dump'!$P:$P,'IT FEED'!$A$6,'Incident Data Dump'!$H:$H,'IT FEED'!$B7,'Incident Data Dump'!$Q:$Q,'IT FEED'!AG$2) -> 2 | AH7: =COUNTIFS('Incident Data Dump'!$P:$P,'IT FEED'!$A$6,'Incident Data Dump'!$H:$H,'IT FEED'!$B7,'Incident Data Dump'!$Q:$Q,'IT FEED'!AH$2) -> 0 | AI7: =SUBTOTAL(9,AF7:AH7) -> 6 | AJ7: =SUBTOTAL(9,T7:AI7) -> 22
B8: Customer / Contractor | C8: =COUNTIFS('Incident Data Dump'!$P:$P,'IT FEED'!$A$6,'Incident Data Dump'!$H:$H,'IT FEED'!$B8,'Incident Data Dump'!$Q:$Q,'IT FEED'!C$2) -> 0 | D8: =COUNTIFS('Incident Data Dump'!$P:$P,'IT FEED'!$A$6,'Incident Data Dump'!$H:$H,'IT FEED'!$B8,'Incident Data Dump'!$Q:$Q,'IT FEED'!D$2) -> 0 | E8: =COUNTIFS('Incident Data Dump'!$P:$P,'IT FEED'!$A$6,'Incident Data Dump'!$H:$H,'IT FEED'!$B8,'Incident Data Dump'!$Q:$Q,'IT FEED'!E$2) -> 0 | F8: =SUBTOTAL(9,C8:E8) -> 0 | G8: =COUNTIFS('Incident Data Dump'!$P:$P,'IT FEED'!$A$6,'Incident Data Dump'!$H:$H,'IT FEED'!$B8,'Incident Data Dump'!$Q:$Q,'IT FEED'!G$2) -> 0 | H8: =COUNTIFS('Incident Data Dump'!$P:$P,'IT FEED'!$A$6,'Incident Data Dump'!$H:$H,'IT FEED'!$B8,'Incident Data Dump'!$Q:$Q,'IT FEED'!H$2) -> 0 | I8: =COUNTIFS('Incident Data Dump'!$P:$P,'IT FEED'!$A$6,'Incident Data Dump'!$H:$H,'IT FEED'!$B8,'Incident Data Dump'!$Q:$Q,'IT FEED'!I$2) -> 0 | J8: =SUBTOTAL(9,G8:I8) -> 0 | K8: =COUNTIFS('Incident Data Dump'!$P:$P,'IT FEED'!$A$6,'Incident Data Dump'!$H:$H,'IT FEED'!$B8,'Incident Data Dump'!$Q:$Q,'IT FEED'!K$2) -> 2 | L8: =COUNTIFS('Incident Data Dump'!$P:$P,'IT FEED'!$A$6,'Incident Data Dump'!$H:$H,'IT FEED'!$B8,'Incident Data Dump'!$Q:$Q,'IT FEED'!L$2) -> 6 | M8: =COUNTIFS('Incident Data Dump'!$P:$P,'IT FEED'!$A$6,'Incident Data Dump'!$H:$H,'IT FEED'!$B8,'Incident Data Dump'!$Q:$Q,'IT FEED'!M$2) -> 1 | N8: =SUBTOTAL(9,K8:M8) -> 9 | O8: =COUNTIFS('Incident Data Dump'!$P:$P,'IT FEED'!$A$6,'Incident Data Dump'!$H:$H,'IT FEED'!$B8,'Incident Data Dump'!$Q:$Q,'IT FEED'!O$2) -> 0 | P8: =COUNTIFS('Incident Data Dump'!$P:$P,'IT FEED'!$A$6,'Incident Data Dump'!$H:$H,'IT FEED'!$B8,'Incident Data Dump'!$Q:$Q,'IT FEED'!P$2) -> 5 | Q8: =COUNTIFS('Incident Data Dump'!$P:$P,'IT FEED'!$A$6,'Incident Data Dump'!$H:$H,'IT FEED'!$B8,'Incident Data Dump'!$Q:$Q,'IT FEED'!Q$2) -> 4 | R8: =SUBTOTAL(9,O8:Q8) -> 9 | S8: =SUBTOTAL(9,C8:R8) -> 18 | T8: =COUNTIFS('Incident Data Dump'!$P:$P,'IT FEED'!$A$6,'Incident Data Dump'!$H:$H,'IT FEED'!$B8,'Incident Data Dump'!$Q:$Q,'IT FEED'!T$2) -> 3 | U8: =COUNTIFS('Incident Data Dump'!$P:$P,'IT FEED'!$A$6,'Incident Data Dump'!$H:$H,'IT FEED'!$B8,'Incident Data Dump'!$Q:$Q,'IT FEED'!U$2) -> 6 | V8: =COUNTIFS('Incident Data Dump'!$P:$P,'IT FEED'!$A$6,'Incident Data Dump'!$H:$H,'IT FEED'!$B8,'Incident Data Dump'!$Q:$Q,'IT FEED'!V$2) -> 0 | W8: =SUBTOTAL(9,T8:V8) -> 9 | X8: =COUNTIFS('Incident Data Dump'!$P:$P,'IT FEED'!$A$6,'Incident Data Dump'!$H:$H,'IT FEED'!$B8,'Incident Data Dump'!$Q:$Q,'IT FEED'!X$2) -> 4 | Y8: =COUNTIFS('Incident Data Dump'!$P:$P,'IT FEED'!$A$6,'Incident Data Dump'!$H:$H,'IT FEED'!$B8,'Incident Data Dump'!$Q:$Q,'IT FEED'!Y$2) -> 5 | Z8: =COUNTIFS('Incident Data Dump'!$P:$P,'IT FEED'!$A$6,'Incident Data Dump'!$H:$H,'IT FEED'!$B8,'Incident Data Dump'!$Q:$Q,'IT FEED'!Z$2) -> 6 | AA8: =SUBTOTAL(9,X8:Z8) -> 15 | AB8: =COUNTIFS('Incident Data Dump'!$P:$P,'IT FEED'!$A$6,'Incident Data Dump'!$H:$H,'IT FEED'!$B8,'Incident Data Dump'!$Q:$Q,'IT FEED'!AB$2) -> 3 | AC8: =COUNTIFS('Incident Data Dump'!$P:$P,'IT FEED'!$A$6,'Incident Data Dump'!$H:$H,'IT FEED'!$B8,'Incident Data Dump'!$Q:$Q,'IT FEED'!AC$2) -> 2 | AD8: =COUNTIFS('Incident Data Dump'!$P:$P,'IT FEED'!$A$6,'Incident Data Dump'!$H:$H,'IT FEED'!$B8,'Incident Data Dump'!$Q:$Q,'IT FEED'!AD$2) -> 5 | AE8: =SUBTOTAL(9,AB8:AD8) -> 10 | AF8: =COUNTIFS('Incident Data Dump'!$P:$P,'IT FEED'!$A$6,'Incident Data Dump'!$H:$H,'IT FEED'!$B8,'Incident Data Dump'!$Q:$Q,'IT FEED'!AF$2) -> 0 | AG8: =COUNTIFS('Incident Data Dump'!$P:$P,'IT FEED'!$A$6,'Incident Data Dump'!$H:$H,'IT FEED'!$B8,'Incident Data Dump'!$Q:$Q,'IT FEED'!AG$2) -> 1 | AH8: =COUNTIFS('Incident Data Dump'!$P:$P,'IT FEED'!$A$6,'Incident Data Dump'!$H:$H,'IT FEED'!$B8,'Incident Data Dump'!$Q:$Q,'IT FEED'!AH$2) -> 0 | AI8: =SUBTOTAL(9,AF8:AH8) -> 1 | AJ8: =SUBTOTAL(9,T8:AI8) -> 35
A9: Anaconda DC | B9: Team Member Injury | C9: =COUNTIFS('Incident Data Dump'!$P:$P,'IT FEED'!$A$9,'Incident Data Dump'!$H:$H,'IT FEED'!$B9,'Incident Data Dump'!$Q:$Q,'IT FEED'!C$2) -> 0 | D9: =COUNTIFS('Incident Data Dump'!$P:$P,'IT FEED'!$A$9,'Incident Data Dump'!$H:$H,'IT FEED'!$B9,'Incident Data Dump'!$Q:$Q,'IT FEED'!D$2) -> 4 | E9: =COUNTIFS('Incident Data Dump'!$P:$P,'IT FEED'!$A$9,'Incident Data Dump'!$H:$H,'IT FEED'!$B9,'Incident Data Dump'!$Q:$Q,'IT FEED'!E$2) -> 3 | F9: =SUBTOTAL(9,C9:E9) -> 7 | G9: =COUNTIFS('Incident Data Dump'!$P:$P,'IT FEED'!$A$9,'Incident Data Dump'!$H:$H,'IT FEED'!$B9,'Incident Data Dump'!$Q:$Q,'IT FEED'!G$2) -> 0 | H9: =COUNTIFS('Incident Data Dump'!$P:$P,'IT FEED'!$A$9,'Incident Data Dump'!$H:$H,'IT FEED'!$B9,'Incident Data Dump'!$Q:$Q,'IT FEED'!H$2) -> 2 | I9: =COUNTIFS('Incident Data Dump'!$P:$P,'IT FEED'!$A$9,'Incident Data Dump'!$H:$H,'IT FEED'!$B9,'Incident Data Dump'!$Q:$Q,'IT FEED'!I$2) -> 2 | J9: =SUBTOTAL(9,G9:I9) -> 4 | K9: =COUNTIFS('Incident Data Dump'!$P:$P,'IT FEED'!$A$9,'Incident Data Dump'!$H:$H,'IT FEED'!$B9,'Incident Data Dump'!$Q:$Q,'IT FEED'!K$2) -> 0 | L9: =COUNTIFS('Incident Data Dump'!$P:$P,'IT FEED'!$A$9,'Incident Data Dump'!$H:$H,'IT FEED'!$B9,'Incident Data Dump'!$Q:$Q,'IT FEED'!L$2) -> 0 | M9: =COUNTIFS('Incident Data Dump'!$P:$P,'IT FEED'!$A$9,'Incident Data Dump'!$H:$H,'IT FEED'!$B9,'Incident Data Dump'!$Q:$Q,'IT FEED'!M$2) -> 0 | N9: =SUBTOTAL(9,K9:M9) -> 0 | O9: =COUNTIFS('Incident Data Dump'!$P:$P,'IT FEED'!$A$9,'Incident Data Dump'!$H:$H,'IT FEED'!$B9,'Incident Data Dump'!$Q:$Q,'IT FEED'!O$2) -> 0 | P9: =COUNTIFS('Incident Data Dump'!$P:$P,'IT FEED'!$A$9,'Incident Data Dump'!$H:$H,'IT FEED'!$B9,'Incident Data Dump'!$Q:$Q,'IT FEED'!P$2) -> 1 | Q9: =COUNTIFS('Incident Data Dump'!$P:$P,'IT FEED'!$A$9,'Incident Data Dump'!$H:$H,'IT FEED'!$B9,'Incident Data Dump'!$Q:$Q,'IT FEED'!Q$2) -> 1 | R9: =SUBTOTAL(9,O9:Q9) -> 2 | S9: =SUBTOTAL(9,C9:R9) -> 13 | T9: =COUNTIFS('Incident Data Dump'!$P:$P,'IT FEED'!$A$9,'Incident Data Dump'!$H:$H,'IT FEED'!$B9,'Incident Data Dump'!$Q:$Q,'IT FEED'!T$2) -> 0 | U9: =COUNTIFS('Incident Data Dump'!$P:$P,'IT FEED'!$A$9,'Incident Data Dump'!$H:$H,'IT FEED'!$B9,'Incident Data Dump'!$Q:$Q,'IT FEED'!U$2) -> 0 | V9: =COUNTIFS('Incident Data Dump'!$P:$P,'IT FEED'!$A$9,'Incident Data Dump'!$H:$H,'IT FEED'!$B9,'Incident Data Dump'!$Q:$Q,'IT FEED'!V$2) -> 0 | W9: =SUBTOTAL(9,T9:V9) -> 0 | X9: =COUNTIFS('Incident Data Dump'!$P:$P,'IT FEED'!$A$9,'Incident Data Dump'!$H:$H,'IT FEED'!$B9,'Incident Data Dump'!$Q:$Q,'IT FEED'!X$2) -> 0 | Y9: =COUNTIFS('Incident Data Dump'!$P:$P,'IT FEED'!$A$9,'Incident Data Dump'!$H:$H,'IT FEED'!$B9,'Incident Data Dump'!$Q:$Q,'IT FEED'!Y$2) -> 0 | Z9: =COUNTIFS('Incident Data Dump'!$P:$P,'IT FEED'!$A$9,'Incident Data Dump'!$H:$H,'IT FEED'!$B9,'Incident Data Dump'!$Q:$Q,'IT FEED'!Z$2) -> 0 | AA9: =SUBTOTAL(9,X9:Z9) -> 0 | AB9: =COUNTIFS('Incident Data Dump'!$P:$P,'IT FEED'!$A$9,'Incident Data Dump'!$H:$H,'IT FEED'!$B9,'Incident Data Dump'!$Q:$Q,'IT FEED'!AB$2) -> 0 | AC9: =COUNTIFS('Incident Data Dump'!$P:$P,'IT FEED'!$A$9,'Incident Data Dump'!$H:$H,'IT FEED'!$B9,'Incident Data Dump'!$Q:$Q,'IT FEED'!AC$2) -> 0 | AD9: =COUNTIFS('Incident Data Dump'!$P:$P,'IT FEED'!$A$9,'Incident Data Dump'!$H:$H,'IT FEED'!$B9,'Incident Data Dump'!$Q:$Q,'IT FEED'!AD$2) -> 0 | AE9: =SUBTOTAL(9,AB9:AD9) -> 0 | AF9: =COUNTIFS('Incident Data Dump'!$P:$P,'IT FEED'!$A$9,'Incident Data Dump'!$H:$H,'IT FEED'!$B9,'Incident Data Dump'!$Q:$Q,'IT FEED'!AF$2) -> 0 | AG9: =COUNTIFS('Incident Data Dump'!$P:$P,'IT FEED'!$A$9,'Incident Data Dump'!$H:$H,'IT FEED'!$B9,'Incident Data Dump'!$Q:$Q,'IT FEED'!AG$2) -> 0 | AH9: =COUNTIFS('Incident Data Dump'!$P:$P,'IT FEED'!$A$9,'Incident Data Dump'!$H:$H,'IT FEED'!$B9,'Incident Data Dump'!$Q:$Q,'IT FEED'!AH$2) -> 0 | AI9: =SUBTOTAL(9,AF9:AH9) -> 0 | AJ9: =SUBTOTAL(9,T9:AI9) -> 0
B10: Safety Near Miss | C10: =COUNTIFS('Incident Data Dump'!$P:$P,'IT FEED'!$A$9,'Incident Data Dump'!$H:$H,'IT FEED'!$B10,'Incident Data Dump'!$Q:$Q,'IT FEED'!C$2) -> 4 | D10: =COUNTIFS('Incident Data Dump'!$P:$P,'IT FEED'!$A$9,'Incident Data Dump'!$H:$H,'IT FEED'!$B10,'Incident Data Dump'!$Q:$Q,'IT FEED'!D$2) -> 5 | E10: =COUNTIFS('Incident Data Dump'!$P:$P,'IT FEED'!$A$9,'Incident Data Dump'!$H:$H,'IT FEED'!$B10,'Incident Data Dump'!$Q:$Q,'IT FEED'!E$2) -> 4 | F10: =SUBTOTAL(9,C10:E10) -> 13 | G10: =COUNTIFS('Incident Data Dump'!$P:$P,'IT FEED'!$A$9,'Incident Data Dump'!$H:$H,'IT FEED'!$B10,'Incident Data Dump'!$Q:$Q,'IT FEED'!G$2) -> 8 | H10: =COUNTIFS('Incident Data Dump'!$P:$P,'IT FEED'!$A$9,'Incident Data Dump'!$H:$H,'IT FEED'!$B10,'Incident Data Dump'!$Q:$Q,'IT FEED'!H$2) -> 3 | I10: =COUNTIFS('Incident Data Dump'!$P:$P,'IT FEED'!$A$9,'Incident Data Dump'!$H:$H,'IT FEED'!$B10,'Incident Data Dump'!$Q:$Q,'IT FEED'!I$2) -> 3 | J10: =SUBTOTAL(9,G10:I10) -> 14 | K10: =COUNTIFS('Incident Data Dump'!$P:$P,'IT FEED'!$A$9,'Incident Data Dump'!$H:$H,'IT FEED'!$B10,'Incident Data Dump'!$Q:$Q,'IT FEED'!K$2) -> 0 | L10: =COUNTIFS('Incident Data Dump'!$P:$P,'IT FEED'!$A$9,'Incident Data Dump'!$H:$H,'IT FEED'!$B10,'Incident Data Dump'!$Q:$Q,'IT FEED'!L$2) -> 0 | M10: =COUNTIFS('Incident Data Dump'!$P:$P,'IT FEED'!$A$9,'Incident Data Dump'!$H:$H,'IT FEED'!$B10,'Incident Data Dump'!$Q:$Q,'IT FEED'!M$2) -> 0 | N10: =SUBTOTAL(9,K10:M10) -> 0 | O10: =COUNTIFS('Incident Data Dump'!$P:$P,'IT FEED'!$A$9,'Incident Data Dump'!$H:$H,'IT FEED'!$B10,'Incident Data Dump'!$Q:$Q,'IT FEED'!O$2) -> 0 | P10: =COUNTIFS('Incident Data Dump'!$P:$P,'IT FEED'!$A$9,'Incident Data Dump'!$H:$H,'IT FEED'!$B10,'Incident Data Dump'!$Q:$Q,'IT FEED'!P$2) -> 0 | Q10: =COUNTIFS('Incident Data Dump'!$P:$P,'IT FEED'!$A$9,'Incident Data Dump'!$H:$H,'IT FEED'!$B10,'Incident Data Dump'!$Q:$Q,'IT FEED'!Q$2) -> 0 | R10: =SUBTOTAL(9,O10:Q10) -> 0 | S10: =SUBTOTAL(9,C10:R10) -> 27 | T10: =COUNTIFS('Incident Data Dump'!$P:$P,'IT FEED'!$A$9,'Incident Data Dump'!$H:$H,'IT FEED'!$B10,'Incident Data Dump'!$Q:$Q,'IT FEED'!T$2) -> 1 | U10: =COUNTIFS('Incident Data Dump'!$P:$P,'IT FEED'!$A$9,'Incident Data Dump'!$H:$H,'IT FEED'!$B10,'Incident Data Dump'!$Q:$Q,'IT FEED'!U$2) -> 1 | V10: =COUNTIFS('Incident Data Dump'!$P:$P,'IT FEED'!$A$9,'Incident Data Dump'!$H:$H,'IT FEED'!$B10,'Incident Data Dump'!$Q:$Q,'IT FEED'!V$2) -> 0 | W10: =SUBTOTAL(9,T10:V10) -> 2 | X10: =COUNTIFS('Incident Data Dump'!$P:$P,'IT FEED'!$A$9,'Incident Data Dump'!$H:$H,'IT FEED'!$B10,'Incident Data Dump'!$Q:$Q,'IT FEED'!X$2) -> 0 | Y10: =COUNTIFS('Incident Data Dump'!$P:$P,'IT FEED'!$A$9,'Incident Data Dump'!$H:$H,'IT FEED'!$B10,'Incident Data Dump'!$Q:$Q,'IT FEED'!Y$2) -> 1 | Z10: =COUNTIFS('Incident Data Dump'!$P:$P,'IT FEED'!$A$9,'Incident Data Dump'!$H:$H,'IT FEED'!$B10,'Incident Data Dump'!$Q:$Q,'IT FEED'!Z$2) -> 0 | AA10: =SUBTOTAL(9,X10:Z10) -> 1 | AB10: =COUNTIFS('Incident Data Dump'!$P:$P,'IT FEED'!$A$9,'Incident Data Dump'!$H:$H,'IT FEED'!$B10,'Incident Data Dump'!$Q:$Q,'IT FEED'!AB$2) -> 1 | AC10: =COUNTIFS('Incident Data Dump'!$P:$P,'IT FEED'!$A$9,'Incident Data Dump'!$H:$H,'IT FEED'!$B10,'Incident Data Dump'!$Q:$Q,'IT FEED'!AC$2) -> 0 | AD10: =COUNTIFS('Incident Data Dump'!$P:$P,'IT FEED'!$A$9,'Incident Data Dump'!$H:$H,'IT FEED'!$B10,'Incident Data Dump'!$Q:$Q,'IT FEED'!AD$2) -> 0 | AE10: =SUBTOTAL(9,AB10:AD10) -> 1 | AF10: =COUNTIFS('Incident Data Dump'!$P:$P,'IT FEED'!$A$9,'Incident Data Dump'!$H:$H,'IT FEED'!$B10,'Incident Data Dump'!$Q:$Q,'IT FEED'!AF$2) -> 0 | AG10: =COUNTIFS('Incident Data Dump'!$P:$P,'IT FEED'!$A$9,'Incident Data Dump'!$H:$H,'IT FEED'!$B10,'Incident Data Dump'!$Q:$Q,'IT FEED'!AG$2) -> 0 | AH10: =COUNTIFS('Incident Data Dump'!$P:$P,'IT FEED'!$A$9,'Incident Data Dump'!$H:$H,'IT FEED'!$B10,'Incident Data Dump'!$Q:$Q,'IT FEED'!AH$2) -> 0 | AI10: =SUBTOTAL(9,AF10:AH10) -> 0 | AJ10: =SUBTOTAL(9,T10:AI10) -> 4
B11: Customer / Contractor | C11: =COUNTIFS('Incident Data Dump'!$P:$P,'IT FEED'!$A$9,'Incident Data Dump'!$H:$H,'IT FEED'!$B11,'Incident Data Dump'!$Q:$Q,'IT FEED'!C$2) -> 2 | D11: =COUNTIFS('Incident Data Dump'!$P:$P,'IT FEED'!$A$9,'Incident Data Dump'!$H:$H,'IT FEED'!$B11,'Incident Data Dump'!$Q:$Q,'IT FEED'!D$2) -> 2 | E11: =COUNTIFS('Incident Data Dump'!$P:$P,'IT FEED'!$A$9,'Incident Data Dump'!$H:$H,'IT FEED'!$B11,'Incident Data Dump'!$Q:$Q,'IT FEED'!E$2) -> 3 | F11: =SUBTOTAL(9,C11:E11) -> 7 | G11: =COUNTIFS('Incident Data Dump'!$P:$P,'IT FEED'!$A$9,'Incident Data Dump'!$H:$H,'IT FEED'!$B11,'Incident Data Dump'!$Q:$Q,'IT FEED'!G$2) -> 0 | H11: =COUNTIFS('Incident Data Dump'!$P:$P,'IT FEED'!$A$9,'Incident Data Dump'!$H:$H,'IT FEED'!$B11,'Incident Data Dump'!$Q:$Q,'IT FEED'!H$2) -> 4 | I11: =COUNTIFS('Incident Data Dump'!$P:$P,'IT FEED'!$A$9,'Incident Data Dump'!$H:$H,'IT FEED'!$B11,'Incident Data Dump'!$Q:$Q,'IT FEED'!I$2) -> 2 | J11: =SUBTOTAL(9,G11:I11) -> 6 | K11: =COUNTIFS('Incident Data Dump'!$P:$P,'IT FEED'!$A$9,'Incident Data Dump'!$H:$H,'IT FEED'!$B11,'Incident Data Dump'!$Q:$Q,'IT FEED'!K$2) -> 1 | L11: =COUNTIFS('Incident Data Dump'!$P:$P,'IT FEED'!$A$9,'Incident Data Dump'!$H:$H,'IT FEED'!$B11,'Incident Data Dump'!$Q:$Q,'IT FEED'!L$2) -> 0 | M11: =COUNTIFS('Incident Data Dump'!$P:$P,'IT FEED'!$A$9,'Incident Data Dump'!$H:$H,'IT FEED'!$B11,'Incident Data Dump'!$Q:$Q,'IT FEED'!M$2) -> 0 | N11: =SUBTOTAL(9,K11:M11) -> 1 | O11: =COUNTIFS('Incident Data Dump'!$P:$P,'IT FEED'!$A$9,'Incident Data Dump'!$H:$H,'IT FEED'!$B11,'Incident Data Dump'!$Q:$Q,'IT FEED'!O$2) -> 0 | P11: =COUNTIFS('Incident Data Dump'!$P:$P,'IT FEED'!$A$9,'Incident Data Dump'!$H:$H,'IT FEED'!$B11,'Incident Data Dump'!$Q:$Q,'IT FEED'!P$2) -> 0 | Q11: =COUNTIFS('Incident Data Dump'!$P:$P,'IT FEED'!$A$9,'Incident Data Dump'!$H:$H,'IT FEED'!$B11,'Incident Data Dump'!$Q:$Q,'IT FEED'!Q$2) -> 0 | R11: =SUBTOTAL(9,O11:Q11) -> 0 | S11: =SUBTOTAL(9,C11:R11) -> 14 | T11: =COUNTIFS('Incident Data Dump'!$P:$P,'IT FEED'!$A$9,'Incident Data Dump'!$H:$H,'IT FEED'!$B11,'Incident Data Dump'!$Q:$Q,'IT FEED'!T$2) -> 0 | U11: =COUNTIFS('Incident Data Dump'!$P:$P,'IT FEED'!$A$9,'Incident Data Dump'!$H:$H,'IT FEED'!$B11,'Incident Data Dump'!$Q:$Q,'IT FEED'!U$2) -> 0 | V11: =COUNTIFS('Incident Data Dump'!$P:$P,'IT FEED'!$A$9,'Incident Data Dump'!$H:$H,'IT FEED'!$B11,'Incident Data Dump'!$Q:$Q,'IT FEED'!V$2) -> 1 | W11: =SUBTOTAL(9,T11:V11) -> 1 | X11: =COUNTIFS('Incident Data Dump'!$P:$P,'IT FEED'!$A$9,'Incident Data Dump'!$H:$H,'IT FEED'!$B11,'Incident Data Dump'!$Q:$Q,'IT FEED'!X$2) -> 1 | Y11: =COUNTIFS('Incident Data Dump'!$P:$P,'IT FEED'!$A$9,'Incident Data Dump'!$H:$H,'IT FEED'!$B11,'Incident Data Dump'!$Q:$Q,'IT FEED'!Y$2) -> 3 | Z11: =COUNTIFS('Incident Data Dump'!$P:$P,'IT FEED'!$A$9,'Incident Data Dump'!$H:$H,'IT FEED'!$B11,'Incident Data Dump'!$Q:$Q,'IT FEED'!Z$2) -> 0 | AA11: =SUBTOTAL(9,X11:Z11) -> 4 | AB11: =COUNTIFS('Incident Data Dump'!$P:$P,'IT FEED'!$A$9,'Incident Data Dump'!$H:$H,'IT FEED'!$B11,'Incident Data Dump'!$Q:$Q,'IT FEED'!AB$2) -> 1 | AC11: =COUNTIFS('Incident Data Dump'!$P:$P,'IT FEED'!$A$9,'Incident Data Dump'!$H:$H,'IT FEED'!$B11,'Incident Data Dump'!$Q:$Q,'IT FEED'!AC$2) -> 1 | AD11: =COUNTIFS('Incident Data Dump'!$P:$P,'IT FEED'!$A$9,'Incident Data Dump'!$H:$H,'IT FEED'!$B11,'Incident Data Dump'!$Q:$Q,'IT FEED'!AD$2) -> 0 | AE11: =SUBTOTAL(9,AB11:AD11) -> 2 | AF11: =COUNTIFS('Incident Data Dump'!$P:$P,'IT FEED'!$A$9,'Incident Data Dump'!$H:$H,'IT FEED'!$B11,'Incident Data Dump'!$Q:$Q,'IT FEED'!AF$2) -> 0 | AG11: =COUNTIFS('Incident Data Dump'!$P:$P,'IT FEED'!$A$9,'Incident Data Dump'!$H:$H,'IT FEED'!$B11,'Incident Data Dump'!$Q:$Q,'IT FEED'!AG$2) -> 1 | AH11: =COUNTIFS('Incident Data Dump'!$P:$P,'IT FEED'!$A$9,'Incident Data Dump'!$H:$H,'IT FEED'!$B11,'Incident Data Dump'!$Q:$Q,'IT FEED'!AH$2) -> 0 | AI11: =SUBTOTAL(9,AF11:AH11) -> 1 | AJ11: =SUBTOTAL(9,T11:AI11) -> 8
A12: Harris Scarfe DC | B12: Team Member Injury | C12: =COUNTIFS('Incident Data Dump'!$P:$P,'IT FEED'!$A$12,'Incident Data Dump'!$H:$H,'IT FEED'!$B12,'Incident Data Dump'!$Q:$Q,'IT FEED'!C$2) -> 0 | D12: =COUNTIFS('Incident Data Dump'!$P:$P,'IT FEED'!$A$12,'Incident Data Dump'!$H:$H,'IT FEED'!$B12,'Incident Data Dump'!$Q:$Q,'IT FEED'!D$2) -> 0 | E12: =COUNTIFS('Incident Data Dump'!$P:$P,'IT FEED'!$A$12,'Incident Data Dump'!$H:$H,'IT FEED'!$B12,'Incident Data Dump'!$Q:$Q,'IT FEED'!E$2) -> 0 | F12: =SUBTOTAL(9,C12:E12) -> 0 | G12: =COUNTIFS('Incident Data Dump'!$P:$P,'IT FEED'!$A$12,'Incident Data Dump'!$H:$H,'IT FEED'!$B12,'Incident Data Dump'!$Q:$Q,'IT FEED'!G$2) -> 0 | H12: =COUNTIFS('Incident Data Dump'!$P:$P,'IT FEED'!$A$12,'Incident Data Dump'!$H:$H,'IT FEED'!$B12,'Incident Data Dump'!$Q:$Q,'IT FEED'!H$2) -> 0 | I12: =COUNTIFS('Incident Data Dump'!$P:$P,'IT FEED'!$A$12,'Incident Data Dump'!$H:$H,'IT FEED'!$B12,'Incident Data Dump'!$Q:$Q,'IT FEED'!I$2) -> 0 | J12: =SUBTOTAL(9,G12:I12) -> 0 | K12: =COUNTIFS('Incident Data Dump'!$P:$P,'IT FEED'!$A$12,'Incident Data Dump'!$H:$H,'IT FEED'!$B12,'Incident Data Dump'!$Q:$Q,'IT FEED'!K$2) -> 0 | L12: =COUNTIFS('Incident Data Dump'!$P:$P,'IT FEED'!$A$12,'Incident Data Dump'!$H:$H,'IT FEED'!$B12,'Incident Data Dump'!$Q:$Q,'IT FEED'!L$2) -> 0 | M12: =COUNTIFS('Incident Data Dump'!$P:$P,'IT FEED'!$A$12,'Incident Data Dump'!$H:$H,'IT FEED'!$B12,'Incident Data Dump'!$Q:$Q,'IT FEED'!M$2) -> 0 | N12: =SUBTOTAL(9,K12:M12) -> 0 | O12: =COUNTIFS('Incident Data Dump'!$P:$P,'IT FEED'!$A$12,'Incident Data Dump'!$H:$H,'IT FEED'!$B12,'Incident Data Dump'!$Q:$Q,'IT FEED'!O$2) -> 0 | P12: =COUNTIFS('Incident Data Dump'!$P:$P,'IT FEED'!$A$12,'Incident Data Dump'!$H:$H,'IT FEED'!$B12,'Incident Data Dump'!$Q:$Q,'IT FEED'!P$2) -> 2 | Q12: =COUNTIFS('Incident Data Dump'!$P:$P,'IT FEED'!$A$12,'Incident Data Dump'!$H:$H,'IT FEED'!$B12,'Incident Data Dump'!$Q:$Q,'IT FEED'!Q$2) -> 1 | R12: =SUBTOTAL(9,O12:Q12) -> 3 | S12: =SUBTOTAL(9,C12:R12) -> 3 | T12: =COUNTIFS('Incident Data Dump'!$P:$P,'IT FEED'!$A$12,'Incident Data Dump'!$H:$H,'IT FEED'!$B12,'Incident Data Dump'!$Q:$Q,'IT FEED'!T$2) -> 0 | U12: =COUNTIFS('Incident Data Dump'!$P:$P,'IT FEED'!$A$12,'Incident Data Dump'!$H:$H,'IT FEED'!$B12,'Incident Data Dump'!$Q:$Q,'IT FEED'!U$2) -> 1 | V12: =COUNTIFS('Incident Data Dump'!$P:$P,'IT FEED'!$A$12,'Incident Data Dump'!$H:$H,'IT FEED'!$B12,'Incident Data Dump'!$Q:$Q,'IT FEED'!V$2) -> 0 | W12: =SUBTOTAL(9,T12:V12) -> 1 | X12: =COUNTIFS('Incident Data Dump'!$P:$P,'IT FEED'!$A$12,'Incident Data Dump'!$H:$H,'IT FEED'!$B12,'Incident Data Dump'!$Q:$Q,'IT FEED'!X$2) -> 0 | Y12: =COUNTIFS('Incident Data Dump'!$P:$P,'IT FEED'!$A$12,'Incident Data Dump'!$H:$H,'IT FEED'!$B12,'Incident Data Dump'!$Q:$Q,'IT FEED'!Y$2) -> 0 | Z12: =COUNTIFS('Incident Data Dump'!$P:$P,'IT FEED'!$A$12,'Incident Data Dump'!$H:$H,'IT FEED'!$B12,'Incident Data Dump'!$Q:$Q,'IT FEED'!Z$2) -> 0 | AA12: =SUBTOTAL(9,X12:Z12) -> 0 | AB12: =COUNTIFS('Incident Data Dump'!$P:$P,'IT FEED'!$A$12,'Incident Data Dump'!$H:$H,'IT FEED'!$B12,'Incident Data Dump'!$Q:$Q,'IT FEED'!AB$2) -> 0 | AC12: =COUNTIFS('Incident Data Dump'!$P:$P,'IT FEED'!$A$12,'Incident Data Dump'!$H:$H,'IT FEED'!$B12,'Incident Data Dump'!$Q:$Q,'IT FEED'!AC$2) -> 0 | AD12: =COUNTIFS('Incident Data Dump'!$P:$P,'IT FEED'!$A$12,'Incident Data Dump'!$H:$H,'IT FEED'!$B12,'Incident Data Dump'!$Q:$Q,'IT FEED'!AD$2) -> 0 | AE12: =SUBTOTAL(9,AB12:AD12) -> 0 | AF12: =COUNTIFS('Incident Data Dump'!$P:$P,'IT FEED'!$A$12,'Incident Data Dump'!$H:$H,'IT FEED'!$B12,'Incident Data Dump'!$Q:$Q,'IT FEED'!AF$2) -> 1 | AG12: =COUNTIFS('Incident Data Dump'!$P:$P,'IT FEED'!$A$12,'Incident Data Dump'!$H:$H,'IT FEED'!$B12,'Incident Data Dump'!$Q:$Q,'IT FEED'!AG$2) -> 1 | AH12: =COUNTIFS('Incident Data Dump'!$P:$P,'IT FEED'!$A$12,'Incident Data Dump'!$H:$H,'IT FEED'!$B12,'Incident Data Dump'!$Q:$Q,'IT FEED'!AH$2) -> 0 | AI12: =SUBTOTAL(9,AF12:AH12) -> 2 | AJ12: =SUBTOTAL(9,T12:AI12) -> 3
B13: Safety Near Miss | C13: =COUNTIFS('Incident Data Dump'!$P:$P,'IT FEED'!$A$12,'Incident Data Dump'!$H:$H,'IT FEED'!$B13,'Incident Data Dump'!$Q:$Q,'IT FEED'!C$2) -> 0 | D13: =COUNTIFS('Incident Data Dump'!$P:$P,'IT FEED'!$A$12,'Incident Data Dump'!$H:$H,'IT FEED'!$B13,'Incident Data Dump'!$Q:$Q,'IT FEED'!D$2) -> 0 | E13: =COUNTIFS('Incident Data Dump'!$P:$P,'IT FEED'!$A$12,'Incident Data Dump'!$H:$H,'IT FEED'!$B13,'Incident Data Dump'!$Q:$Q,'IT FEED'!E$2) -> 0 | F13: =SUBTOTAL(9,C13:E13) -> 0 | G13: =COUNTIFS('Incident Data Dump'!$P:$P,'IT FEED'!$A$12,'Incident Data Dump'!$H:$H,'IT FEED'!$B13,'Incident Data Dump'!$Q:$Q,'IT FEED'!G$2) -> 0 | H13: =COUNTIFS('Incident Data Dump'!$P:$P,'IT FEED'!$A$12,'Incident Data Dump'!$H:$H,'IT FEED'!$B13,'Incident Data Dump'!$Q:$Q,'IT FEED'!H$2) -> 0 | I13: =COUNTIFS('Incident Data Dump'!$P:$P,'IT FEED'!$A$12,'Incident Data Dump'!$H:$H,'IT FEED'!$B13,'Incident Data Dump'!$Q:$Q,'IT FEED'!I$2) -> 0 | J13: =SUBTOTAL(9,G13:I13) -> 0 | K13: =COUNTIFS('Incident Data Dump'!$P:$P,'IT FEED'!$A$12,'Incident Data Dump'!$H:$H,'IT FEED'!$B13,'Incident Data Dump'!$Q:$Q,'IT FEED'!K$2) -> 0 | L13: =COUNTIFS('Incident Data Dump'!$P:$P,'IT FEED'!$A$12,'Incident Data Dump'!$H:$H,'IT FEED'!$B13,'Incident Data Dump'!$Q:$Q,'IT FEED'!L$2) -> 0 | M13: =COUNTIFS('Incident Data Dump'!$P:$P,'IT FEED'!$A$12,'Incident Data Dump'!$H:$H,'IT FEED'!$B13,'Incident Data Dump'!$Q:$Q,'IT FEED'!M$2) -> 0 | N13: =SUBTOTAL(9,K13:M13) -> 0 | O13: =COUNTIFS('Incident Data Dump'!$P:$P,'IT FEED'!$A$12,'Incident Data Dump'!$H:$H,'IT FEED'!$B13,'Incident Data Dump'!$Q:$Q,'IT FEED'!O$2) -> 0 | P13: =COUNTIFS('Incident Data Dump'!$P:$P,'IT FEED'!$A$12,'Incident Data Dump'!$H:$H,'IT FEED'!$B13,'Incident Data Dump'!$Q:$Q,'IT FEED'!P$2) -> 0 | Q13: =COUNTIFS('Incident Data Dump'!$P:$P,'IT FEED'!$A$12,'Incident Data Dump'!$H:$H,'IT FEED'!$B13,'Incident Data Dump'!$Q:$Q,'IT FEED'!Q$2) -> 0 | R13: =SUBTOTAL(9,O13:Q13) -> 0 | S13: =SUBTOTAL(9,C13:R13) -> 0 | T13: =COUNTIFS('Incident Data Dump'!$P:$P,'IT FEED'!$A$12,'Incident Data Dump'!$H:$H,'IT FEED'!$B13,'Incident Data Dump'!$Q:$Q,'IT FEED'!T$2) -> 0 | U13: =COUNTIFS('Incident Data Dump'!$P:$P,'IT FEED'!$A$12,'Incident Data Dump'!$H:$H,'IT FEED'!$B13,'Incident Data Dump'!$Q:$Q,'IT FEED'!U$2) -> 1 | V13: =COUNTIFS('Incident Data Dump'!$P:$P,'IT FEED'!$A$12,'Incident Data Dump'!$H:$H,'IT FEED'!$B13,'Incident Data Dump'!$Q:$Q,'IT FEED'!V$2) -> 0 | W13: =SUBTOTAL(9,T13:V13) -> 1 | X13: =COUNTIFS('Incident Data Dump'!$P:$P,'IT FEED'!$A$12,'Incident Data Dump'!$H:$H,'IT FEED'!$B13,'Incident Data Dump'!$Q:$Q,'IT FEED'!X$2) -> 0 | Y13: =COUNTIFS('Incident Data Dump'!$P:$P,'IT FEED'!$A$12,'Incident Data Dump'!$H:$H,'IT FEED'!$B13,'Incident Data Dump'!$Q:$Q,'IT FEED'!Y$2) -> 2 | Z13: =COUNTIFS('Incident Data Dump'!$P:$P,'IT FEED'!$A$12,'Incident Data Dump'!$H:$H,'IT FEED'!$B13,'Incident Data Dump'!$Q:$Q,'IT FEED'!Z$2) -> 0 | AA13: =SUBTOTAL(9,X13:Z13) -> 2 | AB13: =COUNTIFS('Incident Data Dump'!$P:$P,'IT FEED'!$A$12,'Incident Data Dump'!$H:$H,'IT FEED'!$B13,'Incident Data Dump'!$Q:$Q,'IT FEED'!AB$2) -> 0 | AC13: =COUNTIFS('Incident Data Dump'!$P:$P,'IT FEED'!$A$12,'Incident Data Dump'!$H:$H,'IT FEED'!$B13,'Incident Data Dump'!$Q:$Q,'IT FEED'!AC$2) -> 1 | AD13: =COUNTIFS('Incident Data Dump'!$P:$P,'IT FEED'!$A$12,'Incident Data Dump'!$H:$H,'IT FEED'!$B13,'Incident Data Dump'!$Q:$Q,'IT FEED'!AD$2) -> 0 | AE13: =SUBTOTAL(9,AB13:AD13) -> 1 | AF13: =COUNTIFS('Incident Data Dump'!$P:$P,'IT FEED'!$A$12,'Incident Data Dump'!$H:$H,'IT FEED'!$B13,'Incident Data Dump'!$Q:$Q,'IT FEED'!AF$2) -> 1 | AG13: =COUNTIFS('Incident Data Dump'!$P:$P,'IT FEED'!$A$12,'Incident Data Dump'!$H:$H,'IT FEED'!$B13,'Incident Data Dump'!$Q:$Q,'IT FEED'!AG$2) -> 0 | AH13: =COUNTIFS('Incident Data Dump'!$P:$P,'IT FEED'!$A$12,'Incident Data Dump'!$H:$H,'IT FEED'!$B13,'Incident Data Dump'!$Q:$Q,'IT FEED'!AH$2) -> 0 | AI13: =SUBTOTAL(9,AF13:AH13) -> 1 | AJ13: =SUBTOTAL(9,T13:AI13) -> 5
B14: Customer / Contractor | C14: =COUNTIFS('Incident Data Dump'!$P:$P,'IT FEED'!$A$12,'Incident Data Dump'!$H:$H,'IT FEED'!$B14,'Incident Data Dump'!$Q:$Q,'IT FEED'!C$2) -> 0 | D14: =COUNTIFS('Incident Data Dump'!$P:$P,'IT FEED'!$A$12,'Incident Data Dump'!$H:$H,'IT FEED'!$B14,'Incident Data Dump'!$Q:$Q,'IT FEED'!D$2) -> 0 | E14: =COUNTIFS('Incident Data Dump'!$P:$P,'IT FEED'!$A$12,'Incident Data Dump'!$H:$H,'IT FEED'!$B14,'Incident Data Dump'!$Q:$Q,'IT FEED'!E$2) -> 0 | F14: =SUBTOTAL(9,C14:E14) -> 0 | G14: =COUNTIFS('Incident Data Dump'!$P:$P,'IT FEED'!$A$12,'Incident Data Dump'!$H:$H,'IT FEED'!$B14,'Incident Data Dump'!$Q:$Q,'IT FEED'!G$2) -> 0 | H14: =COUNTIFS('Incident Data Dump'!$P:$P,'IT FEED'!$A$12,'Incident Data Dump'!$H:$H,'IT FEED'!$B14,'Incident Data Dump'!$Q:$Q,'IT FEED'!H$2) -> 0 | I14: =COUNTIFS('Incident Data Dump'!$P:$P,'IT FEED'!$A$12,'Incident Data Dump'!$H:$H,'IT FEED'!$B14,'Incident Data Dump'!$Q:$Q,'IT FEED'!I$2) -> 0 | J14: =SUBTOTAL(9,G14:I14) -> 0 | K14: =COUNTIFS('Incident Data Dump'!$P:$P,'IT FEED'!$A$12,'Incident Data Dump'!$H:$H,'IT FEED'!$B14,'Incident Data Dump'!$Q:$Q,'IT FEED'!K$2) -> 0 | L14: =COUNTIFS('Incident Data Dump'!$P:$P,'IT FEED'!$A$12,'Incident Data Dump'!$H:$H,'IT FEED'!$B14,'Incident Data Dump'!$Q:$Q,'IT FEED'!L$2) -> 0 | M14: =COUNTIFS('Incident Data Dump'!$P:$P,'IT FEED'!$A$12,'Incident Data Dump'!$H:$H,'IT FEED'!$B14,'Incident Data Dump'!$Q:$Q,'IT FEED'!M$2) -> 0 | N14: =SUBTOTAL(9,K14:M14) -> 0 | O14: =COUNTIFS('Incident Data Dump'!$P:$P,'IT FEED'!$A$12,'Incident Data Dump'!$H:$H,'IT FEED'!$B14,'Incident Data Dump'!$Q:$Q,'IT FEED'!O$2) -> 1 | P14: =COUNTIFS('Incident Data Dump'!$P:$P,'IT FEED'!$A$12,'Incident Data Dump'!$H:$H,'IT FEED'!$B14,'Incident Data Dump'!$Q:$Q,'IT FEED'!P$2) -> 2 | Q14: =COUNTIFS('Incident Data Dump'!$P:$P,'IT FEED'!$A$12,'Incident Data Dump'!$H:$H,'IT FEED'!$B14,'Incident Data Dump'!$Q:$Q,'IT FEED'!Q$2) -> 0 | R14: =SUBTOTAL(9,O14:Q14) -> 3 | S14: =SUBTOTAL(9,C14:R14) -> 3 | T14: =COUNTIFS('Incident Data Dump'!$P:$P,'IT FEED'!$A$12,'Incident Data Dump'!$H:$H,'IT FEED'!$B14,'Incident Data Dump'!$Q:$Q,'IT FEED'!T$2) -> 0 | U14: =COUNTIFS('Incident Data Dump'!$P:$P,'IT FEED'!$A$12,'Incident Data Dump'!$H:$H,'IT FEED'!$B14,'Incident Data Dump'!$Q:$Q,'IT FEED'!U$2) -> 1 | V14: =COUNTIFS('Incident Data Dump'!$P:$P,'IT FEED'!$A$12,'Incident Data Dump'!$H:$H,'IT FEED'!$B14,'Incident Data Dump'!$Q:$Q,'IT FEED'!V$2) -> 0 | W14: =SUBTOTAL(9,T14:V14) -> 1 | X14: =COUNTIFS('Incident Data Dump'!$P:$P,'IT FEED'!$A$12,'Incident Data Dump'!$H:$H,'IT FEED'!$B14,'Incident Data Dump'!$Q:$Q,'IT FEED'!X$2) -> 0 | Y14: =COUNTIFS('Incident Data Dump'!$P:$P,'IT FEED'!$A$12,'Incident Data Dump'!$H:$H,'IT FEED'!$B14,'Incident Data Dump'!$Q:$Q,'IT FEED'!Y$2) -> 0 | Z14: =COUNTIFS('Incident Data Dump'!$P:$P,'IT FEED'!$A$12,'Incident Data Dump'!$H:$H,'IT FEED'!$B14,'Incident Data Dump'!$Q:$Q,'IT FEED'!Z$2) -> 3 | AA14: =SUBTOTAL(9,X14:Z14) -> 3 | AB14: =COUNTIFS('Incident Data Dump'!$P:$P,'IT FEED'!$A$12,'Incident Data Dump'!$H:$H,'IT FEED'!$B14,'Incident Data Dump'!$Q:$Q,'IT FEED'!AB$2) -> 0 | AC14: =COUNTIFS('Incident Data Dump'!$P:$P,'IT FEED'!$A$12,'Incident Data Dump'!$H:$H,'IT FEED'!$B14,'Incident Data Dump'!$Q:$Q,'IT FEED'!AC$2) -> 1 | AD14: =COUNTIFS('Incident Data Dump'!$P:$P,'IT FEED'!$A$12,'Incident Data Dump'!$H:$H,'IT FEED'!$B14,'Incident Data Dump'!$Q:$Q,'IT FEED'!AD$2) -> 3 | AE14: =SUBTOTAL(9,AB14:AD14) -> 4 | AF14: =COUNTIFS('Incident Data Dump'!$P:$P,'IT FEED'!$A$12,'Incident Data Dump'!$H:$H,'IT FEED'!$B14,'Incident Data Dump'!$Q:$Q,'IT FEED'!AF$2) -> 0 | AG14: =COUNTIFS('Incident Data Dump'!$P:$P,'IT FEED'!$A$12,'Incident Data Dump'!$H:$H,'IT FEED'!$B14,'Incident Data Dump'!$Q:$Q,'IT FEED'!AG$2) -> 1 | AH14: =COUNTIFS('Incident Data Dump'!$P:$P,'IT FEED'!$A$12,'Incident Data Dump'!$H:$H,'IT FEED'!$B14,'Incident Data Dump'!$Q:$Q,'IT FEED'!AH$2) -> 0 | AI14: =SUBTOTAL(9,AF14:AH14) -> 1 | AJ14: =SUBTOTAL(9,T14:AI14) -> 9
B17: YTD Incident Types
A18: All Incident Types | B18: YTD Team Member Injury | C18: =SUBTOTAL(9,$C3:C3) -> 1 | D18: =SUBTOTAL(9,$C3:D3) -> 5 | E18: =SUBTOTAL(9,$C3:E3) -> 8 | F18: =SUBTOTAL(9,$C3:F3) -> 8 | G18: =SUBTOTAL(9,$C3:G3) -> 8 | H18: =SUBTOTAL(9,$C3:H3) -> 13 | I18: =SUBTOTAL(9,$C3:I3) -> 16 | J18: =SUBTOTAL(9,$C3:J3) -> 16 | ... S18: =SUBTOTAL(9,$C3:S3) -> 27 | T18: =SUBTOTAL(9,$T3:T3) -> 1 | U18: =SUBTOTAL(9,$T3:U3) -> 3 | V18: =SUBTOTAL(9,$T3:V3) -> 4 | W18: =SUBTOTAL(9,$T3:W3) -> 4 | X18: =SUBTOTAL(9,$T3:X3) -> 4 | Y18: =SUBTOTAL(9,$T3:Y3) -> 4 | Z18: =SUBTOTAL(9,$T3:Z3) -> 5 | AA18: =SUBTOTAL(9,$T3:AA3) -> 5 | ... AJ18: =SUBTOTAL(9,$T3:AJ3) -> 10
B19: YTD Safety Near Miss | C19: =SUBTOTAL(9,$C4:C4) -> 4 | D19: =SUBTOTAL(9,$C4:D4) -> 10 | E19: =SUBTOTAL(9,$C4:E4) -> 17 | F19: =SUBTOTAL(9,$C4:F4) -> 17 | G19: =SUBTOTAL(9,$C4:G4) -> 26 | H19: =SUBTOTAL(9,$C4:H4) -> 31 | I19: =SUBTOTAL(9,$C4:I4) -> 34 | J19: =SUBTOTAL(9,$C4:J4) -> 34 | ... S19: =SUBTOTAL(9,$C4:S4) -> 41 | T19: =SUBTOTAL(9,$T4:T4) -> 1 | U19: =SUBTOTAL(9,$T4:U4) -> 8 | V19: =SUBTOTAL(9,$T4:V4) -> 8 | W19: =SUBTOTAL(9,$T4:W4) -> 8 | X19: =SUBTOTAL(9,$T4:X4) -> 9 | Y19: =SUBTOTAL(9,$T4:Y4) -> 15 | Z19: =SUBTOTAL(9,$T4:Z4) -> 15 | AA19: =SUBTOTAL(9,$T4:AA4) -> 15 | ... AJ19: =SUBTOTAL(9,$T4:AJ4) -> 31
B20: YTD Customer / Contractor | C20: =SUBTOTAL(9,$C5:C5) -> 2 | D20: =SUBTOTAL(9,$C5:D5) -> 4 | E20: =SUBTOTAL(9,$C5:E5) -> 7 | F20: =SUBTOTAL(9,$C5:F5) -> 7 | G20: =SUBTOTAL(9,$C5:G5) -> 7 | H20: =SUBTOTAL(9,$C5:H5) -> 11 | I20: =SUBTOTAL(9,$C5:I5) -> 13 | J20: =SUBTOTAL(9,$C5:J5) -> 13 | ... S20: =SUBTOTAL(9,$C5:S5) -> 35 | T20: =SUBTOTAL(9,$T5:T5) -> 3 | U20: =SUBTOTAL(9,$T5:U5) -> 10 | V20: =SUBTOTAL(9,$T5:V5) -> 11 | W20: =SUBTOTAL(9,$T5:W5) -> 11 | X20: =SUBTOTAL(9,$T5:X5) -> 16 | Y20: =SUBTOTAL(9,$T5:Y5) -> 24 | Z20: =SUBTOTAL(9,$T5:Z5) -> 33 | AA20: =SUBTOTAL(9,$T5:AA5) -> 33 | ... AJ20: =SUBTOTAL(9,$T5:AJ5) -> 52
A21: Spotlight DC | B21: YTD Team Member Injury | C21: =SUBTOTAL(9,$C6:C6) -> 1 | D21: =SUBTOTAL(9,$C6:D6) -> 1 | E21: =SUBTOTAL(9,$C6:E6) -> 1 | F21: =SUBTOTAL(9,$C6:F6) -> 1 | G21: =SUBTOTAL(9,$C6:G6) -> 1 | H21: =SUBTOTAL(9,$C6:H6) -> 4 | I21: =SUBTOTAL(9,$C6:I6) -> 5 | J21: =SUBTOTAL(9,$C6:J6) -> 5 | ... S21: =SUBTOTAL(9,$C6:S6) -> 11 | T21: =SUBTOTAL(9,$T6:T6) -> 1 | U21: =SUBTOTAL(9,$T6:U6) -> 2 | V21: =SUBTOTAL(9,$T6:V6) -> 3 | W21: =SUBTOTAL(9,$T6:W6) -> 3 | X21: =SUBTOTAL(9,$T6:X6) -> 3 | Y21: =SUBTOTAL(9,$T6:Y6) -> 3 | Z21: =SUBTOTAL(9,$T6:Z6) -> 4 | AA21: =SUBTOTAL(9,$T6:AA6) -> 4 | ... AJ21: =SUBTOTAL(9,$T6:AJ6) -> 7
B22: YTD Safety Near Miss | C22: =SUBTOTAL(9,$C7:C7) -> 0 | D22: =SUBTOTAL(9,$C7:D7) -> 1 | E22: =SUBTOTAL(9,$C7:E7) -> 4 | F22: =SUBTOTAL(9,$C7:F7) -> 4 | G22: =SUBTOTAL(9,$C7:G7) -> 5 | H22: =SUBTOTAL(9,$C7:H7) -> 7 | I22: =SUBTOTAL(9,$C7:I7) -> 7 | J22: =SUBTOTAL(9,$C7:J7) -> 7 | ... S22: =SUBTOTAL(9,$C7:S7) -> 14 | T22: =SUBTOTAL(9,$T7:T7) -> 0 | U22: =SUBTOTAL(9,$T7:U7) -> 5 | V22: =SUBTOTAL(9,$T7:V7) -> 5 | W22: =SUBTOTAL(9,$T7:W7) -> 5 | X22: =SUBTOTAL(9,$T7:X7) -> 6 | Y22: =SUBTOTAL(9,$T7:Y7) -> 9 | Z22: =SUBTOTAL(9,$T7:Z7) -> 9 | AA22: =SUBTOTAL(9,$T7:AA7) -> 9 | ... AJ22: =SUBTOTAL(9,$T7:AJ7) -> 22
B23: YTD Customer / Contractor | C23: =SUBTOTAL(9,$C8:C8) -> 0 | D23: =SUBTOTAL(9,$C8:D8) -> 0 | E23: =SUBTOTAL(9,$C8:E8) -> 0 | F23: =SUBTOTAL(9,$C8:F8) -> 0 | G23: =SUBTOTAL(9,$C8:G8) -> 0 | H23: =SUBTOTAL(9,$C8:H8) -> 0 | I23: =SUBTOTAL(9,$C8:I8) -> 0 | J23: =SUBTOTAL(9,$C8:J8) -> 0 | ... S23: =SUBTOTAL(9,$C8:S8) -> 18 | T23: =SUBTOTAL(9,$T8:T8) -> 3 | U23: =SUBTOTAL(9,$T8:U8) -> 9 | V23: =SUBTOTAL(9,$T8:V8) -> 9 | W23: =SUBTOTAL(9,$T8:W8) -> 9 | X23: =SUBTOTAL(9,$T8:X8) -> 13 | Y23: =SUBTOTAL(9,$T8:Y8) -> 18 | Z23: =SUBTOTAL(9,$T8:Z8) -> 24 | AA23: =SUBTOTAL(9,$T8:AA8) -> 24 | ... AJ23: =SUBTOTAL(9,$T8:AJ8) -> 35
A24: Anaconda DC | B24: YTD Team Member Injury | C24: =SUBTOTAL(9,$C9:C9) -> 0 | D24: =SUBTOTAL(9,$C9:D9) -> 4 | E24: =SUBTOTAL(9,$C9:E9) -> 7 | F24: =SUBTOTAL(9,$C9:F9) -> 7 | G24: =SUBTOTAL(9,$C9:G9) -> 7 | H24: =SUBTOTAL(9,$C9:H9) -> 9 | I24: =SUBTOTAL(9,$C9:I9) -> 11 | J24: =SUBTOTAL(9,$C9:J9) -> 11 | ... S24: =SUBTOTAL(9,$C9:S9) -> 13 | T24: =SUBTOTAL(9,$T9:T9) -> 0 | U24: =SUBTOTAL(9,$T9:U9) -> 0 | V24: =SUBTOTAL(9,$T9:V9) -> 0 | W24: =SUBTOTAL(9,$T9:W9) -> 0 | X24: =SUBTOTAL(9,$T9:X9) -> 0 | Y24: =SUBTOTAL(9,$T9:Y9) -> 0 | Z24: =SUBTOTAL(9,$T9:Z9) -> 0 | AA24: =SUBTOTAL(9,$T9:AA9) -> 0 | ... AJ24: =SUBTOTAL(9,$T9:AJ9) -> 0
B25: YTD Safety Near Miss | C25: =SUBTOTAL(9,$C10:C10) -> 4 | D25: =SUBTOTAL(9,$C10:D10) -> 9 | E25: =SUBTOTAL(9,$C10:E10) -> 13 | F25: =SUBTOTAL(9,$C10:F10) -> 13 | G25: =SUBTOTAL(9,$C10:G10) -> 21 | H25: =SUBTOTAL(9,$C10:H10) -> 24 | I25: =SUBTOTAL(9,$C10:I10) -> 27 | J25: =SUBTOTAL(9,$C10:J10) -> 27 | ... S25: =SUBTOTAL(9,$C10:S10) -> 27 | T25: =SUBTOTAL(9,$T10:T10) -> 1 | U25: =SUBTOTAL(9,$T10:U10) -> 2 | V25: =SUBTOTAL(9,$T10:V10) -> 2 | W25: =SUBTOTAL(9,$T10:W10) -> 2 | X25: =SUBTOTAL(9,$T10:X10) -> 2 | Y25: =SUBTOTAL(9,$T10:Y10) -> 3 | Z25: =SUBTOTAL(9,$T10:Z10) -> 3 | AA25: =SUBTOTAL(9,$T10:AA10) -> 3 | ... AJ25: =SUBTOTAL(9,$T10:AJ10) -> 4
B26: YTD Customer / Contractor | C26: =SUBTOTAL(9,$C11:C11) -> 2 | D26: =SUBTOTAL(9,$C11:D11) -> 4 | E26: =SUBTOTAL(9,$C11:E11) -> 7 | F26: =SUBTOTAL(9,$C11:F11) -> 7 | G26: =SUBTOTAL(9,$C11:G11) -> 7 | H26: =SUBTOTAL(9,$C11:H11) -> 11 | I26: =SUBTOTAL(9,$C11:I11) -> 13 | J26: =SUBTOTAL(9,$C11:J11) -> 13 | ... S26: =SUBTOTAL(9,$C11:S11) -> 14 | T26: =SUBTOTAL(9,$T11:T11) -> 0 | U26: =SUBTOTAL(9,$T11:U11) -> 0 | V26: =SUBTOTAL(9,$T11:V11) -> 1 | W26: =SUBTOTAL(9,$T11:W11) -> 1 | X26: =SUBTOTAL(9,$T11:X11) -> 2 | Y26: =SUBTOTAL(9,$T11:Y11) -> 5 | Z26: =SUBTOTAL(9,$T11:Z11) -> 5 | AA26: =SUBTOTAL(9,$T11:AA11) -> 5 | ... AJ26: =SUBTOTAL(9,$T11:AJ11) -> 8
A27: Harris Scarfe DC | B27: YTD Team Member Injury | C27: =SUBTOTAL(9,$C12:C12) -> 0 | D27: =SUBTOTAL(9,$C12:D12) -> 0 | E27: =SUBTOTAL(9,$C12:E12) -> 0 | F27: =SUBTOTAL(9,$C12:F12) -> 0 | G27: =SUBTOTAL(9,$C12:G12) -> 0 | H27: =SUBTOTAL(9,$C12:H12) -> 0 | I27: =SUBTOTAL(9,$C12:I12) -> 0 | J27: =SUBTOTAL(9,$C12:J12) -> 0 | ... S27: =SUBTOTAL(9,$C12:S12) -> 3 | T27: =SUBTOTAL(9,$T12:T12) -> 0 | U27: =SUBTOTAL(9,$T12:U12) -> 1 | V27: =SUBTOTAL(9,$T12:V12) -> 1 | W27: =SUBTOTAL(9,$T12:W12) -> 1 | X27: =SUBTOTAL(9,$T12:X12) -> 1 | Y27: =SUBTOTAL(9,$T12:Y12) -> 1 | Z27: =SUBTOTAL(9,$T12:Z12) -> 1 | AA27: =SUBTOTAL(9,$T12:AA12) -> 1 | ... AJ27: =SUBTOTAL(9,$T12:AJ12) -> 3
B28: YTD Safety Near Miss | C28: =SUBTOTAL(9,$C13:C13) -> 0 | D28: =SUBTOTAL(9,$C13:D13) -> 0 | E28: =SUBTOTAL(9,$C13:E13) -> 0 | F28: =SUBTOTAL(9,$C13:F13) -> 0 | G28: =SUBTOTAL(9,$C13:G13) -> 0 | H28: =SUBTOTAL(9,$C13:H13) -> 0 | I28: =SUBTOTAL(9,$C13:I13) -> 0 | J28: =SUBTOTAL(9,$C13:J13) -> 0 | ... S28: =SUBTOTAL(9,$C13:S13) -> 0 | T28: =SUBTOTAL(9,$T13:T13) -> 0 | U28: =SUBTOTAL(9,$T13:U13) -> 1 | V28: =SUBTOTAL(9,$T13:V13) -> 1 | W28: =SUBTOTAL(9,$T13:W13) -> 1 | X28: =SUBTOTAL(9,$T13:X13) -> 1 | Y28: =SUBTOTAL(9,$T13:Y13) -> 3 | Z28: =SUBTOTAL(9,$T13:Z13) -> 3 | AA28: =SUBTOTAL(9,$T13:AA13) -> 3 | ... AJ28: =SUBTOTAL(9,$T13:AJ13) -> 5
B29: YTD Customer / Contractor | C29: =SUBTOTAL(9,$C14:C14) -> 0 | D29: =SUBTOTAL(9,$C14:D14) -> 0 | E29: =SUBTOTAL(9,$C14:E14) -> 0 | F29: =SUBTOTAL(9,$C14:F14) -> 0 | G29: =SUBTOTAL(9,$C14:G14) -> 0 | H29: =SUBTOTAL(9,$C14:H14) -> 0 | I29: =SUBTOTAL(9,$C14:I14) -> 0 | J29: =SUBTOTAL(9,$C14:J14) -> 0 | ... S29: =SUBTOTAL(9,$C14:S14) -> 3 | T29: =SUBTOTAL(9,$T14:T14) -> 0 | U29: =SUBTOTAL(9,$T14:U14) -> 1 | V29: =SUBTOTAL(9,$T14:V14) -> 1 | W29: =SUBTOTAL(9,$T14:W14) -> 1 | X29: =SUBTOTAL(9,$T14:X14) -> 1 | Y29: =SUBTOTAL(9,$T14:Y14) -> 1 | Z29: =SUBTOTAL(9,$T14:Z14) -> 4 | AA29: =SUBTOTAL(9,$T14:AA14) -> 4 | ... AJ29: =SUBTOTAL(9,$T14:AJ14) -> 9

Sheet IT FEED - Chart
B1: Incident Types | C1: FY24 | T1: FY25
B2: Incident Types | C2: ="JUL, "&C1 -> JUL, FY24 | D2: ="AUG, "&C1 -> AUG, FY24 | E2: ="SEP, "&C1 -> SEP, FY24 | F2: ="Q1, "&C1 -> Q1, FY24 | G2: ="OCT, "&C1 -> OCT, FY24 | H2: ="NOV, "&C1 -> NOV, FY24 | I2: ="DEC, "&C1 -> DEC, FY24 | J2: ="Q2, "&C1 -> Q2, FY24 | K2: ="JAN, "&C1 -> JAN, FY24 | L2: ="FEB, "&C1 -> FEB, FY24 | M2: ="MAR, "&C1 -> MAR, FY24 | N2: ="Q3, "&C1 -> Q3, FY24 | O2: ="APR, "&C1 -> APR, FY24 | P2: ="MAY, "&C1 -> MAY, FY24 | Q2: ="JUN, "&C1 -> JUN, FY24 | R2: ="Q4, "&C1 -> Q4, FY24 | S2: ="Full Year, "&C1 -> Full Year, FY24 | T2: ="JUL, "&T1 -> JUL, FY25 | U2: ="AUG, "&T1 -> AUG, FY25 | V2: ="SEP, "&T1 -> SEP, FY25 | W2: ="Q1, "&T1 -> Q1, FY25 | X2: ="OCT, "&T1 -> OCT, FY25 | Y2: ="NOV, "&T1 -> NOV, FY25 | Z2: ="DEC, "&T1 -> DEC, FY25 | AA2: ="Q2, "&T1 -> Q2, FY25 | AB2: ="JAN, "&T1 -> JAN, FY25 | AC2: ="FEB, "&T1 -> FEB, FY25 | AD2: ="MAR, "&T1 -> MAR, FY25 | AE2: ="Q3, "&T1 -> Q3, FY25 | AF2: ="APR, "&T1 -> APR, FY25 | AG2: ="MAY, "&T1 -> MAY, FY25 | AH2: ="JUN, "&T1 -> JUN, FY25 | AI2: ="Q4, "&T1 -> Q4, FY25 | AJ2: ="Full Year, "&T1 -> Full Year, FY25
A3: All Incident Types | B3: Team Member Injury | C3: =COUNTIFS('Incident Data Dump'!$H:$H,'IT FEED - Chart'!$B3,'Incident Data Dump'!$Q:$Q,'IT FEED - Chart'!C$2) -> 1 | D3: =COUNTIFS('Incident Data Dump'!$H:$H,'IT FEED - Chart'!$B3,'Incident Data Dump'!$Q:$Q,'IT FEED - Chart'!D$2) -> 4 | E3: =COUNTIFS('Incident Data Dump'!$H:$H,'IT FEED - Chart'!$B3,'Incident Data Dump'!$Q:$Q,'IT FEED - Chart'!E$2) -> 3 | F3: =SUBTOTAL(9,C3:E3) -> 8 | G3: =COUNTIFS('Incident Data Dump'!$H:$H,'IT FEED - Chart'!$B3,'Incident Data Dump'!$Q:$Q,'IT FEED - Chart'!G$2) -> 0 | H3: =COUNTIFS('Incident Data Dump'!$H:$H,'IT FEED - Chart'!$B3,'Incident Data Dump'!$Q:$Q,'IT FEED - Chart'!H$2) -> 5 | I3: =COUNTIFS('Incident Data Dump'!$H:$H,'IT FEED - Chart'!$B3,'Incident Data Dump'!$Q:$Q,'IT FEED - Chart'!I$2) -> 3 | J3: =SUBTOTAL(9,G3:I3) -> 8 | K3: =COUNTIFS('Incident Data Dump'!$H:$H,'IT FEED - Chart'!$B3,'Incident Data Dump'!$Q:$Q,'IT FEED - Chart'!K$2) -> 1 | L3: =COUNTIFS('Incident Data Dump'!$H:$H,'IT FEED - Chart'!$B3,'Incident Data Dump'!$Q:$Q,'IT FEED - Chart'!L$2) -> 1 | M3: =COUNTIFS('Incident Data Dump'!$H:$H,'IT FEED - Chart'!$B3,'Incident Data Dump'!$Q:$Q,'IT FEED - Chart'!M$2) -> 3 | N3: =SUBTOTAL(9,K3:M3) -> 5 | O3: =COUNTIFS('Incident Data Dump'!$H:$H,'IT FEED - Chart'!$B3,'Incident Data Dump'!$Q:$Q,'IT FEED - Chart'!O$2) -> 0 | P3: =COUNTIFS('Incident Data Dump'!$H:$H,'IT FEED - Chart'!$B3,'Incident Data Dump'!$Q:$Q,'IT FEED - Chart'!P$2) -> 4 | Q3: =COUNTIFS('Incident Data Dump'!$H:$H,'IT FEED - Chart'!$B3,'Incident Data Dump'!$Q:$Q,'IT FEED - Chart'!Q$2) -> 2 | R3: =SUBTOTAL(9,O3:Q3) -> 6 | S3: =SUBTOTAL(9,C3:R3) -> 27 | T3: =COUNTIFS('Incident Data Dump'!$H:$H,'IT FEED - Chart'!$B3,'Incident Data Dump'!$Q:$Q,'IT FEED - Chart'!T$2) -> 1 | U3: =COUNTIFS('Incident Data Dump'!$H:$H,'IT FEED - Chart'!$B3,'Incident Data Dump'!$Q:$Q,'IT FEED - Chart'!U$2) -> 2 | V3: =COUNTIFS('Incident Data Dump'!$H:$H,'IT FEED - Chart'!$B3,'Incident Data Dump'!$Q:$Q,'IT FEED - Chart'!V$2) -> 1 | W3: =SUBTOTAL(9,T3:V3) -> 4 | X3: =COUNTIFS('Incident Data Dump'!$H:$H,'IT FEED - Chart'!$B3,'Incident Data Dump'!$Q:$Q,'IT FEED - Chart'!X$2) -> 0 | Y3: =COUNTIFS('Incident Data Dump'!$H:$H,'IT FEED - Chart'!$B3,'Incident Data Dump'!$Q:$Q,'IT FEED - Chart'!Y$2) -> 0 | Z3: =COUNTIFS('Incident Data Dump'!$H:$H,'IT FEED - Chart'!$B3,'Incident Data Dump'!$Q:$Q,'IT FEED - Chart'!Z$2) -> 1 | AA3: =SUBTOTAL(9,X3:Z3) -> 1 | AB3: =COUNTIFS('Incident Data Dump'!$H:$H,'IT FEED - Chart'!$B3,'Incident Data Dump'!$Q:$Q,'IT FEED - Chart'!AB$2) -> 1 | AC3: =COUNTIFS('Incident Data Dump'!$H:$H,'IT FEED - Chart'!$B3,'Incident Data Dump'!$Q:$Q,'IT FEED - Chart'!AC$2) -> 0 | AD3: =COUNTIFS('Incident Data Dump'!$H:$H,'IT FEED - Chart'!$B3,'Incident Data Dump'!$Q:$Q,'IT FEED - Chart'!AD$2) -> 0 | AE3: =SUBTOTAL(9,AB3:AD3) -> 1 | AF3: =COUNTIFS('Incident Data Dump'!$H:$H,'IT FEED - Chart'!$B3,'Incident Data Dump'!$Q:$Q,'IT FEED - Chart'!AF$2) -> 2 | AG3: =COUNTIFS('Incident Data Dump'!$H:$H,'IT FEED - Chart'!$B3,'Incident Data Dump'!$Q:$Q,'IT FEED - Chart'!AG$2) -> 2 | AH3: =COUNTIFS('Incident Data Dump'!$H:$H,'IT FEED - Chart'!$B3,'Incident Data Dump'!$Q:$Q,'IT FEED - Chart'!AH$2) -> 0 | AI3: =SUBTOTAL(9,AF3:AH3) -> 4 | AJ3: =SUBTOTAL(9,T3:AI3) -> 10
B4: Safety Near Miss | C4: =COUNTIFS('Incident Data Dump'!$H:$H,'IT FEED - Chart'!$B4,'Incident Data Dump'!$Q:$Q,'IT FEED - Chart'!C$2) -> 4 | D4: =COUNTIFS('Incident Data Dump'!$H:$H,'IT FEED - Chart'!$B4,'Incident Data Dump'!$Q:$Q,'IT FEED - Chart'!D$2) -> 6 | E4: =COUNTIFS('Incident Data Dump'!$H:$H,'IT FEED - Chart'!$B4,'Incident Data Dump'!$Q:$Q,'IT FEED - Chart'!E$2) -> 7 | F4: =SUBTOTAL(9,C4:E4) -> 17 | G4: =COUNTIFS('Incident Data Dump'!$H:$H,'IT FEED - Chart'!$B4,'Incident Data Dump'!$Q:$Q,'IT FEED - Chart'!G$2) -> 9 | H4: =COUNTIFS('Incident Data Dump'!$H:$H,'IT FEED - Chart'!$B4,'Incident Data Dump'!$Q:$Q,'IT FEED - Chart'!H$2) -> 5 | I4: =COUNTIFS('Incident Data Dump'!$H:$H,'IT FEED - Chart'!$B4,'Incident Data Dump'!$Q:$Q,'IT FEED - Chart'!I$2) -> 3 | J4: =SUBTOTAL(9,G4:I4) -> 17 | K4: =COUNTIFS('Incident Data Dump'!$H:$H,'IT FEED - Chart'!$B4,'Incident Data Dump'!$Q:$Q,'IT FEED - Chart'!K$2) -> 2 | L4: =COUNTIFS('Incident Data Dump'!$H:$H,'IT FEED - Chart'!$B4,'Incident Data Dump'!$Q:$Q,'IT FEED - Chart'!L$2) -> 1 | M4: =COUNTIFS('Incident Data Dump'!$H:$H,'IT FEED - Chart'!$B4,'Incident Data Dump'!$Q:$Q,'IT FEED - Chart'!M$2) -> 0 | N4: =SUBTOTAL(9,K4:M4) -> 3 | O4: =COUNTIFS('Incident Data Dump'!$H:$H,'IT FEED - Chart'!$B4,'Incident Data Dump'!$Q:$Q,'IT FEED - Chart'!O$2) -> 2 | P4: =COUNTIFS('Incident Data Dump'!$H:$H,'IT FEED - Chart'!$B4,'Incident Data Dump'!$Q:$Q,'IT FEED - Chart'!P$2) -> 0 | Q4: =COUNTIFS('Incident Data Dump'!$H:$H,'IT FEED - Chart'!$B4,'Incident Data Dump'!$Q:$Q,'IT FEED - Chart'!Q$2) -> 2 | R4: =SUBTOTAL(9,O4:Q4) -> 4 | S4: =SUBTOTAL(9,C4:R4) -> 41 | T4: =COUNTIFS('Incident Data Dump'!$H:$H,'IT FEED - Chart'!$B4,'Incident Data Dump'!$Q:$Q,'IT FEED - Chart'!T$2) -> 1 | U4: =COUNTIFS('Incident Data Dump'!$H:$H,'IT FEED - Chart'!$B4,'Incident Data Dump'!$Q:$Q,'IT FEED - Chart'!U$2) -> 7 | V4: =COUNTIFS('Incident Data Dump'!$H:$H,'IT FEED - Chart'!$B4,'Incident Data Dump'!$Q:$Q,'IT FEED - Chart'!V$2) -> 0 | W4: =SUBTOTAL(9,T4:V4) -> 8 | X4: =COUNTIFS('Incident Data Dump'!$H:$H,'IT FEED - Chart'!$B4,'Incident Data Dump'!$Q:$Q,'IT FEED - Chart'!X$2) -> 1 | Y4: =COUNTIFS('Incident Data Dump'!$H:$H,'IT FEED - Chart'!$B4,'Incident Data Dump'!$Q:$Q,'IT FEED - Chart'!Y$2) -> 6 | Z4: =COUNTIFS('Incident Data Dump'!$H:$H,'IT FEED - Chart'!$B4,'Incident Data Dump'!$Q:$Q,'IT FEED - Chart'!Z$2) -> 0 | AA4: =SUBTOTAL(9,X4:Z4) -> 7 | AB4: =COUNTIFS('Incident Data Dump'!$H:$H,'IT FEED - Chart'!$B4,'Incident Data Dump'!$Q:$Q,'IT FEED - Chart'!AB$2) -> 4 | AC4: =COUNTIFS('Incident Data Dump'!$H:$H,'IT FEED - Chart'!$B4,'Incident Data Dump'!$Q:$Q,'IT FEED - Chart'!AC$2) -> 4 | AD4: =COUNTIFS('Incident Data Dump'!$H:$H,'IT FEED - Chart'!$B4,'Incident Data Dump'!$Q:$Q,'IT FEED - Chart'!AD$2) -> 1 | AE4: =SUBTOTAL(9,AB4:AD4) -> 9 | AF4: =COUNTIFS('Incident Data Dump'!$H:$H,'IT FEED - Chart'!$B4,'Incident Data Dump'!$Q:$Q,'IT FEED - Chart'!AF$2) -> 5 | AG4: =COUNTIFS('Incident Data Dump'!$H:$H,'IT FEED - Chart'!$B4,'Incident Data Dump'!$Q:$Q,'IT FEED - Chart'!AG$2) -> 2 | AH4: =COUNTIFS('Incident Data Dump'!$H:$H,'IT FEED - Chart'!$B4,'Incident Data Dump'!$Q:$Q,'IT FEED - Chart'!AH$2) -> 0 | AI4: =SUBTOTAL(9,AF4:AH4) -> 7 | AJ4: =SUBTOTAL(9,T4:AI4) -> 31
B5: Customer / Contractor | C5: =COUNTIFS('Incident Data Dump'!$H:$H,'IT FEED - Chart'!$B5,'Incident Data Dump'!$Q:$Q,'IT FEED - Chart'!C$2) -> 2 | D5: =COUNTIFS('Incident Data Dump'!$H:$H,'IT FEED - Chart'!$B5,'Incident Data Dump'!$Q:$Q,'IT FEED - Chart'!D$2) -> 2 | E5: =COUNTIFS('Incident Data Dump'!$H:$H,'IT FEED - Chart'!$B5,'Incident Data Dump'!$Q:$Q,'IT FEED - Chart'!E$2) -> 3 | F5: =SUBTOTAL(9,C5:E5) -> 7 | G5: =COUNTIFS('Incident Data Dump'!$H:$H,'IT FEED - Chart'!$B5,'Incident Data Dump'!$Q:$Q,'IT FEED - Chart'!G$2) -> 0 | H5: =COUNTIFS('Incident Data Dump'!$H:$H,'IT FEED - Chart'!$B5,'Incident Data Dump'!$Q:$Q,'IT FEED - Chart'!H$2) -> 4 | I5: =COUNTIFS('Incident Data Dump'!$H:$H,'IT FEED - Chart'!$B5,'Incident Data Dump'!$Q:$Q,'IT FEED - Chart'!I$2) -> 2 | J5: =SUBTOTAL(9,G5:I5) -> 6 | K5: =COUNTIFS('Incident Data Dump'!$H:$H,'IT FEED - Chart'!$B5,'Incident Data Dump'!$Q:$Q,'IT FEED - Chart'!K$2) -> 3 | L5: =COUNTIFS('Incident Data Dump'!$H:$H,'IT FEED - Chart'!$B5,'Incident Data Dump'!$Q:$Q,'IT FEED - Chart'!L$2) -> 6 | M5: =COUNTIFS('Incident Data Dump'!$H:$H,'IT FEED - Chart'!$B5,'Incident Data Dump'!$Q:$Q,'IT FEED - Chart'!M$2) -> 1 | N5: =SUBTOTAL(9,K5:M5) -> 10 | O5: =COUNTIFS('Incident Data Dump'!$H:$H,'IT FEED - Chart'!$B5,'Incident Data Dump'!$Q:$Q,'IT FEED - Chart'!O$2) -> 1 | P5: =COUNTIFS('Incident Data Dump'!$H:$H,'IT FEED - Chart'!$B5,'Incident Data Dump'!$Q:$Q,'IT FEED - Chart'!P$2) -> 7 | Q5: =COUNTIFS('Incident Data Dump'!$H:$H,'IT FEED - Chart'!$B5,'Incident Data Dump'!$Q:$Q,'IT FEED - Chart'!Q$2) -> 4 | R5: =SUBTOTAL(9,O5:Q5) -> 12 | S5: =SUBTOTAL(9,C5:R5) -> 35 | T5: =COUNTIFS('Incident Data Dump'!$H:$H,'IT FEED - Chart'!$B5,'Incident Data Dump'!$Q:$Q,'IT FEED - Chart'!T$2) -> 3 | U5: =COUNTIFS('Incident Data Dump'!$H:$H,'IT FEED - Chart'!$B5,'Incident Data Dump'!$Q:$Q,'IT FEED - Chart'!U$2) -> 7 | V5: =COUNTIFS('Incident Data Dump'!$H:$H,'IT FEED - Chart'!$B5,'Incident Data Dump'!$Q:$Q,'IT FEED - Chart'!V$2) -> 1 | W5: =SUBTOTAL(9,T5:V5) -> 11 | X5: =COUNTIFS('Incident Data Dump'!$H:$H,'IT FEED - Chart'!$B5,'Incident Data Dump'!$Q:$Q,'IT FEED - Chart'!X$2) -> 5 | Y5: =COUNTIFS('Incident Data Dump'!$H:$H,'IT FEED - Chart'!$B5,'Incident Data Dump'!$Q:$Q,'IT FEED - Chart'!Y$2) -> 8 | Z5: =COUNTIFS('Incident Data Dump'!$H:$H,'IT FEED - Chart'!$B5,'Incident Data Dump'!$Q:$Q,'IT FEED - Chart'!Z$2) -> 9 | AA5: =SUBTOTAL(9,X5:Z5) -> 22 | AB5: =COUNTIFS('Incident Data Dump'!$H:$H,'IT FEED - Chart'!$B5,'Incident Data Dump'!$Q:$Q,'IT FEED - Chart'!AB$2) -> 4 | AC5: =COUNTIFS('Incident Data Dump'!$H:$H,'IT FEED - Chart'!$B5,'Incident Data Dump'!$Q:$Q,'IT FEED - Chart'!AC$2) -> 4 | AD5: =COUNTIFS('Incident Data Dump'!$H:$H,'IT FEED - Chart'!$B5,'Incident Data Dump'!$Q:$Q,'IT FEED - Chart'!AD$2) -> 8 | AE5: =SUBTOTAL(9,AB5:AD5) -> 16 | AF5: =COUNTIFS('Incident Data Dump'!$H:$H,'IT FEED - Chart'!$B5,'Incident Data Dump'!$Q:$Q,'IT FEED - Chart'!AF$2) -> 0 | AG5: =COUNTIFS('Incident Data Dump'!$H:$H,'IT FEED - Chart'!$B5,'Incident Data Dump'!$Q:$Q,'IT FEED - Chart'!AG$2) -> 3 | AH5: =COUNTIFS('Incident Data Dump'!$H:$H,'IT FEED - Chart'!$B5,'Incident Data Dump'!$Q:$Q,'IT FEED - Chart'!AH$2) -> 0 | AI5: =SUBTOTAL(9,AF5:AH5) -> 3 | AJ5: =SUBTOTAL(9,T5:AI5) -> 52
B6: Grand Total | C6: =SUM(C3:C5) -> 7 | D6: =SUM(D3:D5) -> 12 | E6: =SUM(E3:E5) -> 13 | F6: =SUM(F3:F5) -> 32 | G6: =SUM(G3:G5) -> 9 | H6: =SUM(H3:H5) -> 14 | I6: =SUM(I3:I5) -> 8 | J6: =SUM(J3:J5) -> 31 | ... AJ6: =SUM(AJ3:AJ5) -> 93
A8: Spotlight DC | B8: Team Member Injury | C8: =COUNTIFS('Incident Data Dump'!$P:$P,'IT FEED - Chart'!$A$8,'Incident Data Dump'!$H:$H,'IT FEED - Chart'!$B8,'Incident Data Dump'!$Q:$Q,'IT FEED - Chart'!C$2) -> 1 | D8: =COUNTIFS('Incident Data Dump'!$P:$P,'IT FEED - Chart'!$A$8,'Incident Data Dump'!$H:$H,'IT FEED - Chart'!$B8,'Incident Data Dump'!$Q:$Q,'IT FEED - Chart'!D$2) -> 0 | E8: =COUNTIFS('Incident Data Dump'!$P:$P,'IT FEED - Chart'!$A$8,'Incident Data Dump'!$H:$H,'IT FEED - Chart'!$B8,'Incident Data Dump'!$Q:$Q,'IT FEED - Chart'!E$2) -> 0 | F8: =SUBTOTAL(9,C8:E8) -> 1 | G8: =COUNTIFS('Incident Data Dump'!$P:$P,'IT FEED - Chart'!$A$8,'Incident Data Dump'!$H:$H,'IT FEED - Chart'!$B8,'Incident Data Dump'!$Q:$Q,'IT FEED - Chart'!G$2) -> 0 | H8: =COUNTIFS('Incident Data Dump'!$P:$P,'IT FEED - Chart'!$A$8,'Incident Data Dump'!$H:$H,'IT FEED - Chart'!$B8,'Incident Data Dump'!$Q:$Q,'IT FEED - Chart'!H$2) -> 3 | I8: =COUNTIFS('Incident Data Dump'!$P:$P,'IT FEED - Chart'!$A$8,'Incident Data Dump'!$H:$H,'IT FEED - Chart'!$B8,'Incident Data Dump'!$Q:$Q,'IT FEED - Chart'!I$2) -> 1 | J8: =SUBTOTAL(9,G8:I8) -> 4 | K8: =COUNTIFS('Incident Data Dump'!$P:$P,'IT FEED - Chart'!$A$8,'Incident Data Dump'!$H:$H,'IT FEED - Chart'!$B8,'Incident Data Dump'!$Q:$Q,'IT FEED - Chart'!K$2) -> 1 | L8: =COUNTIFS('Incident Data Dump'!$P:$P,'IT FEED - Chart'!$A$8,'Incident Data Dump'!$H:$H,'IT FEED - Chart'!$B8,'Incident Data Dump'!$Q:$Q,'IT FEED - Chart'!L$2) -> 1 | M8: =COUNTIFS('Incident Data Dump'!$P:$P,'IT FEED - Chart'!$A$8,'Incident Data Dump'!$H:$H,'IT FEED - Chart'!$B8,'Incident Data Dump'!$Q:$Q,'IT FEED - Chart'!M$2) -> 3 | N8: =SUBTOTAL(9,K8:M8) -> 5 | O8: =COUNTIFS('Incident Data Dump'!$P:$P,'IT FEED - Chart'!$A$8,'Incident Data Dump'!$H:$H,'IT FEED - Chart'!$B8,'Incident Data Dump'!$Q:$Q,'IT FEED - Chart'!O$2) -> 0 | P8: =COUNTIFS('Incident Data Dump'!$P:$P,'IT FEED - Chart'!$A$8,'Incident Data Dump'!$H:$H,'IT FEED - Chart'!$B8,'Incident Data Dump'!$Q:$Q,'IT FEED - Chart'!P$2) -> 1 | Q8: =COUNTIFS('Incident Data Dump'!$P:$P,'IT FEED - Chart'!$A$8,'Incident Data Dump'!$H:$H,'IT FEED - Chart'!$B8,'Incident Data Dump'!$Q:$Q,'IT FEED - Chart'!Q$2) -> 0 | R8: =SUBTOTAL(9,O8:Q8) -> 1 | S8: =SUBTOTAL(9,C8:R8) -> 11 | T8: =COUNTIFS('Incident Data Dump'!$P:$P,'IT FEED - Chart'!$A$8,'Incident Data Dump'!$H:$H,'IT FEED - Chart'!$B8,'Incident Data Dump'!$Q:$Q,'IT FEED - Chart'!T$2) -> 1 | U8: =COUNTIFS('Incident Data Dump'!$P:$P,'IT FEED - Chart'!$A$8,'Incident Data Dump'!$H:$H,'IT FEED - Chart'!$B8,'Incident Data Dump'!$Q:$Q,'IT FEED - Chart'!U$2) -> 1 | V8: =COUNTIFS('Incident Data Dump'!$P:$P,'IT FEED - Chart'!$A$8,'Incident Data Dump'!$H:$H,'IT FEED - Chart'!$B8,'Incident Data Dump'!$Q:$Q,'IT FEED - Chart'!V$2) -> 1 | W8: =SUBTOTAL(9,T8:V8) -> 3 | X8: =COUNTIFS('Incident Data Dump'!$P:$P,'IT FEED - Chart'!$A$8,'Incident Data Dump'!$H:$H,'IT FEED - Chart'!$B8,'Incident Data Dump'!$Q:$Q,'IT FEED - Chart'!X$2) -> 0 | Y8: =COUNTIFS('Incident Data Dump'!$P:$P,'IT FEED - Chart'!$A$8,'Incident Data Dump'!$H:$H,'IT FEED - Chart'!$B8,'Incident Data Dump'!$Q:$Q,'IT FEED - Chart'!Y$2) -> 0 | Z8: =COUNTIFS('Incident Data Dump'!$P:$P,'IT FEED - Chart'!$A$8,'Incident Data Dump'!$H:$H,'IT FEED - Chart'!$B8,'Incident Data Dump'!$Q:$Q,'IT FEED - Chart'!Z$2) -> 1 | AA8: =SUBTOTAL(9,X8:Z8) -> 1 | AB8: =COUNTIFS('Incident Data Dump'!$P:$P,'IT FEED - Chart'!$A$8,'Incident Data Dump'!$H:$H,'IT FEED - Chart'!$B8,'Incident Data Dump'!$Q:$Q,'IT FEED - Chart'!AB$2) -> 1 | AC8: =COUNTIFS('Incident Data Dump'!$P:$P,'IT FEED - Chart'!$A$8,'Incident Data Dump'!$H:$H,'IT FEED - Chart'!$B8,'Incident Data Dump'!$Q:$Q,'IT FEED - Chart'!AC$2) -> 0 | AD8: =COUNTIFS('Incident Data Dump'!$P:$P,'IT FEED - Chart'!$A$8,'Incident Data Dump'!$H:$H,'IT FEED - Chart'!$B8,'Incident Data Dump'!$Q:$Q,'IT FEED - Chart'!AD$2) -> 0 | AE8: =SUBTOTAL(9,AB8:AD8) -> 1 | AF8: =COUNTIFS('Incident Data Dump'!$P:$P,'IT FEED - Chart'!$A$8,'Incident Data Dump'!$H:$H,'IT FEED - Chart'!$B8,'Incident Data Dump'!$Q:$Q,'IT FEED - Chart'!AF$2) -> 1 | AG8: =COUNTIFS('Incident Data Dump'!$P:$P,'IT FEED - Chart'!$A$8,'Incident Data Dump'!$H:$H,'IT FEED - Chart'!$B8,'Incident Data Dump'!$Q:$Q,'IT FEED - Chart'!AG$2) -> 1 | AH8: =COUNTIFS('Incident Data Dump'!$P:$P,'IT FEED - Chart'!$A$8,'Incident Data Dump'!$H:$H,'IT FEED - Chart'!$B8,'Incident Data Dump'!$Q:$Q,'IT FEED - Chart'!AH$2) -> 0 | AI8: =SUBTOTAL(9,AF8:AH8) -> 2 | AJ8: =SUBTOTAL(9,T8:AI8) -> 7
B9: Safety Near Miss | C9: =COUNTIFS('Incident Data Dump'!$P:$P,'IT FEED - Chart'!$A$8,'Incident Data Dump'!$H:$H,'IT FEED - Chart'!$B9,'Incident Data Dump'!$Q:$Q,'IT FEED - Chart'!C$2) -> 0 | D9: =COUNTIFS('Incident Data Dump'!$P:$P,'IT FEED - Chart'!$A$8,'Incident Data Dump'!$H:$H,'IT FEED - Chart'!$B9,'Incident Data Dump'!$Q:$Q,'IT FEED - Chart'!D$2) -> 1 | E9: =COUNTIFS('Incident Data Dump'!$P:$P,'IT FEED - Chart'!$A$8,'Incident Data Dump'!$H:$H,'IT FEED - Chart'!$B9,'Incident Data Dump'!$Q:$Q,'IT FEED - Chart'!E$2) -> 3 | F9: =SUBTOTAL(9,C9:E9) -> 4 | G9: =COUNTIFS('Incident Data Dump'!$P:$P,'IT FEED - Chart'!$A$8,'Incident Data Dump'!$H:$H,'IT FEED - Chart'!$B9,'Incident Data Dump'!$Q:$Q,'IT FEED - Chart'!G$2) -> 1 | H9: =COUNTIFS('Incident Data Dump'!$P:$P,'IT FEED - Chart'!$A$8,'Incident Data Dump'!$H:$H,'IT FEED - Chart'!$B9,'Incident Data Dump'!$Q:$Q,'IT FEED - Chart'!H$2) -> 2 | I9: =COUNTIFS('Incident Data Dump'!$P:$P,'IT FEED - Chart'!$A$8,'Incident Data Dump'!$H:$H,'IT FEED - Chart'!$B9,'Incident Data Dump'!$Q:$Q,'IT FEED - Chart'!I$2) -> 0 | J9: =SUBTOTAL(9,G9:I9) -> 3 | K9: =COUNTIFS('Incident Data Dump'!$P:$P,'IT FEED - Chart'!$A$8,'Incident Data Dump'!$H:$H,'IT FEED - Chart'!$B9,'Incident Data Dump'!$Q:$Q,'IT FEED - Chart'!K$2) -> 2 | L9: =COUNTIFS('Incident Data Dump'!$P:$P,'IT FEED - Chart'!$A$8,'Incident Data Dump'!$H:$H,'IT FEED - Chart'!$B9,'Incident Data Dump'!$Q:$Q,'IT FEED - Chart'!L$2) -> 1 | M9: =COUNTIFS('Incident Data Dump'!$P:$P,'IT FEED - Chart'!$A$8,'Incident Data Dump'!$H:$H,'IT FEED - Chart'!$B9,'Incident Data Dump'!$Q:$Q,'IT FEED - Chart'!M$2) -> 0 | N9: =SUBTOTAL(9,K9:M9) -> 3 | O9: =COUNTIFS('Incident Data Dump'!$P:$P,'IT FEED - Chart'!$A$8,'Incident Data Dump'!$H:$H,'IT FEED - Chart'!$B9,'Incident Data Dump'!$Q:$Q,'IT FEED - Chart'!O$2) -> 2 | P9: =COUNTIFS('Incident Data Dump'!$P:$P,'IT FEED - Chart'!$A$8,'Incident Data Dump'!$H:$H,'IT FEED - Chart'!$B9,'Incident Data Dump'!$Q:$Q,'IT FEED - Chart'!P$2) -> 0 | Q9: =COUNTIFS('Incident Data Dump'!$P:$P,'IT FEED - Chart'!$A$8,'Incident Data Dump'!$H:$H,'IT FEED - Chart'!$B9,'Incident Data Dump'!$Q:$Q,'IT FEED - Chart'!Q$2) -> 2 | R9: =SUBTOTAL(9,O9:Q9) -> 4 | S9: =SUBTOTAL(9,C9:R9) -> 14 | T9: =COUNTIFS('Incident Data Dump'!$P:$P,'IT FEED - Chart'!$A$8,'Incident Data Dump'!$H:$H,'IT FEED - Chart'!$B9,'Incident Data Dump'!$Q:$Q,'IT FEED - Chart'!T$2) -> 0 | U9: =COUNTIFS('Incident Data Dump'!$P:$P,'IT FEED - Chart'!$A$8,'Incident Data Dump'!$H:$H,'IT FEED - Chart'!$B9,'Incident Data Dump'!$Q:$Q,'IT FEED - Chart'!U$2) -> 5 | V9: =COUNTIFS('Incident Data Dump'!$P:$P,'IT FEED - Chart'!$A$8,'Incident Data Dump'!$H:$H,'IT FEED - Chart'!$B9,'Incident Data Dump'!$Q:$Q,'IT FEED - Chart'!V$2) -> 0 | W9: =SUBTOTAL(9,T9:V9) -> 5 | X9: =COUNTIFS('Incident Data Dump'!$P:$P,'IT FEED - Chart'!$A$8,'Incident Data Dump'!$H:$H,'IT FEED - Chart'!$B9,'Incident Data Dump'!$Q:$Q,'IT FEED - Chart'!X$2) -> 1 | Y9: =COUNTIFS('Incident Data Dump'!$P:$P,'IT FEED - Chart'!$A$8,'Incident Data Dump'!$H:$H,'IT FEED - Chart'!$B9,'Incident Data Dump'!$Q:$Q,'IT FEED - Chart'!Y$2) -> 3 | Z9: =COUNTIFS('Incident Data Dump'!$P:$P,'IT FEED - Chart'!$A$8,'Incident Data Dump'!$H:$H,'IT FEED - Chart'!$B9,'Incident Data Dump'!$Q:$Q,'IT FEED - Chart'!Z$2) -> 0 | AA9: =SUBTOTAL(9,X9:Z9) -> 4 | AB9: =COUNTIFS('Incident Data Dump'!$P:$P,'IT FEED - Chart'!$A$8,'Incident Data Dump'!$H:$H,'IT FEED - Chart'!$B9,'Incident Data Dump'!$Q:$Q,'IT FEED - Chart'!AB$2) -> 3 | AC9: =COUNTIFS('Incident Data Dump'!$P:$P,'IT FEED - Chart'!$A$8,'Incident Data Dump'!$H:$H,'IT FEED - Chart'!$B9,'Incident Data Dump'!$Q:$Q,'IT FEED - Chart'!AC$2) -> 3 | AD9: =COUNTIFS('Incident Data Dump'!$P:$P,'IT FEED - Chart'!$A$8,'Incident Data Dump'!$H:$H,'IT FEED - Chart'!$B9,'Incident Data Dump'!$Q:$Q,'IT FEED - Chart'!AD$2) -> 1 | AE9: =SUBTOTAL(9,AB9:AD9) -> 7 | AF9: =COUNTIFS('Incident Data Dump'!$P:$P,'IT FEED - Chart'!$A$8,'Incident Data Dump'!$H:$H,'IT FEED - Chart'!$B9,'Incident Data Dump'!$Q:$Q,'IT FEED - Chart'!AF$2) -> 4 | AG9: =COUNTIFS('Incident Data Dump'!$P:$P,'IT FEED - Chart'!$A$8,'Incident Data Dump'!$H:$H,'IT FEED - Chart'!$B9,'Incident Data Dump'!$Q:$Q,'IT FEED - Chart'!AG$2) -> 2 | AH9: =COUNTIFS('Incident Data Dump'!$P:$P,'IT FEED - Chart'!$A$8,'Incident Data Dump'!$H:$H,'IT FEED - Chart'!$B9,'Incident Data Dump'!$Q:$Q,'IT FEED - Chart'!AH$2) -> 0 | AI9: =SUBTOTAL(9,AF9:AH9) -> 6 | AJ9: =SUBTOTAL(9,T9:AI9) -> 22
B10: Customer / Contractor | C10: =COUNTIFS('Incident Data Dump'!$P:$P,'IT FEED - Chart'!$A$8,'Incident Data Dump'!$H:$H,'IT FEED - Chart'!$B10,'Incident Data Dump'!$Q:$Q,'IT FEED - Chart'!C$2) -> 0 | D10: =COUNTIFS('Incident Data Dump'!$P:$P,'IT FEED - Chart'!$A$8,'Incident Data Dump'!$H:$H,'IT FEED - Chart'!$B10,'Incident Data Dump'!$Q:$Q,'IT FEED - Chart'!D$2) -> 0 | E10: =COUNTIFS('Incident Data Dump'!$P:$P,'IT FEED - Chart'!$A$8,'Incident Data Dump'!$H:$H,'IT FEED - Chart'!$B10,'Incident Data Dump'!$Q:$Q,'IT FEED - Chart'!E$2) -> 0 | F10: =SUBTOTAL(9,C10:E10) -> 0 | G10: =COUNTIFS('Incident Data Dump'!$P:$P,'IT FEED - Chart'!$A$8,'Incident Data Dump'!$H:$H,'IT FEED - Chart'!$B10,'Incident Data Dump'!$Q:$Q,'IT FEED - Chart'!G$2) -> 0 | H10: =COUNTIFS('Incident Data Dump'!$P:$P,'IT FEED - Chart'!$A$8,'Incident Data Dump'!$H:$H,'IT FEED - Chart'!$B10,'Incident Data Dump'!$Q:$Q,'IT FEED - Chart'!H$2) -> 0 | I10: =COUNTIFS('Incident Data Dump'!$P:$P,'IT FEED - Chart'!$A$8,'Incident Data Dump'!$H:$H,'IT FEED - Chart'!$B10,'Incident Data Dump'!$Q:$Q,'IT FEED - Chart'!I$2) -> 0 | J10: =SUBTOTAL(9,G10:I10) -> 0 | K10: =COUNTIFS('Incident Data Dump'!$P:$P,'IT FEED - Chart'!$A$8,'Incident Data Dump'!$H:$H,'IT FEED - Chart'!$B10,'Incident Data Dump'!$Q:$Q,'IT FEED - Chart'!K$2) -> 2 | L10: =COUNTIFS('Incident Data Dump'!$P:$P,'IT FEED - Chart'!$A$8,'Incident Data Dump'!$H:$H,'IT FEED - Chart'!$B10,'Incident Data Dump'!$Q:$Q,'IT FEED - Chart'!L$2) -> 6 | M10: =COUNTIFS('Incident Data Dump'!$P:$P,'IT FEED - Chart'!$A$8,'Incident Data Dump'!$H:$H,'IT FEED - Chart'!$B10,'Incident Data Dump'!$Q:$Q,'IT FEED - Chart'!M$2) -> 1 | N10: =SUBTOTAL(9,K10:M10) -> 9 | O10: =COUNTIFS('Incident Data Dump'!$P:$P,'IT FEED - Chart'!$A$8,'Incident Data Dump'!$H:$H,'IT FEED - Chart'!$B10,'Incident Data Dump'!$Q:$Q,'IT FEED - Chart'!O$2) -> 0 | P10: =COUNTIFS('Incident Data Dump'!$P:$P,'IT FEED - Chart'!$A$8,'Incident Data Dump'!$H:$H,'IT FEED - Chart'!$B10,'Incident Data Dump'!$Q:$Q,'IT FEED - Chart'!P$2) -> 5 | Q10: =COUNTIFS('Incident Data Dump'!$P:$P,'IT FEED - Chart'!$A$8,'Incident Data Dump'!$H:$H,'IT FEED - Chart'!$B10,'Incident Data Dump'!$Q:$Q,'IT FEED - Chart'!Q$2) -> 4 | R10: =SUBTOTAL(9,O10:Q10) -> 9 | S10: =SUBTOTAL(9,C10:R10) -> 18 | T10: =COUNTIFS('Incident Data Dump'!$P:$P,'IT FEED - Chart'!$A$8,'Incident Data Dump'!$H:$H,'IT FEED - Chart'!$B10,'Incident Data Dump'!$Q:$Q,'IT FEED - Chart'!T$2) -> 3 | U10: =COUNTIFS('Incident Data Dump'!$P:$P,'IT FEED - Chart'!$A$8,'Incident Data Dump'!$H:$H,'IT FEED - Chart'!$B10,'Incident Data Dump'!$Q:$Q,'IT FEED - Chart'!U$2) -> 6 | V10: =COUNTIFS('Incident Data Dump'!$P:$P,'IT FEED - Chart'!$A$8,'Incident Data Dump'!$H:$H,'IT FEED - Chart'!$B10,'Incident Data Dump'!$Q:$Q,'IT FEED - Chart'!V$2) -> 0 | W10: =SUBTOTAL(9,T10:V10) -> 9 | X10: =COUNTIFS('Incident Data Dump'!$P:$P,'IT FEED - Chart'!$A$8,'Incident Data Dump'!$H:$H,'IT FEED - Chart'!$B10,'Incident Data Dump'!$Q:$Q,'IT FEED - Chart'!X$2) -> 4 | Y10: =COUNTIFS('Incident Data Dump'!$P:$P,'IT FEED - Chart'!$A$8,'Incident Data Dump'!$H:$H,'IT FEED - Chart'!$B10,'Incident Data Dump'!$Q:$Q,'IT FEED - Chart'!Y$2) -> 5 | Z10: =COUNTIFS('Incident Data Dump'!$P:$P,'IT FEED - Chart'!$A$8,'Incident Data Dump'!$H:$H,'IT FEED - Chart'!$B10,'Incident Data Dump'!$Q:$Q,'IT FEED - Chart'!Z$2) -> 6 | AA10: =SUBTOTAL(9,X10:Z10) -> 15 | AB10: =COUNTIFS('Incident Data Dump'!$P:$P,'IT FEED - Chart'!$A$8,'Incident Data Dump'!$H:$H,'IT FEED - Chart'!$B10,'Incident Data Dump'!$Q:$Q,'IT FEED - Chart'!AB$2) -> 3 | AC10: =COUNTIFS('Incident Data Dump'!$P:$P,'IT FEED - Chart'!$A$8,'Incident Data Dump'!$H:$H,'IT FEED - Chart'!$B10,'Incident Data Dump'!$Q:$Q,'IT FEED - Chart'!AC$2) -> 2 | AD10: =COUNTIFS('Incident Data Dump'!$P:$P,'IT FEED - Chart'!$A$8,'Incident Data Dump'!$H:$H,'IT FEED - Chart'!$B10,'Incident Data Dump'!$Q:$Q,'IT FEED - Chart'!AD$2) -> 5 | AE10: =SUBTOTAL(9,AB10:AD10) -> 10 | AF10: =COUNTIFS('Incident Data Dump'!$P:$P,'IT FEED - Chart'!$A$8,'Incident Data Dump'!$H:$H,'IT FEED - Chart'!$B10,'Incident Data Dump'!$Q:$Q,'IT FEED - Chart'!AF$2) -> 0 | AG10: =COUNTIFS('Incident Data Dump'!$P:$P,'IT FEED - Chart'!$A$8,'Incident Data Dump'!$H:$H,'IT FEED - Chart'!$B10,'Incident Data Dump'!$Q:$Q,'IT FEED - Chart'!AG$2) -> 1 | AH10: =COUNTIFS('Incident Data Dump'!$P:$P,'IT FEED - Chart'!$A$8,'Incident Data Dump'!$H:$H,'IT FEED - Chart'!$B10,'Incident Data Dump'!$Q:$Q,'IT FEED - Chart'!AH$2) -> 0 | AI10: =SUBTOTAL(9,AF10:AH10) -> 1 | AJ10: =SUBTOTAL(9,T10:AI10) -> 35
B11: Grand Total | C11: =SUM(C8:C10) -> 1 | D11: =SUM(D8:D10) -> 1 | E11: =SUM(E8:E10) -> 3 | F11: =SUM(F8:F10) -> 5 | G11: =SUM(G8:G10) -> 1 | H11: =SUM(H8:H10) -> 5 | I11: =SUM(I8:I10) -> 1 | J11: =SUM(J8:J10) -> 7 | ... AJ11: =SUM(AJ8:AJ10) -> 64
A13: Anaconda DC | B13: Team Member Injury | C13: =COUNTIFS('Incident Data Dump'!$P:$P,'IT FEED - Chart'!$A$13,'Incident Data Dump'!$H:$H,'IT FEED - Chart'!$B13,'Incident Data Dump'!$Q:$Q,'IT FEED - Chart'!C$2) -> 0 | D13: =COUNTIFS('Incident Data Dump'!$P:$P,'IT FEED - Chart'!$A$13,'Incident Data Dump'!$H:$H,'IT FEED - Chart'!$B13,'Incident Data Dump'!$Q:$Q,'IT FEED - Chart'!D$2) -> 4 | E13: =COUNTIFS('Incident Data Dump'!$P:$P,'IT FEED - Chart'!$A$13,'Incident Data Dump'!$H:$H,'IT FEED - Chart'!$B13,'Incident Data Dump'!$Q:$Q,'IT FEED - Chart'!E$2) -> 3 | F13: =SUBTOTAL(9,C13:E13) -> 7 | G13: =COUNTIFS('Incident Data Dump'!$P:$P,'IT FEED - Chart'!$A$13,'Incident Data Dump'!$H:$H,'IT FEED - Chart'!$B13,'Incident Data Dump'!$Q:$Q,'IT FEED - Chart'!G$2) -> 0 | H13: =COUNTIFS('Incident Data Dump'!$P:$P,'IT FEED - Chart'!$A$13,'Incident Data Dump'!$H:$H,'IT FEED - Chart'!$B13,'Incident Data Dump'!$Q:$Q,'IT FEED - Chart'!H$2) -> 2 | I13: =COUNTIFS('Incident Data Dump'!$P:$P,'IT FEED - Chart'!$A$13,'Incident Data Dump'!$H:$H,'IT FEED - Chart'!$B13,'Incident Data Dump'!$Q:$Q,'IT FEED - Chart'!I$2) -> 2 | J13: =SUBTOTAL(9,G13:I13) -> 4 | K13: =COUNTIFS('Incident Data Dump'!$P:$P,'IT FEED - Chart'!$A$13,'Incident Data Dump'!$H:$H,'IT FEED - Chart'!$B13,'Incident Data Dump'!$Q:$Q,'IT FEED - Chart'!K$2) -> 0 | L13: =COUNTIFS('Incident Data Dump'!$P:$P,'IT FEED - Chart'!$A$13,'Incident Data Dump'!$H:$H,'IT FEED - Chart'!$B13,'Incident Data Dump'!$Q:$Q,'IT FEED - Chart'!L$2) -> 0 | M13: =COUNTIFS('Incident Data Dump'!$P:$P,'IT FEED - Chart'!$A$13,'Incident Data Dump'!$H:$H,'IT FEED - Chart'!$B13,'Incident Data Dump'!$Q:$Q,'IT FEED - Chart'!M$2) -> 0 | N13: =SUBTOTAL(9,K13:M13) -> 0 | O13: =COUNTIFS('Incident Data Dump'!$P:$P,'IT FEED - Chart'!$A$13,'Incident Data Dump'!$H:$H,'IT FEED - Chart'!$B13,'Incident Data Dump'!$Q:$Q,'IT FEED - Chart'!O$2) -> 0 | P13: =COUNTIFS('Incident Data Dump'!$P:$P,'IT FEED - Chart'!$A$13,'Incident Data Dump'!$H:$H,'IT FEED - Chart'!$B13,'Incident Data Dump'!$Q:$Q,'IT FEED - Chart'!P$2) -> 1 | Q13: =COUNTIFS('Incident Data Dump'!$P:$P,'IT FEED - Chart'!$A$13,'Incident Data Dump'!$H:$H,'IT FEED - Chart'!$B13,'Incident Data Dump'!$Q:$Q,'IT FEED - Chart'!Q$2) -> 1 | R13: =SUBTOTAL(9,O13:Q13) -> 2 | S13: =SUBTOTAL(9,C13:R13) -> 13 | T13: =COUNTIFS('Incident Data Dump'!$P:$P,'IT FEED - Chart'!$A$13,'Incident Data Dump'!$H:$H,'IT FEED - Chart'!$B13,'Incident Data Dump'!$Q:$Q,'IT FEED - Chart'!T$2) -> 0 | U13: =COUNTIFS('Incident Data Dump'!$P:$P,'IT FEED - Chart'!$A$13,'Incident Data Dump'!$H:$H,'IT FEED - Chart'!$B13,'Incident Data Dump'!$Q:$Q,'IT FEED - Chart'!U$2) -> 0 | V13: =COUNTIFS('Incident Data Dump'!$P:$P,'IT FEED - Chart'!$A$13,'Incident Data Dump'!$H:$H,'IT FEED - Chart'!$B13,'Incident Data Dump'!$Q:$Q,'IT FEED - Chart'!V$2) -> 0 | W13: =SUBTOTAL(9,T13:V13) -> 0 | X13: =COUNTIFS('Incident Data Dump'!$P:$P,'IT FEED - Chart'!$A$13,'Incident Data Dump'!$H:$H,'IT FEED - Chart'!$B13,'Incident Data Dump'!$Q:$Q,'IT FEED - Chart'!X$2) -> 0 | Y13: =COUNTIFS('Incident Data Dump'!$P:$P,'IT FEED - Chart'!$A$13,'Incident Data Dump'!$H:$H,'IT FEED - Chart'!$B13,'Incident Data Dump'!$Q:$Q,'IT FEED - Chart'!Y$2) -> 0 | Z13: =COUNTIFS('Incident Data Dump'!$P:$P,'IT FEED - Chart'!$A$13,'Incident Data Dump'!$H:$H,'IT FEED - Chart'!$B13,'Incident Data Dump'!$Q:$Q,'IT FEED - Chart'!Z$2) -> 0 | AA13: =SUBTOTAL(9,X13:Z13) -> 0 | AB13: =COUNTIFS('Incident Data Dump'!$P:$P,'IT FEED - Chart'!$A$13,'Incident Data Dump'!$H:$H,'IT FEED - Chart'!$B13,'Incident Data Dump'!$Q:$Q,'IT FEED - Chart'!AB$2) -> 0 | AC13: =COUNTIFS('Incident Data Dump'!$P:$P,'IT FEED - Chart'!$A$13,'Incident Data Dump'!$H:$H,'IT FEED - Chart'!$B13,'Incident Data Dump'!$Q:$Q,'IT FEED - Chart'!AC$2) -> 0 | AD13: =COUNTIFS('Incident Data Dump'!$P:$P,'IT FEED - Chart'!$A$13,'Incident Data Dump'!$H:$H,'IT FEED - Chart'!$B13,'Incident Data Dump'!$Q:$Q,'IT FEED - Chart'!AD$2) -> 0 | AE13: =SUBTOTAL(9,AB13:AD13) -> 0 | AF13: =COUNTIFS('Incident Data Dump'!$P:$P,'IT FEED - Chart'!$A$13,'Incident Data Dump'!$H:$H,'IT FEED - Chart'!$B13,'Incident Data Dump'!$Q:$Q,'IT FEED - Chart'!AF$2) -> 0 | AG13: =COUNTIFS('Incident Data Dump'!$P:$P,'IT FEED - Chart'!$A$13,'Incident Data Dump'!$H:$H,'IT FEED - Chart'!$B13,'Incident Data Dump'!$Q:$Q,'IT FEED - Chart'!AG$2) -> 0 | AH13: =COUNTIFS('Incident Data Dump'!$P:$P,'IT FEED - Chart'!$A$13,'Incident Data Dump'!$H:$H,'IT FEED - Chart'!$B13,'Incident Data Dump'!$Q:$Q,'IT FEED - Chart'!AH$2) -> 0 | AI13: =SUBTOTAL(9,AF13:AH13) -> 0 | AJ13: =SUBTOTAL(9,T13:AI13) -> 0
B14: Safety Near Miss | C14: =COUNTIFS('Incident Data Dump'!$P:$P,'IT FEED - Chart'!$A$13,'Incident Data Dump'!$H:$H,'IT FEED - Chart'!$B14,'Incident Data Dump'!$Q:$Q,'IT FEED - Chart'!C$2) -> 4 | D14: =COUNTIFS('Incident Data Dump'!$P:$P,'IT FEED - Chart'!$A$13,'Incident Data Dump'!$H:$H,'IT FEED - Chart'!$B14,'Incident Data Dump'!$Q:$Q,'IT FEED - Chart'!D$2) -> 5 | E14: =COUNTIFS('Incident Data Dump'!$P:$P,'IT FEED - Chart'!$A$13,'Incident Data Dump'!$H:$H,'IT FEED - Chart'!$B14,'Incident Data Dump'!$Q:$Q,'IT FEED - Chart'!E$2) -> 4 | F14: =SUBTOTAL(9,C14:E14) -> 13 | G14: =COUNTIFS('Incident Data Dump'!$P:$P,'IT FEED - Chart'!$A$13,'Incident Data Dump'!$H:$H,'IT FEED - Chart'!$B14,'Incident Data Dump'!$Q:$Q,'IT FEED - Chart'!G$2) -> 8 | H14: =COUNTIFS('Incident Data Dump'!$P:$P,'IT FEED - Chart'!$A$13,'Incident Data Dump'!$H:$H,'IT FEED - Chart'!$B14,'Incident Data Dump'!$Q:$Q,'IT FEED - Chart'!H$2) -> 3 | I14: =COUNTIFS('Incident Data Dump'!$P:$P,'IT FEED - Chart'!$A$13,'Incident Data Dump'!$H:$H,'IT FEED - Chart'!$B14,'Incident Data Dump'!$Q:$Q,'IT FEED - Chart'!I$2) -> 3 | J14: =SUBTOTAL(9,G14:I14) -> 14 | K14: =COUNTIFS('Incident Data Dump'!$P:$P,'IT FEED - Chart'!$A$13,'Incident Data Dump'!$H:$H,'IT FEED - Chart'!$B14,'Incident Data Dump'!$Q:$Q,'IT FEED - Chart'!K$2) -> 0 | L14: =COUNTIFS('Incident Data Dump'!$P:$P,'IT FEED - Chart'!$A$13,'Incident Data Dump'!$H:$H,'IT FEED - Chart'!$B14,'Incident Data Dump'!$Q:$Q,'IT FEED - Chart'!L$2) -> 0 | M14: =COUNTIFS('Incident Data Dump'!$P:$P,'IT FEED - Chart'!$A$13,'Incident Data Dump'!$H:$H,'IT FEED - Chart'!$B14,'Incident Data Dump'!$Q:$Q,'IT FEED - Chart'!M$2) -> 0 | N14: =SUBTOTAL(9,K14:M14) -> 0 | O14: =COUNTIFS('Incident Data Dump'!$P:$P,'IT FEED - Chart'!$A$13,'Incident Data Dump'!$H:$H,'IT FEED - Chart'!$B14,'Incident Data Dump'!$Q:$Q,'IT FEED - Chart'!O$2) -> 0 | P14: =COUNTIFS('Incident Data Dump'!$P:$P,'IT FEED - Chart'!$A$13,'Incident Data Dump'!$H:$H,'IT FEED - Chart'!$B14,'Incident Data Dump'!$Q:$Q,'IT FEED - Chart'!P$2) -> 0 | Q14: =COUNTIFS('Incident Data Dump'!$P:$P,'IT FEED - Chart'!$A$13,'Incident Data Dump'!$H:$H,'IT FEED - Chart'!$B14,'Incident Data Dump'!$Q:$Q,'IT FEED - Chart'!Q$2) -> 0 | R14: =SUBTOTAL(9,O14:Q14) -> 0 | S14: =SUBTOTAL(9,C14:R14) -> 27 | T14: =COUNTIFS('Incident Data Dump'!$P:$P,'IT FEED - Chart'!$A$13,'Incident Data Dump'!$H:$H,'IT FEED - Chart'!$B14,'Incident Data Dump'!$Q:$Q,'IT FEED - Chart'!T$2) -> 1 | U14: =COUNTIFS('Incident Data Dump'!$P:$P,'IT FEED - Chart'!$A$13,'Incident Data Dump'!$H:$H,'IT FEED - Chart'!$B14,'Incident Data Dump'!$Q:$Q,'IT FEED - Chart'!U$2) -> 1 | V14: =COUNTIFS('Incident Data Dump'!$P:$P,'IT FEED - Chart'!$A$13,'Incident Data Dump'!$H:$H,'IT FEED - Chart'!$B14,'Incident Data Dump'!$Q:$Q,'IT FEED - Chart'!V$2) -> 0 | W14: =SUBTOTAL(9,T14:V14) -> 2 | X14: =COUNTIFS('Incident Data Dump'!$P:$P,'IT FEED - Chart'!$A$13,'Incident Data Dump'!$H:$H,'IT FEED - Chart'!$B14,'Incident Data Dump'!$Q:$Q,'IT FEED - Chart'!X$2) -> 0 | Y14: =COUNTIFS('Incident Data Dump'!$P:$P,'IT FEED - Chart'!$A$13,'Incident Data Dump'!$H:$H,'IT FEED - Chart'!$B14,'Incident Data Dump'!$Q:$Q,'IT FEED - Chart'!Y$2) -> 1 | Z14: =COUNTIFS('Incident Data Dump'!$P:$P,'IT FEED - Chart'!$A$13,'Incident Data Dump'!$H:$H,'IT FEED - Chart'!$B14,'Incident Data Dump'!$Q:$Q,'IT FEED - Chart'!Z$2) -> 0 | AA14: =SUBTOTAL(9,X14:Z14) -> 1 | AB14: =COUNTIFS('Incident Data Dump'!$P:$P,'IT FEED - Chart'!$A$13,'Incident Data Dump'!$H:$H,'IT FEED - Chart'!$B14,'Incident Data Dump'!$Q:$Q,'IT FEED - Chart'!AB$2) -> 1 | AC14: =COUNTIFS('Incident Data Dump'!$P:$P,'IT FEED - Chart'!$A$13,'Incident Data Dump'!$H:$H,'IT FEED - Chart'!$B14,'Incident Data Dump'!$Q:$Q,'IT FEED - Chart'!AC$2) -> 0 | AD14: =COUNTIFS('Incident Data Dump'!$P:$P,'IT FEED - Chart'!$A$13,'Incident Data Dump'!$H:$H,'IT FEED - Chart'!$B14,'Incident Data Dump'!$Q:$Q,'IT FEED - Chart'!AD$2) -> 0 | AE14: =SUBTOTAL(9,AB14:AD14) -> 1 | AF14: =COUNTIFS('Incident Data Dump'!$P:$P,'IT FEED - Chart'!$A$13,'Incident Data Dump'!$H:$H,'IT FEED - Chart'!$B14,'Incident Data Dump'!$Q:$Q,'IT FEED - Chart'!AF$2) -> 0 | AG14: =COUNTIFS('Incident Data Dump'!$P:$P,'IT FEED - Chart'!$A$13,'Incident Data Dump'!$H:$H,'IT FEED - Chart'!$B14,'Incident Data Dump'!$Q:$Q,'IT FEED - Chart'!AG$2) -> 0 | AH14: =COUNTIFS('Incident Data Dump'!$P:$P,'IT FEED - Chart'!$A$13,'Incident Data Dump'!$H:$H,'IT FEED - Chart'!$B14,'Incident Data Dump'!$Q:$Q,'IT FEED - Chart'!AH$2) -> 0 | AI14: =SUBTOTAL(9,AF14:AH14) -> 0 | AJ14: =SUBTOTAL(9,T14:AI14) -> 4
B15: Customer / Contractor | C15: =COUNTIFS('Incident Data Dump'!$P:$P,'IT FEED - Chart'!$A$13,'Incident Data Dump'!$H:$H,'IT FEED - Chart'!$B15,'Incident Data Dump'!$Q:$Q,'IT FEED - Chart'!C$2) -> 2 | D15: =COUNTIFS('Incident Data Dump'!$P:$P,'IT FEED - Chart'!$A$13,'Incident Data Dump'!$H:$H,'IT FEED - Chart'!$B15,'Incident Data Dump'!$Q:$Q,'IT FEED - Chart'!D$2) -> 2 | E15: =COUNTIFS('Incident Data Dump'!$P:$P,'IT FEED - Chart'!$A$13,'Incident Data Dump'!$H:$H,'IT FEED - Chart'!$B15,'Incident Data Dump'!$Q:$Q,'IT FEED - Chart'!E$2) -> 3 | F15: =SUBTOTAL(9,C15:E15) -> 7 | G15: =COUNTIFS('Incident Data Dump'!$P:$P,'IT FEED - Chart'!$A$13,'Incident Data Dump'!$H:$H,'IT FEED - Chart'!$B15,'Incident Data Dump'!$Q:$Q,'IT FEED - Chart'!G$2) -> 0 | H15: =COUNTIFS('Incident Data Dump'!$P:$P,'IT FEED - Chart'!$A$13,'Incident Data Dump'!$H:$H,'IT FEED - Chart'!$B15,'Incident Data Dump'!$Q:$Q,'IT FEED - Chart'!H$2) -> 4 | I15: =COUNTIFS('Incident Data Dump'!$P:$P,'IT FEED - Chart'!$A$13,'Incident Data Dump'!$H:$H,'IT FEED - Chart'!$B15,'Incident Data Dump'!$Q:$Q,'IT FEED - Chart'!I$2) -> 2 | J15: =SUBTOTAL(9,G15:I15) -> 6 | K15: =COUNTIFS('Incident Data Dump'!$P:$P,'IT FEED - Chart'!$A$13,'Incident Data Dump'!$H:$H,'IT FEED - Chart'!$B15,'Incident Data Dump'!$Q:$Q,'IT FEED - Chart'!K$2) -> 1 | L15: =COUNTIFS('Incident Data Dump'!$P:$P,'IT FEED - Chart'!$A$13,'Incident Data Dump'!$H:$H,'IT FEED - Chart'!$B15,'Incident Data Dump'!$Q:$Q,'IT FEED - Chart'!L$2) -> 0 | M15: =COUNTIFS('Incident Data Dump'!$P:$P,'IT FEED - Chart'!$A$13,'Incident Data Dump'!$H:$H,'IT FEED - Chart'!$B15,'Incident Data Dump'!$Q:$Q,'IT FEED - Chart'!M$2) -> 0 | N15: =SUBTOTAL(9,K15:M15) -> 1 | O15: =COUNTIFS('Incident Data Dump'!$P:$P,'IT FEED - Chart'!$A$13,'Incident Data Dump'!$H:$H,'IT FEED - Chart'!$B15,'Incident Data Dump'!$Q:$Q,'IT FEED - Chart'!O$2) -> 0 | P15: =COUNTIFS('Incident Data Dump'!$P:$P,'IT FEED - Chart'!$A$13,'Incident Data Dump'!$H:$H,'IT FEED - Chart'!$B15,'Incident Data Dump'!$Q:$Q,'IT FEED - Chart'!P$2) -> 0 | Q15: =COUNTIFS('Incident Data Dump'!$P:$P,'IT FEED - Chart'!$A$13,'Incident Data Dump'!$H:$H,'IT FEED - Chart'!$B15,'Incident Data Dump'!$Q:$Q,'IT FEED - Chart'!Q$2) -> 0 | R15: =SUBTOTAL(9,O15:Q15) -> 0 | S15: =SUBTOTAL(9,C15:R15) -> 14 | T15: =COUNTIFS('Incident Data Dump'!$P:$P,'IT FEED - Chart'!$A$13,'Incident Data Dump'!$H:$H,'IT FEED - Chart'!$B15,'Incident Data Dump'!$Q:$Q,'IT FEED - Chart'!T$2) -> 0 | U15: =COUNTIFS('Incident Data Dump'!$P:$P,'IT FEED - Chart'!$A$13,'Incident Data Dump'!$H:$H,'IT FEED - Chart'!$B15,'Incident Data Dump'!$Q:$Q,'IT FEED - Chart'!U$2) -> 0 | V15: =COUNTIFS('Incident Data Dump'!$P:$P,'IT FEED - Chart'!$A$13,'Incident Data Dump'!$H:$H,'IT FEED - Chart'!$B15,'Incident Data Dump'!$Q:$Q,'IT FEED - Chart'!V$2) -> 1 | W15: =SUBTOTAL(9,T15:V15) -> 1 | X15: =COUNTIFS('Incident Data Dump'!$P:$P,'IT FEED - Chart'!$A$13,'Incident Data Dump'!$H:$H,'IT FEED - Chart'!$B15,'Incident Data Dump'!$Q:$Q,'IT FEED - Chart'!X$2) -> 1 | Y15: =COUNTIFS('Incident Data Dump'!$P:$P,'IT FEED - Chart'!$A$13,'Incident Data Dump'!$H:$H,'IT FEED - Chart'!$B15,'Incident Data Dump'!$Q:$Q,'IT FEED - Chart'!Y$2) -> 3 | Z15: =COUNTIFS('Incident Data Dump'!$P:$P,'IT FEED - Chart'!$A$13,'Incident Data Dump'!$H:$H,'IT FEED - Chart'!$B15,'Incident Data Dump'!$Q:$Q,'IT FEED - Chart'!Z$2) -> 0 | AA15: =SUBTOTAL(9,X15:Z15) -> 4 | AB15: =COUNTIFS('Incident Data Dump'!$P:$P,'IT FEED - Chart'!$A$13,'Incident Data Dump'!$H:$H,'IT FEED - Chart'!$B15,'Incident Data Dump'!$Q:$Q,'IT FEED - Chart'!AB$2) -> 1 | AC15: =COUNTIFS('Incident Data Dump'!$P:$P,'IT FEED - Chart'!$A$13,'Incident Data Dump'!$H:$H,'IT FEED - Chart'!$B15,'Incident Data Dump'!$Q:$Q,'IT FEED - Chart'!AC$2) -> 1 | AD15: =COUNTIFS('Incident Data Dump'!$P:$P,'IT FEED - Chart'!$A$13,'Incident Data Dump'!$H:$H,'IT FEED - Chart'!$B15,'Incident Data Dump'!$Q:$Q,'IT FEED - Chart'!AD$2) -> 0 | AE15: =SUBTOTAL(9,AB15:AD15) -> 2 | AF15: =COUNTIFS('Incident Data Dump'!$P:$P,'IT FEED - Chart'!$A$13,'Incident Data Dump'!$H:$H,'IT FEED - Chart'!$B15,'Incident Data Dump'!$Q:$Q,'IT FEED - Chart'!AF$2) -> 0 | AG15: =COUNTIFS('Incident Data Dump'!$P:$P,'IT FEED - Chart'!$A$13,'Incident Data Dump'!$H:$H,'IT FEED - Chart'!$B15,'Incident Data Dump'!$Q:$Q,'IT FEED - Chart'!AG$2) -> 1 | AH15: =COUNTIFS('Incident Data Dump'!$P:$P,'IT FEED - Chart'!$A$13,'Incident Data Dump'!$H:$H,'IT FEED - Chart'!$B15,'Incident Data Dump'!$Q:$Q,'IT FEED - Chart'!AH$2) -> 0 | AI15: =SUBTOTAL(9,AF15:AH15) -> 1 | AJ15: =SUBTOTAL(9,T15:AI15) -> 8
B16: Grand Total | C16: =SUM(C13:C15) -> 6 | D16: =SUM(D13:D15) -> 11 | E16: =SUM(E13:E15) -> 10 | F16: =SUM(F13:F15) -> 27 | G16: =SUM(G13:G15) -> 8 | H16: =SUM(H13:H15) -> 9 | I16: =SUM(I13:I15) -> 7 | J16: =SUM(J13:J15) -> 24 | ... AJ16: =SUM(AJ13:AJ15) -> 12
A18: Harris Scarfe DC | B18: Team Member Injury | C18: =COUNTIFS('Incident Data Dump'!$P:$P,'IT FEED - Chart'!$A$18,'Incident Data Dump'!$H:$H,'IT FEED - Chart'!$B18,'Incident Data Dump'!$Q:$Q,'IT FEED - Chart'!C$2) -> 0 | D18: =COUNTIFS('Incident Data Dump'!$P:$P,'IT FEED - Chart'!$A$18,'Incident Data Dump'!$H:$H,'IT FEED - Chart'!$B18,'Incident Data Dump'!$Q:$Q,'IT FEED - Chart'!D$2) -> 0 | E18: =COUNTIFS('Incident Data Dump'!$P:$P,'IT FEED - Chart'!$A$18,'Incident Data Dump'!$H:$H,'IT FEED - Chart'!$B18,'Incident Data Dump'!$Q:$Q,'IT FEED - Chart'!E$2) -> 0 | F18: =SUBTOTAL(9,C18:E18) -> 0 | G18: =COUNTIFS('Incident Data Dump'!$P:$P,'IT FEED - Chart'!$A$18,'Incident Data Dump'!$H:$H,'IT FEED - Chart'!$B18,'Incident Data Dump'!$Q:$Q,'IT FEED - Chart'!G$2) -> 0 | H18: =COUNTIFS('Incident Data Dump'!$P:$P,'IT FEED - Chart'!$A$18,'Incident Data Dump'!$H:$H,'IT FEED - Chart'!$B18,'Incident Data Dump'!$Q:$Q,'IT FEED - Chart'!H$2) -> 0 | I18: =COUNTIFS('Incident Data Dump'!$P:$P,'IT FEED - Chart'!$A$18,'Incident Data Dump'!$H:$H,'IT FEED - Chart'!$B18,'Incident Data Dump'!$Q:$Q,'IT FEED - Chart'!I$2) -> 0 | J18: =SUBTOTAL(9,G18:I18) -> 0 | K18: =COUNTIFS('Incident Data Dump'!$P:$P,'IT FEED - Chart'!$A$18,'Incident Data Dump'!$H:$H,'IT FEED - Chart'!$B18,'Incident Data Dump'!$Q:$Q,'IT FEED - Chart'!K$2) -> 0 | L18: =COUNTIFS('Incident Data Dump'!$P:$P,'IT FEED - Chart'!$A$18,'Incident Data Dump'!$H:$H,'IT FEED - Chart'!$B18,'Incident Data Dump'!$Q:$Q,'IT FEED - Chart'!L$2) -> 0 | M18: =COUNTIFS('Incident Data Dump'!$P:$P,'IT FEED - Chart'!$A$18,'Incident Data Dump'!$H:$H,'IT FEED - Chart'!$B18,'Incident Data Dump'!$Q:$Q,'IT FEED - Chart'!M$2) -> 0 | N18: =SUBTOTAL(9,K18:M18) -> 0 | O18: =COUNTIFS('Incident Data Dump'!$P:$P,'IT FEED - Chart'!$A$18,'Incident Data Dump'!$H:$H,'IT FEED - Chart'!$B18,'Incident Data Dump'!$Q:$Q,'IT FEED - Chart'!O$2) -> 0 | P18: =COUNTIFS('Incident Data Dump'!$P:$P,'IT FEED - Chart'!$A$18,'Incident Data Dump'!$H:$H,'IT FEED - Chart'!$B18,'Incident Data Dump'!$Q:$Q,'IT FEED - Chart'!P$2) -> 2 | Q18: =COUNTIFS('Incident Data Dump'!$P:$P,'IT FEED - Chart'!$A$18,'Incident Data Dump'!$H:$H,'IT FEED - Chart'!$B18,'Incident Data Dump'!$Q:$Q,'IT FEED - Chart'!Q$2) -> 1 | R18: =SUBTOTAL(9,O18:Q18) -> 3 | S18: =SUBTOTAL(9,C18:R18) -> 3 | T18: =COUNTIFS('Incident Data Dump'!$P:$P,'IT FEED - Chart'!$A$18,'Incident Data Dump'!$H:$H,'IT FEED - Chart'!$B18,'Incident Data Dump'!$Q:$Q,'IT FEED - Chart'!T$2) -> 0 | U18: =COUNTIFS('Incident Data Dump'!$P:$P,'IT FEED - Chart'!$A$18,'Incident Data Dump'!$H:$H,'IT FEED - Chart'!$B18,'Incident Data Dump'!$Q:$Q,'IT FEED - Chart'!U$2) -> 1 | V18: =COUNTIFS('Incident Data Dump'!$P:$P,'IT FEED - Chart'!$A$18,'Incident Data Dump'!$H:$H,'IT FEED - Chart'!$B18,'Incident Data Dump'!$Q:$Q,'IT FEED - Chart'!V$2) -> 0 | W18: =SUBTOTAL(9,T18:V18) -> 1 | X18: =COUNTIFS('Incident Data Dump'!$P:$P,'IT FEED - Chart'!$A$18,'Incident Data Dump'!$H:$H,'IT FEED - Chart'!$B18,'Incident Data Dump'!$Q:$Q,'IT FEED - Chart'!X$2) -> 0 | Y18: =COUNTIFS('Incident Data Dump'!$P:$P,'IT FEED - Chart'!$A$18,'Incident Data Dump'!$H:$H,'IT FEED - Chart'!$B18,'Incident Data Dump'!$Q:$Q,'IT FEED - Chart'!Y$2) -> 0 | Z18: =COUNTIFS('Incident Data Dump'!$P:$P,'IT FEED - Chart'!$A$18,'Incident Data Dump'!$H:$H,'IT FEED - Chart'!$B18,'Incident Data Dump'!$Q:$Q,'IT FEED - Chart'!Z$2) -> 0 | AA18: =SUBTOTAL(9,X18:Z18) -> 0 | AB18: =COUNTIFS('Incident Data Dump'!$P:$P,'IT FEED - Chart'!$A$18,'Incident Data Dump'!$H:$H,'IT FEED - Chart'!$B18,'Incident Data Dump'!$Q:$Q,'IT FEED - Chart'!AB$2) -> 0 | AC18: =COUNTIFS('Incident Data Dump'!$P:$P,'IT FEED - Chart'!$A$18,'Incident Data Dump'!$H:$H,'IT FEED - Chart'!$B18,'Incident Data Dump'!$Q:$Q,'IT FEED - Chart'!AC$2) -> 0 | AD18: =COUNTIFS('Incident Data Dump'!$P:$P,'IT FEED - Chart'!$A$18,'Incident Data Dump'!$H:$H,'IT FEED - Chart'!$B18,'Incident Data Dump'!$Q:$Q,'IT FEED - Chart'!AD$2) -> 0 | AE18: =SUBTOTAL(9,AB18:AD18) -> 0 | AF18: =COUNTIFS('Incident Data Dump'!$P:$P,'IT FEED - Chart'!$A$18,'Incident Data Dump'!$H:$H,'IT FEED - Chart'!$B18,'Incident Data Dump'!$Q:$Q,'IT FEED - Chart'!AF$2) -> 1 | AG18: =COUNTIFS('Incident Data Dump'!$P:$P,'IT FEED - Chart'!$A$18,'Incident Data Dump'!$H:$H,'IT FEED - Chart'!$B18,'Incident Data Dump'!$Q:$Q,'IT FEED - Chart'!AG$2) -> 1 | AH18: =COUNTIFS('Incident Data Dump'!$P:$P,'IT FEED - Chart'!$A$18,'Incident Data Dump'!$H:$H,'IT FEED - Chart'!$B18,'Incident Data Dump'!$Q:$Q,'IT FEED - Chart'!AH$2) -> 0 | AI18: =SUBTOTAL(9,AF18:AH18) -> 2 | AJ18: =SUBTOTAL(9,T18:AI18) -> 3
B19: Safety Near Miss | C19: =COUNTIFS('Incident Data Dump'!$P:$P,'IT FEED - Chart'!$A$18,'Incident Data Dump'!$H:$H,'IT FEED - Chart'!$B19,'Incident Data Dump'!$Q:$Q,'IT FEED - Chart'!C$2) -> 0 | D19: =COUNTIFS('Incident Data Dump'!$P:$P,'IT FEED - Chart'!$A$18,'Incident Data Dump'!$H:$H,'IT FEED - Chart'!$B19,'Incident Data Dump'!$Q:$Q,'IT FEED - Chart'!D$2) -> 0 | E19: =COUNTIFS('Incident Data Dump'!$P:$P,'IT FEED - Chart'!$A$18,'Incident Data Dump'!$H:$H,'IT FEED - Chart'!$B19,'Incident Data Dump'!$Q:$Q,'IT FEED - Chart'!E$2) -> 0 | F19: =SUBTOTAL(9,C19:E19) -> 0 | G19: =COUNTIFS('Incident Data Dump'!$P:$P,'IT FEED - Chart'!$A$18,'Incident Data Dump'!$H:$H,'IT FEED - Chart'!$B19,'Incident Data Dump'!$Q:$Q,'IT FEED - Chart'!G$2) -> 0 | H19: =COUNTIFS('Incident Data Dump'!$P:$P,'IT FEED - Chart'!$A$18,'Incident Data Dump'!$H:$H,'IT FEED - Chart'!$B19,'Incident Data Dump'!$Q:$Q,'IT FEED - Chart'!H$2) -> 0 | I19: =COUNTIFS('Incident Data Dump'!$P:$P,'IT FEED - Chart'!$A$18,'Incident Data Dump'!$H:$H,'IT FEED - Chart'!$B19,'Incident Data Dump'!$Q:$Q,'IT FEED - Chart'!I$2) -> 0 | J19: =SUBTOTAL(9,G19:I19) -> 0 | K19: =COUNTIFS('Incident Data Dump'!$P:$P,'IT FEED - Chart'!$A$18,'Incident Data Dump'!$H:$H,'IT FEED - Chart'!$B19,'Incident Data Dump'!$Q:$Q,'IT FEED - Chart'!K$2) -> 0 | L19: =COUNTIFS('Incident Data Dump'!$P:$P,'IT FEED - Chart'!$A$18,'Incident Data Dump'!$H:$H,'IT FEED - Chart'!$B19,'Incident Data Dump'!$Q:$Q,'IT FEED - Chart'!L$2) -> 0 | M19: =COUNTIFS('Incident Data Dump'!$P:$P,'IT FEED - Chart'!$A$18,'Incident Data Dump'!$H:$H,'IT FEED - Chart'!$B19,'Incident Data Dump'!$Q:$Q,'IT FEED - Chart'!M$2) -> 0 | N19: =SUBTOTAL(9,K19:M19) -> 0 | O19: =COUNTIFS('Incident Data Dump'!$P:$P,'IT FEED - Chart'!$A$18,'Incident Data Dump'!$H:$H,'IT FEED - Chart'!$B19,'Incident Data Dump'!$Q:$Q,'IT FEED - Chart'!O$2) -> 0 | P19: =COUNTIFS('Incident Data Dump'!$P:$P,'IT FEED - Chart'!$A$18,'Incident Data Dump'!$H:$H,'IT FEED - Chart'!$B19,'Incident Data Dump'!$Q:$Q,'IT FEED - Chart'!P$2) -> 0 | Q19: =COUNTIFS('Incident Data Dump'!$P:$P,'IT FEED - Chart'!$A$18,'Incident Data Dump'!$H:$H,'IT FEED - Chart'!$B19,'Incident Data Dump'!$Q:$Q,'IT FEED - Chart'!Q$2) -> 0 | R19: =SUBTOTAL(9,O19:Q19) -> 0 | S19: =SUBTOTAL(9,C19:R19) -> 0 | T19: =COUNTIFS('Incident Data Dump'!$P:$P,'IT FEED - Chart'!$A$18,'Incident Data Dump'!$H:$H,'IT FEED - Chart'!$B19,'Incident Data Dump'!$Q:$Q,'IT FEED - Chart'!T$2) -> 0 | U19: =COUNTIFS('Incident Data Dump'!$P:$P,'IT FEED - Chart'!$A$18,'Incident Data Dump'!$H:$H,'IT FEED - Chart'!$B19,'Incident Data Dump'!$Q:$Q,'IT FEED - Chart'!U$2) -> 1 | V19: =COUNTIFS('Incident Data Dump'!$P:$P,'IT FEED - Chart'!$A$18,'Incident Data Dump'!$H:$H,'IT FEED - Chart'!$B19,'Incident Data Dump'!$Q:$Q,'IT FEED - Chart'!V$2) -> 0 | W19: =SUBTOTAL(9,T19:V19) -> 1 | X19: =COUNTIFS('Incident Data Dump'!$P:$P,'IT FEED - Chart'!$A$18,'Incident Data Dump'!$H:$H,'IT FEED - Chart'!$B19,'Incident Data Dump'!$Q:$Q,'IT FEED - Chart'!X$2) -> 0 | Y19: =COUNTIFS('Incident Data Dump'!$P:$P,'IT FEED - Chart'!$A$18,'Incident Data Dump'!$H:$H,'IT FEED - Chart'!$B19,'Incident Data Dump'!$Q:$Q,'IT FEED - Chart'!Y$2) -> 2 | Z19: =COUNTIFS('Incident Data Dump'!$P:$P,'IT FEED - Chart'!$A$18,'Incident Data Dump'!$H:$H,'IT FEED - Chart'!$B19,'Incident Data Dump'!$Q:$Q,'IT FEED - Chart'!Z$2) -> 0 | AA19: =SUBTOTAL(9,X19:Z19) -> 2 | AB19: =COUNTIFS('Incident Data Dump'!$P:$P,'IT FEED - Chart'!$A$18,'Incident Data Dump'!$H:$H,'IT FEED - Chart'!$B19,'Incident Data Dump'!$Q:$Q,'IT FEED - Chart'!AB$2) -> 0 | AC19: =COUNTIFS('Incident Data Dump'!$P:$P,'IT FEED - Chart'!$A$18,'Incident Data Dump'!$H:$H,'IT FEED - Chart'!$B19,'Incident Data Dump'!$Q:$Q,'IT FEED - Chart'!AC$2) -> 1 | AD19: =COUNTIFS('Incident Data Dump'!$P:$P,'IT FEED - Chart'!$A$18,'Incident Data Dump'!$H:$H,'IT FEED - Chart'!$B19,'Incident Data Dump'!$Q:$Q,'IT FEED - Chart'!AD$2) -> 0 | AE19: =SUBTOTAL(9,AB19:AD19) -> 1 | AF19: =COUNTIFS('Incident Data Dump'!$P:$P,'IT FEED - Chart'!$A$18,'Incident Data Dump'!$H:$H,'IT FEED - Chart'!$B19,'Incident Data Dump'!$Q:$Q,'IT FEED - Chart'!AF$2) -> 1 | AG19: =COUNTIFS('Incident Data Dump'!$P:$P,'IT FEED - Chart'!$A$18,'Incident Data Dump'!$H:$H,'IT FEED - Chart'!$B19,'Incident Data Dump'!$Q:$Q,'IT FEED - Chart'!AG$2) -> 0 | AH19: =COUNTIFS('Incident Data Dump'!$P:$P,'IT FEED - Chart'!$A$18,'Incident Data Dump'!$H:$H,'IT FEED - Chart'!$B19,'Incident Data Dump'!$Q:$Q,'IT FEED - Chart'!AH$2) -> 0 | AI19: =SUBTOTAL(9,AF19:AH19) -> 1 | AJ19: =SUBTOTAL(9,T19:AI19) -> 5
B20: Customer / Contractor | C20: =COUNTIFS('Incident Data Dump'!$P:$P,'IT FEED - Chart'!$A$18,'Incident Data Dump'!$H:$H,'IT FEED - Chart'!$B20,'Incident Data Dump'!$Q:$Q,'IT FEED - Chart'!C$2) -> 0 | D20: =COUNTIFS('Incident Data Dump'!$P:$P,'IT FEED - Chart'!$A$18,'Incident Data Dump'!$H:$H,'IT FEED - Chart'!$B20,'Incident Data Dump'!$Q:$Q,'IT FEED - Chart'!D$2) -> 0 | E20: =COUNTIFS('Incident Data Dump'!$P:$P,'IT FEED - Chart'!$A$18,'Incident Data Dump'!$H:$H,'IT FEED - Chart'!$B20,'Incident Data Dump'!$Q:$Q,'IT FEED - Chart'!E$2) -> 0 | F20: =SUBTOTAL(9,C20:E20) -> 0 | G20: =COUNTIFS('Incident Data Dump'!$P:$P,'IT FEED - Chart'!$A$18,'Incident Data Dump'!$H:$H,'IT FEED - Chart'!$B20,'Incident Data Dump'!$Q:$Q,'IT FEED - Chart'!G$2) -> 0 | H20: =COUNTIFS('Incident Data Dump'!$P:$P,'IT FEED - Chart'!$A$18,'Incident Data Dump'!$H:$H,'IT FEED - Chart'!$B20,'Incident Data Dump'!$Q:$Q,'IT FEED - Chart'!H$2) -> 0 | I20: =COUNTIFS('Incident Data Dump'!$P:$P,'IT FEED - Chart'!$A$18,'Incident Data Dump'!$H:$H,'IT FEED - Chart'!$B20,'Incident Data Dump'!$Q:$Q,'IT FEED - Chart'!I$2) -> 0 | J20: =SUBTOTAL(9,G20:I20) -> 0 | K20: =COUNTIFS('Incident Data Dump'!$P:$P,'IT FEED - Chart'!$A$18,'Incident Data Dump'!$H:$H,'IT FEED - Chart'!$B20,'Incident Data Dump'!$Q:$Q,'IT FEED - Chart'!K$2) -> 0 | L20: =COUNTIFS('Incident Data Dump'!$P:$P,'IT FEED - Chart'!$A$18,'Incident Data Dump'!$H:$H,'IT FEED - Chart'!$B20,'Incident Data Dump'!$Q:$Q,'IT FEED - Chart'!L$2) -> 0 | M20: =COUNTIFS('Incident Data Dump'!$P:$P,'IT FEED - Chart'!$A$18,'Incident Data Dump'!$H:$H,'IT FEED - Chart'!$B20,'Incident Data Dump'!$Q:$Q,'IT FEED - Chart'!M$2) -> 0 | N20: =SUBTOTAL(9,K20:M20) -> 0 | O20: =COUNTIFS('Incident Data Dump'!$P:$P,'IT FEED - Chart'!$A$18,'Incident Data Dump'!$H:$H,'IT FEED - Chart'!$B20,'Incident Data Dump'!$Q:$Q,'IT FEED - Chart'!O$2) -> 1 | P20: =COUNTIFS('Incident Data Dump'!$P:$P,'IT FEED - Chart'!$A$18,'Incident Data Dump'!$H:$H,'IT FEED - Chart'!$B20,'Incident Data Dump'!$Q:$Q,'IT FEED - Chart'!P$2) -> 2 | Q20: =COUNTIFS('Incident Data Dump'!$P:$P,'IT FEED - Chart'!$A$18,'Incident Data Dump'!$H:$H,'IT FEED - Chart'!$B20,'Incident Data Dump'!$Q:$Q,'IT FEED - Chart'!Q$2) -> 0 | R20: =SUBTOTAL(9,O20:Q20) -> 3 | S20: =SUBTOTAL(9,C20:R20) -> 3 | T20: =COUNTIFS('Incident Data Dump'!$P:$P,'IT FEED - Chart'!$A$18,'Incident Data Dump'!$H:$H,'IT FEED - Chart'!$B20,'Incident Data Dump'!$Q:$Q,'IT FEED - Chart'!T$2) -> 0 | U20: =COUNTIFS('Incident Data Dump'!$P:$P,'IT FEED - Chart'!$A$18,'Incident Data Dump'!$H:$H,'IT FEED - Chart'!$B20,'Incident Data Dump'!$Q:$Q,'IT FEED - Chart'!U$2) -> 1 | V20: =COUNTIFS('Incident Data Dump'!$P:$P,'IT FEED - Chart'!$A$18,'Incident Data Dump'!$H:$H,'IT FEED - Chart'!$B20,'Incident Data Dump'!$Q:$Q,'IT FEED - Chart'!V$2) -> 0 | W20: =SUBTOTAL(9,T20:V20) -> 1 | X20: =COUNTIFS('Incident Data Dump'!$P:$P,'IT FEED - Chart'!$A$18,'Incident Data Dump'!$H:$H,'IT FEED - Chart'!$B20,'Incident Data Dump'!$Q:$Q,'IT FEED - Chart'!X$2) -> 0 | Y20: =COUNTIFS('Incident Data Dump'!$P:$P,'IT FEED - Chart'!$A$18,'Incident Data Dump'!$H:$H,'IT FEED - Chart'!$B20,'Incident Data Dump'!$Q:$Q,'IT FEED - Chart'!Y$2) -> 0 | Z20: =COUNTIFS('Incident Data Dump'!$P:$P,'IT FEED - Chart'!$A$18,'Incident Data Dump'!$H:$H,'IT FEED - Chart'!$B20,'Incident Data Dump'!$Q:$Q,'IT FEED - Chart'!Z$2) -> 3 | AA20: =SUBTOTAL(9,X20:Z20) -> 3 | AB20: =COUNTIFS('Incident Data Dump'!$P:$P,'IT FEED - Chart'!$A$18,'Incident Data Dump'!$H:$H,'IT FEED - Chart'!$B20,'Incident Data Dump'!$Q:$Q,'IT FEED - Chart'!AB$2) -> 0 | AC20: =COUNTIFS('Incident Data Dump'!$P:$P,'IT FEED - Chart'!$A$18,'Incident Data Dump'!$H:$H,'IT FEED - Chart'!$B20,'Incident Data Dump'!$Q:$Q,'IT FEED - Chart'!AC$2) -> 1 | AD20: =COUNTIFS('Incident Data Dump'!$P:$P,'IT FEED - Chart'!$A$18,'Incident Data Dump'!$H:$H,'IT FEED - Chart'!$B20,'Incident Data Dump'!$Q:$Q,'IT FEED - Chart'!AD$2) -> 3 | AE20: =SUBTOTAL(9,AB20:AD20) -> 4 | AF20: =COUNTIFS('Incident Data Dump'!$P:$P,'IT FEED - Chart'!$A$18,'Incident Data Dump'!$H:$H,'IT FEED - Chart'!$B20,'Incident Data Dump'!$Q:$Q,'IT FEED - Chart'!AF$2) -> 0 | AG20: =COUNTIFS('Incident Data Dump'!$P:$P,'IT FEED - Chart'!$A$18,'Incident Data Dump'!$H:$H,'IT FEED - Chart'!$B20,'Incident Data Dump'!$Q:$Q,'IT FEED - Chart'!AG$2) -> 1 | AH20: =COUNTIFS('Incident Data Dump'!$P:$P,'IT FEED - Chart'!$A$18,'Incident Data Dump'!$H:$H,'IT FEED - Chart'!$B20,'Incident Data Dump'!$Q:$Q,'IT FEED - Chart'!AH$2) -> 0 | AI20: =SUBTOTAL(9,AF20:AH20) -> 1 | AJ20: =SUBTOTAL(9,T20:AI20) -> 9
B21: Grand Total | C21: =SUM(C18:C20) -> 0 | D21: =SUM(D18:D20) -> 0 | E21: =SUM(E18:E20) -> 0 | F21: =SUM(F18:F20) -> 0 | G21: =SUM(G18:G20) -> 0 | H21: =SUM(H18:H20) -> 0 | I21: =SUM(I18:I20) -> 0 | J21: =SUM(J18:J20) -> 0 | ... AJ21: =SUM(AJ18:AJ20) -> 17
B23: YTD Incident Types
A24: All Incident Types | B24: YTD Team Member Injury | C24: =SUBTOTAL(9,$C3:C3) -> 1 | D24: =SUBTOTAL(9,$C3:D3) -> 5 | E24: =SUBTOTAL(9,$C3:E3) -> 8 | F24: =SUBTOTAL(9,$C3:F3) -> 8 | G24: =SUBTOTAL(9,$C3:G3) -> 8 | H24: =SUBTOTAL(9,$C3:H3) -> 13 | I24: =SUBTOTAL(9,$C3:I3) -> 16 | J24: =SUBTOTAL(9,$C3:J3) -> 16 | ... S24: =SUBTOTAL(9,$C3:S3) -> 27 | T24: =SUBTOTAL(9,$T3:T3) -> 1 | U24: =SUBTOTAL(9,$T3:U3) -> 3 | V24: =SUBTOTAL(9,$T3:V3) -> 4 | W24: =SUBTOTAL(9,$T3:W3) -> 4 | X24: =SUBTOTAL(9,$T3:X3) -> 4 | Y24: =SUBTOTAL(9,$T3:Y3) -> 4 | Z24: =SUBTOTAL(9,$T3:Z3) -> 5 | AA24: =SUBTOTAL(9,$T3:AA3) -> 5 | ... AJ24: =SUBTOTAL(9,$T3:AJ3) -> 10
B25: YTD Safety Near Miss | C25: =SUBTOTAL(9,$C4:C4) -> 4 | D25: =SUBTOTAL(9,$C4:D4) -> 10 | E25: =SUBTOTAL(9,$C4:E4) -> 17 | F25: =SUBTOTAL(9,$C4:F4) -> 17 | G25: =SUBTOTAL(9,$C4:G4) -> 26 | H25: =SUBTOTAL(9,$C4:H4) -> 31 | I25: =SUBTOTAL(9,$C4:I4) -> 34 | J25: =SUBTOTAL(9,$C4:J4) -> 34 | ... S25: =SUBTOTAL(9,$C4:S4) -> 41 | T25: =SUBTOTAL(9,$T4:T4) -> 1 | U25: =SUBTOTAL(9,$T4:U4) -> 8 | V25: =SUBTOTAL(9,$T4:V4) -> 8 | W25: =SUBTOTAL(9,$T4:W4) -> 8 | X25: =SUBTOTAL(9,$T4:X4) -> 9 | Y25: =SUBTOTAL(9,$T4:Y4) -> 15 | Z25: =SUBTOTAL(9,$T4:Z4) -> 15 | AA25: =SUBTOTAL(9,$T4:AA4) -> 15 | ... AJ25: =SUBTOTAL(9,$T4:AJ4) -> 31
B26: YTD Customer / Contractor | C26: =SUBTOTAL(9,$C5:C5) -> 2 | D26: =SUBTOTAL(9,$C5:D5) -> 4 | E26: =SUBTOTAL(9,$C5:E5) -> 7 | F26: =SUBTOTAL(9,$C5:F5) -> 7 | G26: =SUBTOTAL(9,$C5:G5) -> 7 | H26: =SUBTOTAL(9,$C5:H5) -> 11 | I26: =SUBTOTAL(9,$C5:I5) -> 13 | J26: =SUBTOTAL(9,$C5:J5) -> 13 | ... S26: =SUBTOTAL(9,$C5:S5) -> 35 | T26: =SUBTOTAL(9,$T5:T5) -> 3 | U26: =SUBTOTAL(9,$T5:U5) -> 10 | V26: =SUBTOTAL(9,$T5:V5) -> 11 | W26: =SUBTOTAL(9,$T5:W5) -> 11 | X26: =SUBTOTAL(9,$T5:X5) -> 16 | Y26: =SUBTOTAL(9,$T5:Y5) -> 24 | Z26: =SUBTOTAL(9,$T5:Z5) -> 33 | AA26: =SUBTOTAL(9,$T5:AA5) -> 33 | ... AJ26: =SUBTOTAL(9,$T5:AJ5) -> 52
A27: Spotlight DC | B27: YTD Team Member Injury | C27: =SUBTOTAL(9,$C8:C8) -> 1 | D27: =SUBTOTAL(9,$C8:D8) -> 1 | E27: =SUBTOTAL(9,$C8:E8) -> 1 | F27: =SUBTOTAL(9,$C8:F8) -> 1 | G27: =SUBTOTAL(9,$C8:G8) -> 1 | H27: =SUBTOTAL(9,$C8:H8) -> 4 | I27: =SUBTOTAL(9,$C8:I8) -> 5 | J27: =SUBTOTAL(9,$C8:J8) -> 5 | ... S27: =SUBTOTAL(9,$C8:S8) -> 11 | T27: =SUBTOTAL(9,$T8:T8) -> 1 | U27: =SUBTOTAL(9,$T8:U8) -> 2 | V27: =SUBTOTAL(9,$T8:V8) -> 3 | W27: =SUBTOTAL(9,$T8:W8) -> 3 | X27: =SUBTOTAL(9,$T8:X8) -> 3 | Y27: =SUBTOTAL(9,$T8:Y8) -> 3 | Z27: =SUBTOTAL(9,$T8:Z8) -> 4 | AA27: =SUBTOTAL(9,$T8:AA8) -> 4 | ... AJ27: =SUBTOTAL(9,$T8:AJ8) -> 7
B28: YTD Safety Near Miss | C28: =SUBTOTAL(9,$C9:C9) -> 0 | D28: =SUBTOTAL(9,$C9:D9) -> 1 | E28: =SUBTOTAL(9,$C9:E9) -> 4 | F28: =SUBTOTAL(9,$C9:F9) -> 4 | G28: =SUBTOTAL(9,$C9:G9) -> 5 | H28: =SUBTOTAL(9,$C9:H9) -> 7 | I28: =SUBTOTAL(9,$C9:I9) -> 7 | J28: =SUBTOTAL(9,$C9:J9) -> 7 | ... S28: =SUBTOTAL(9,$C9:S9) -> 14 | T28: =SUBTOTAL(9,$T9:T9) -> 0 | U28: =SUBTOTAL(9,$T9:U9) -> 5 | V28: =SUBTOTAL(9,$T9:V9) -> 5 | W28: =SUBTOTAL(9,$T9:W9) -> 5 | X28: =SUBTOTAL(9,$T9:X9) -> 6 | Y28: =SUBTOTAL(9,$T9:Y9) -> 9 | Z28: =SUBTOTAL(9,$T9:Z9) -> 9 | AA28: =SUBTOTAL(9,$T9:AA9) -> 9 | ... AJ28: =SUBTOTAL(9,$T9:AJ9) -> 22
B29: YTD Customer / Contractor | C29: =SUBTOTAL(9,$C10:C10) -> 0 | D29: =SUBTOTAL(9,$C10:D10) -> 0 | E29: =SUBTOTAL(9,$C10:E10) -> 0 | F29: =SUBTOTAL(9,$C10:F10) -> 0 | G29: =SUBTOTAL(9,$C10:G10) -> 0 | H29: =SUBTOTAL(9,$C10:H10) -> 0 | I29: =SUBTOTAL(9,$C10:I10) -> 0 | J29: =SUBTOTAL(9,$C10:J10) -> 0 | ... S29: =SUBTOTAL(9,$C10:S10) -> 18 | T29: =SUBTOTAL(9,$T10:T10) -> 3 | U29: =SUBTOTAL(9,$T10:U10) -> 9 | V29: =SUBTOTAL(9,$T10:V10) -> 9 | W29: =SUBTOTAL(9,$T10:W10) -> 9 | X29: =SUBTOTAL(9,$T10:X10) -> 13 | Y29: =SUBTOTAL(9,$T10:Y10) -> 18 | Z29: =SUBTOTAL(9,$T10:Z10) -> 24 | AA29: =SUBTOTAL(9,$T10:AA10) -> 24 | ... AJ29: =SUBTOTAL(9,$T10:AJ10) -> 35
A30: Anaconda DC | B30: YTD Team Member Injury | C30: =SUBTOTAL(9,$C13:C13) -> 0 | D30: =SUBTOTAL(9,$C13:D13) -> 4 | E30: =SUBTOTAL(9,$C13:E13) -> 7 | F30: =SUBTOTAL(9,$C13:F13) -> 7 | G30: =SUBTOTAL(9,$C13:G13) -> 7 | H30: =SUBTOTAL(9,$C13:H13) -> 9 | I30: =SUBTOTAL(9,$C13:I13) -> 11 | J30: =SUBTOTAL(9,$C13:J13) -> 11 | ... S30: =SUBTOTAL(9,$C13:S13) -> 13 | T30: =SUBTOTAL(9,$T13:T13) -> 0 | U30: =SUBTOTAL(9,$T13:U13) -> 0 | V30: =SUBTOTAL(9,$T13:V13) -> 0 | W30: =SUBTOTAL(9,$T13:W13) -> 0 | X30: =SUBTOTAL(9,$T13:X13) -> 0 | Y30: =SUBTOTAL(9,$T13:Y13) -> 0 | Z30: =SUBTOTAL(9,$T13:Z13) -> 0 | AA30: =SUBTOTAL(9,$T13:AA13) -> 0 | ... AJ30: =SUBTOTAL(9,$T13:AJ13) -> 0
B31: YTD Safety Near Miss | C31: =SUBTOTAL(9,$C14:C14) -> 4 | D31: =SUBTOTAL(9,$C14:D14) -> 9 | E31: =SUBTOTAL(9,$C14:E14) -> 13 | F31: =SUBTOTAL(9,$C14:F14) -> 13 | G31: =SUBTOTAL(9,$C14:G14) -> 21 | H31: =SUBTOTAL(9,$C14:H14) -> 24 | I31: =SUBTOTAL(9,$C14:I14) -> 27 | J31: =SUBTOTAL(9,$C14:J14) -> 27 | ... S31: =SUBTOTAL(9,$C14:S14) -> 27 | T31: =SUBTOTAL(9,$T14:T14) -> 1 | U31: =SUBTOTAL(9,$T14:U14) -> 2 | V31: =SUBTOTAL(9,$T14:V14) -> 2 | W31: =SUBTOTAL(9,$T14:W14) -> 2 | X31: =SUBTOTAL(9,$T14:X14) -> 2 | Y31: =SUBTOTAL(9,$T14:Y14) -> 3 | Z31: =SUBTOTAL(9,$T14:Z14) -> 3 | AA31: =SUBTOTAL(9,$T14:AA14) -> 3 | ... AJ31: =SUBTOTAL(9,$T14:AJ14) -> 4
B32: YTD Customer / Contractor | C32: =SUBTOTAL(9,$C15:C15) -> 2 | D32: =SUBTOTAL(9,$C15:D15) -> 4 | E32: =SUBTOTAL(9,$C15:E15) -> 7 | F32: =SUBTOTAL(9,$C15:F15) -> 7 | G32: =SUBTOTAL(9,$C15:G15) -> 7 | H32: =SUBTOTAL(9,$C15:H15) -> 11 | I32: =SUBTOTAL(9,$C15:I15) -> 13 | J32: =SUBTOTAL(9,$C15:J15) -> 13 | ... S32: =SUBTOTAL(9,$C15:S15) -> 14 | T32: =SUBTOTAL(9,$T15:T15) -> 0 | U32: =SUBTOTAL(9,$T15:U15) -> 0 | V32: =SUBTOTAL(9,$T15:V15) -> 1 | W32: =SUBTOTAL(9,$T15:W15) -> 1 | X32: =SUBTOTAL(9,$T15:X15) -> 2 | Y32: =SUBTOTAL(9,$T15:Y15) -> 5 | Z32: =SUBTOTAL(9,$T15:Z15) -> 5 | AA32: =SUBTOTAL(9,$T15:AA15) -> 5 | ... AJ32: =SUBTOTAL(9,$T15:AJ15) -> 8
A33: Harris Scarfe DC | B33: YTD Team Member Injury | C33: =SUBTOTAL(9,$C18:C18) -> 0 | D33: =SUBTOTAL(9,$C18:D18) -> 0 | E33: =SUBTOTAL(9,$C18:E18) -> 0 | F33: =SUBTOTAL(9,$C18:F18) -> 0 | G33: =SUBTOTAL(9,$C18:G18) -> 0 | H33: =SUBTOTAL(9,$C18:H18) -> 0 | I33: =SUBTOTAL(9,$C18:I18) -> 0 | J33: =SUBTOTAL(9,$C18:J18) -> 0 | ... S33: =SUBTOTAL(9,$C18:S18) -> 3 | T33: =SUBTOTAL(9,$T18:T18) -> 0 | U33: =SUBTOTAL(9,$T18:U18) -> 1 | V33: =SUBTOTAL(9,$T18:V18) -> 1 | W33: =SUBTOTAL(9,$T18:W18) -> 1 | X33: =SUBTOTAL(9,$T18:X18) -> 1 | Y33: =SUBTOTAL(9,$T18:Y18) -> 1 | Z33: =SUBTOTAL(9,$T18:Z18) -> 1 | AA33: =SUBTOTAL(9,$T18:AA18) -> 1 | ... AJ33: =SUBTOTAL(9,$T18:AJ18) -> 3
B34: YTD Safety Near Miss | C34: =SUBTOTAL(9,$C19:C19) -> 0 | D34: =SUBTOTAL(9,$C19:D19) -> 0 | E34: =SUBTOTAL(9,$C19:E19) -> 0 | F34: =SUBTOTAL(9,$C19:F19) -> 0 | G34: =SUBTOTAL(9,$C19:G19) -> 0 | H34: =SUBTOTAL(9,$C19:H19) -> 0 | I34: =SUBTOTAL(9,$C19:I19) -> 0 | J34: =SUBTOTAL(9,$C19:J19) -> 0 | ... S34: =SUBTOTAL(9,$C19:S19) -> 0 | T34: =SUBTOTAL(9,$T19:T19) -> 0 | U34: =SUBTOTAL(9,$T19:U19) -> 1 | V34: =SUBTOTAL(9,$T19:V19) -> 1 | W34: =SUBTOTAL(9,$T19:W19) -> 1 | X34: =SUBTOTAL(9,$T19:X19) -> 1 | Y34: =SUBTOTAL(9,$T19:Y19) -> 3 | Z34: =SUBTOTAL(9,$T19:Z19) -> 3 | AA34: =SUBTOTAL(9,$T19:AA19) -> 3 | ... AJ34: =SUBTOTAL(9,$T19:AJ19) -> 5
B35: YTD Customer / Contractor | C35: =SUBTOTAL(9,$C20:C20) -> 0 | D35: =SUBTOTAL(9,$C20:D20) -> 0 | E35: =SUBTOTAL(9,$C20:E20) -> 0 | F35: =SUBTOTAL(9,$C20:F20) -> 0 | G35: =SUBTOTAL(9,$C20:G20) -> 0 | H35: =SUBTOTAL(9,$C20:H20) -> 0 | I35: =SUBTOTAL(9,$C20:I20) -> 0 | J35: =SUBTOTAL(9,$C20:J20) -> 0 | ... S35: =SUBTOTAL(9,$C20:S20) -> 3 | T35: =SUBTOTAL(9,$T20:T20) -> 0 | U35: =SUBTOTAL(9,$T20:U20) -> 1 | V35: =SUBTOTAL(9,$T20:V20) -> 1 | W35: =SUBTOTAL(9,$T20:W20) -> 1 | X35: =SUBTOTAL(9,$T20:X20) -> 1 | Y35: =SUBTOTAL(9,$T20:Y20) -> 1 | Z35: =SUBTOTAL(9,$T20:Z20) -> 4 | AA35: =SUBTOTAL(9,$T20:AA20) -> 4 | ... AJ35: =SUBTOTAL(9,$T20:AJ20) -> 9

Sheet HAZARD FEED
B1: FY24 | S1: FY25
A2: Hazard | B2: ="JUL, "&B1 -> JUL, FY24 | C2: ="AUG, "&B1 -> AUG, FY24 | D2: ="SEP, "&B1 -> SEP, FY24 | E2: ="Q1, "&B1 -> Q1, FY24 | F2: ="OCT, "&B1 -> OCT, FY24 | G2: ="NOV, "&B1 -> NOV, FY24 | H2: ="DEC, "&B1 -> DEC, FY24 | I2: ="Q2, "&B1 -> Q2, FY24 | J2: ="JAN, "&B1 -> JAN, FY24 | K2: ="FEB, "&B1 -> FEB, FY24 | L2: ="MAR, "&B1 -> MAR, FY24 | M2: ="Q3, "&B1 -> Q3, FY24 | N2: ="APR, "&B1 -> APR, FY24 | O2: ="MAY, "&B1 -> MAY, FY24 | P2: ="JUN, "&B1 -> JUN, FY24 | Q2: ="Q4, "&B1 -> Q4, FY24 | R2: ="Full Year, "&B1 -> Full Year, FY24 | S2: ="JUL, "&S1 -> JUL, FY25 | T2: ="AUG, "&S1 -> AUG, FY25 | U2: ="SEP, "&S1 -> SEP, FY25 | V2: ="Q1, "&S1 -> Q1, FY25 | W2: ="OCT, "&S1 -> OCT, FY25 | X2: ="NOV, "&S1 -> NOV, FY25 | Y2: ="DEC, "&S1 -> DEC, FY25 | Z2: ="Q2, "&S1 -> Q2, FY25 | AA2: ="JAN, "&S1 -> JAN, FY25 | AB2: ="FEB, "&S1 -> FEB, FY25 | AC2: ="MAR, "&S1 -> MAR, FY25 | AD2: ="Q3, "&S1 -> Q3, FY25 | AE2: ="APR, "&S1 -> APR, FY25 | AF2: ="MAY, "&S1 -> MAY, FY25 | AG2: ="JUN, "&S1 -> JUN, FY25 | AH2: ="Q4, "&S1 -> Q4, FY25 | AI2: ="Full Year, "&S1 -> Full Year, FY25
A3: Spotlight DC | B3: =COUNTIFS('Hazard Data Dump'!$J:$J,'HAZARD FEED'!$A3,'Hazard Data Dump'!$K:$K,'HAZARD FEED'!B2) -> 1 | C3: =COUNTIFS('Hazard Data Dump'!$J:$J,'HAZARD FEED'!$A3,'Hazard Data Dump'!$K:$K,'HAZARD FEED'!C2) -> 0 | D3: =COUNTIFS('Hazard Data Dump'!$J:$J,'HAZARD FEED'!$A3,'Hazard Data Dump'!$K:$K,'HAZARD FEED'!D2) -> 0 | E3: =SUBTOTAL(9,B3:D3) -> 1 | F3: =COUNTIFS('Hazard Data Dump'!$J:$J,'HAZARD FEED'!$A3,'Hazard Data Dump'!$K:$K,'HAZARD FEED'!F2) -> 0 | G3: =COUNTIFS('Hazard Data Dump'!$J:$J,'HAZARD FEED'!$A3,'Hazard Data Dump'!$K:$K,'HAZARD FEED'!G2) -> 0 | H3: =COUNTIFS('Hazard Data Dump'!$J:$J,'HAZARD FEED'!$A3,'Hazard Data Dump'!$K:$K,'HAZARD FEED'!H2) -> 0 | I3: =SUBTOTAL(9,F3:H3) -> 0 | J3: =COUNTIFS('Hazard Data Dump'!$J:$J,'HAZARD FEED'!$A3,'Hazard Data Dump'!$K:$K,'HAZARD FEED'!J2) -> 0 | K3: =COUNTIFS('Hazard Data Dump'!$J:$J,'HAZARD FEED'!$A3,'Hazard Data Dump'!$K:$K,'HAZARD FEED'!K2) -> 3 | L3: =COUNTIFS('Hazard Data Dump'!$J:$J,'HAZARD FEED'!$A3,'Hazard Data Dump'!$K:$K,'HAZARD FEED'!L2) -> 0 | M3: =SUBTOTAL(9,J3:L3) -> 3 | N3: =COUNTIFS('Hazard Data Dump'!$J:$J,'HAZARD FEED'!$A3,'Hazard Data Dump'!$K:$K,'HAZARD FEED'!N2) -> 6 | O3: =COUNTIFS('Hazard Data Dump'!$J:$J,'HAZARD FEED'!$A3,'Hazard Data Dump'!$K:$K,'HAZARD FEED'!O2) -> 4 | P3: =COUNTIFS('Hazard Data Dump'!$J:$J,'HAZARD FEED'!$A3,'Hazard Data Dump'!$K:$K,'HAZARD FEED'!P2) -> 0 | Q3: =SUBTOTAL(9,N3:P3) -> 10 | R3: =SUBTOTAL(9,B3:Q3) -> 14 | S3: =COUNTIFS('Hazard Data Dump'!$J:$J,'HAZARD FEED'!$A3,'Hazard Data Dump'!$K:$K,'HAZARD FEED'!S2) -> 1 | T3: =COUNTIFS('Hazard Data Dump'!$J:$J,'HAZARD FEED'!$A3,'Hazard Data Dump'!$K:$K,'HAZARD FEED'!T2) -> 1 | U3: =COUNTIFS('Hazard Data Dump'!$J:$J,'HAZARD FEED'!$A3,'Hazard Data Dump'!$K:$K,'HAZARD FEED'!U2) -> 2 | V3: =SUBTOTAL(9,S3:U3) -> 4 | W3: =COUNTIFS('Hazard Data Dump'!$J:$J,'HAZARD FEED'!$A3,'Hazard Data Dump'!$K:$K,'HAZARD FEED'!W2) -> 0 | X3: =COUNTIFS('Hazard Data Dump'!$J:$J,'HAZARD FEED'!$A3,'Hazard Data Dump'!$K:$K,'HAZARD FEED'!X2) -> 3 | Y3: =COUNTIFS('Hazard Data Dump'!$J:$J,'HAZARD FEED'!$A3,'Hazard Data Dump'!$K:$K,'HAZARD FEED'!Y2) -> 0 | Z3: =SUBTOTAL(9,W3:Y3) -> 3 | AA3: =COUNTIFS('Hazard Data Dump'!$J:$J,'HAZARD FEED'!$A3,'Hazard Data Dump'!$K:$K,'HAZARD FEED'!AA2) -> 2 | AB3: =COUNTIFS('Hazard Data Dump'!$J:$J,'HAZARD FEED'!$A3,'Hazard Data Dump'!$K:$K,'HAZARD FEED'!AB2) -> 1 | AC3: =COUNTIFS('Hazard Data Dump'!$J:$J,'HAZARD FEED'!$A3,'Hazard Data Dump'!$K:$K,'HAZARD FEED'!AC2) -> 2 | AD3: =SUBTOTAL(9,AA3:AC3) -> 5 | AE3: =COUNTIFS('Hazard Data Dump'!$J:$J,'HAZARD FEED'!$A3,'Hazard Data Dump'!$K:$K,'HAZARD FEED'!AE2) -> 0 | AF3: =COUNTIFS('Hazard Data Dump'!$J:$J,'HAZARD FEED'!$A3,'Hazard Data Dump'!$K:$K,'HAZARD FEED'!AF2) -> 0 | AG3: =COUNTIFS('Hazard Data Dump'!$J:$J,'HAZARD FEED'!$A3,'Hazard Data Dump'!$K:$K,'HAZARD FEED'!AG2) -> 0 | AH3: =SUBTOTAL(9,AE3:AG3) -> 0 | AI3: =SUBTOTAL(9,S3:AH3) -> 12
A4: Anaconda DC | B4: =COUNTIFS('Hazard Data Dump'!$J:$J,'HAZARD FEED'!$A4,'Hazard Data Dump'!$K:$K,'HAZARD FEED'!B2) -> 3 | C4: =COUNTIFS('Hazard Data Dump'!$J:$J,'HAZARD FEED'!$A4,'Hazard Data Dump'!$K:$K,'HAZARD FEED'!C2) -> 6 | D4: =COUNTIFS('Hazard Data Dump'!$J:$J,'HAZARD FEED'!$A4,'Hazard Data Dump'!$K:$K,'HAZARD FEED'!D2) -> 1 | E4: =SUBTOTAL(9,B4:D4) -> 10 | F4: =COUNTIFS('Hazard Data Dump'!$J:$J,'HAZARD FEED'!$A4,'Hazard Data Dump'!$K:$K,'HAZARD FEED'!F2) -> 2 | G4: =COUNTIFS('Hazard Data Dump'!$J:$J,'HAZARD FEED'!$A4,'Hazard Data Dump'!$K:$K,'HAZARD FEED'!G2) -> 4 | H4: =COUNTIFS('Hazard Data Dump'!$J:$J,'HAZARD FEED'!$A4,'Hazard Data Dump'!$K:$K,'HAZARD FEED'!H2) -> 2 | I4: =SUBTOTAL(9,F4:H4) -> 8 | J4: =COUNTIFS('Hazard Data Dump'!$J:$J,'HAZARD FEED'!$A4,'Hazard Data Dump'!$K:$K,'HAZARD FEED'!J2) -> 0 | K4: =COUNTIFS('Hazard Data Dump'!$J:$J,'HAZARD FEED'!$A4,'Hazard Data Dump'!$K:$K,'HAZARD FEED'!K2) -> 0 | L4: =COUNTIFS('Hazard Data Dump'!$J:$J,'HAZARD FEED'!$A4,'Hazard Data Dump'!$K:$K,'HAZARD FEED'!L2) -> 0 | M4: =SUBTOTAL(9,J4:L4) -> 0 | N4: =COUNTIFS('Hazard Data Dump'!$J:$J,'HAZARD FEED'!$A4,'Hazard Data Dump'!$K:$K,'HAZARD FEED'!N2) -> 1 | O4: =COUNTIFS('Hazard Data Dump'!$J:$J,'HAZARD FEED'!$A4,'Hazard Data Dump'!$K:$K,'HAZARD FEED'!O2) -> 0 | P4: =COUNTIFS('Hazard Data Dump'!$J:$J,'HAZARD FEED'!$A4,'Hazard Data Dump'!$K:$K,'HAZARD FEED'!P2) -> 0 | Q4: =SUBTOTAL(9,N4:P4) -> 1 | R4: =SUBTOTAL(9,B4:Q4) -> 19 | S4: =COUNTIFS('Hazard Data Dump'!$J:$J,'HAZARD FEED'!$A4,'Hazard Data Dump'!$K:$K,'HAZARD FEED'!S2) -> 0 | T4: =COUNTIFS('Hazard Data Dump'!$J:$J,'HAZARD FEED'!$A4,'Hazard Data Dump'!$K:$K,'HAZARD FEED'!T2) -> 1 | U4: =COUNTIFS('Hazard Data Dump'!$J:$J,'HAZARD FEED'!$A4,'Hazard Data Dump'!$K:$K,'HAZARD FEED'!U2) -> 1 | V4: =SUBTOTAL(9,S4:U4) -> 2 | W4: =COUNTIFS('Hazard Data Dump'!$J:$J,'HAZARD FEED'!$A4,'Hazard Data Dump'!$K:$K,'HAZARD FEED'!W2) -> 1 | X4: =COUNTIFS('Hazard Data Dump'!$J:$J,'HAZARD FEED'!$A4,'Hazard Data Dump'!$K:$K,'HAZARD FEED'!X2) -> 5 | Y4: =COUNTIFS('Hazard Data Dump'!$J:$J,'HAZARD FEED'!$A4,'Hazard Data Dump'!$K:$K,'HAZARD FEED'!Y2) -> 1 | Z4: =SUBTOTAL(9,W4:Y4) -> 7 | AA4: =COUNTIFS('Hazard Data Dump'!$J:$J,'HAZARD FEED'!$A4,'Hazard Data Dump'!$K:$K,'HAZARD FEED'!AA2) -> 0 | AB4: =COUNTIFS('Hazard Data Dump'!$J:$J,'HAZARD FEED'!$A4,'Hazard Data Dump'!$K:$K,'HAZARD FEED'!AB2) -> 0 | AC4: =COUNTIFS('Hazard Data Dump'!$J:$J,'HAZARD FEED'!$A4,'Hazard Data Dump'!$K:$K,'HAZARD FEED'!AC2) -> 0 | AD4: =SUBTOTAL(9,AA4:AC4) -> 0 | AE4: =COUNTIFS('Hazard Data Dump'!$J:$J,'HAZARD FEED'!$A4,'Hazard Data Dump'!$K:$K,'HAZARD FEED'!AE2) -> 0 | AF4: =COUNTIFS('Hazard Data Dump'!$J:$J,'HAZARD FEED'!$A4,'Hazard Data Dump'!$K:$K,'HAZARD FEED'!AF2) -> 0 | AG4: =COUNTIFS('Hazard Data Dump'!$J:$J,'HAZARD FEED'!$A4,'Hazard Data Dump'!$K:$K,'HAZARD FEED'!AG2) -> 0 | AH4: =SUBTOTAL(9,AE4:AG4) -> 0 | AI4: =SUBTOTAL(9,S4:AH4) -> 9
A5: Harris Scarfe DC | B5: =COUNTIFS('Hazard Data Dump'!$J:$J,'HAZARD FEED'!$A5,'Hazard Data Dump'!$K:$K,'HAZARD FEED'!B2) -> 0 | C5: =COUNTIFS('Hazard Data Dump'!$J:$J,'HAZARD FEED'!$A5,'Hazard Data Dump'!$K:$K,'HAZARD FEED'!C2) -> 0 | D5: =COUNTIFS('Hazard Data Dump'!$J:$J,'HAZARD FEED'!$A5,'Hazard Data Dump'!$K:$K,'HAZARD FEED'!D2) -> 0 | E5: =SUBTOTAL(9,B5:D5) -> 0 | F5: =COUNTIFS('Hazard Data Dump'!$J:$J,'HAZARD FEED'!$A5,'Hazard Data Dump'!$K:$K,'HAZARD FEED'!F2) -> 0 | G5: =COUNTIFS('Hazard Data Dump'!$J:$J,'HAZARD FEED'!$A5,'Hazard Data Dump'!$K:$K,'HAZARD FEED'!G2) -> 0 | H5: =COUNTIFS('Hazard Data Dump'!$J:$J,'HAZARD FEED'!$A5,'Hazard Data Dump'!$K:$K,'HAZARD FEED'!H2) -> 0 | I5: =SUBTOTAL(9,F5:H5) -> 0 | J5: =COUNTIFS('Hazard Data Dump'!$J:$J,'HAZARD FEED'!$A5,'Hazard Data Dump'!$K:$K,'HAZARD FEED'!J2) -> 0 | K5: =COUNTIFS('Hazard Data Dump'!$J:$J,'HAZARD FEED'!$A5,'Hazard Data Dump'!$K:$K,'HAZARD FEED'!K2) -> 0 | L5: =COUNTIFS('Hazard Data Dump'!$J:$J,'HAZARD FEED'!$A5,'Hazard Data Dump'!$K:$K,'HAZARD FEED'!L2) -> 0 | M5: =SUBTOTAL(9,J5:L5) -> 0 | N5: =COUNTIFS('Hazard Data Dump'!$J:$J,'HAZARD FEED'!$A5,'Hazard Data Dump'!$K:$K,'HAZARD FEED'!N2) -> 0 | O5: =COUNTIFS('Hazard Data Dump'!$J:$J,'HAZARD FEED'!$A5,'Hazard Data Dump'!$K:$K,'HAZARD FEED'!O2) -> 1 | P5: =COUNTIFS('Hazard Data Dump'!$J:$J,'HAZARD FEED'!$A5,'Hazard Data Dump'!$K:$K,'HAZARD FEED'!P2) -> 1 | Q5: =SUBTOTAL(9,N5:P5) -> 2 | R5: =SUBTOTAL(9,B5:Q5) -> 2 | S5: =COUNTIFS('Hazard Data Dump'!$J:$J,'HAZARD FEED'!$A5,'Hazard Data Dump'!$K:$K,'HAZARD FEED'!S2) -> 0 | T5: =COUNTIFS('Hazard Data Dump'!$J:$J,'HAZARD FEED'!$A5,'Hazard Data Dump'!$K:$K,'HAZARD FEED'!T2) -> 0 | U5: =COUNTIFS('Hazard Data Dump'!$J:$J,'HAZARD FEED'!$A5,'Hazard Data Dump'!$K:$K,'HAZARD FEED'!U2) -> 0 | V5: =SUBTOTAL(9,S5:U5) -> 0 | W5: =COUNTIFS('Hazard Data Dump'!$J:$J,'HAZARD FEED'!$A5,'Hazard Data Dump'!$K:$K,'HAZARD FEED'!W2) -> 0 | X5: =COUNTIFS('Hazard Data Dump'!$J:$J,'HAZARD FEED'!$A5,'Hazard Data Dump'!$K:$K,'HAZARD FEED'!X2) -> 0 | Y5: =COUNTIFS('Hazard Data Dump'!$J:$J,'HAZARD FEED'!$A5,'Hazard Data Dump'!$K:$K,'HAZARD FEED'!Y2) -> 0 | Z5: =SUBTOTAL(9,W5:Y5) -> 0 | AA5: =COUNTIFS('Hazard Data Dump'!$J:$J,'HAZARD FEED'!$A5,'Hazard Data Dump'!$K:$K,'HAZARD FEED'!AA2) -> 0 | AB5: =COUNTIFS('Hazard Data Dump'!$J:$J,'HAZARD FEED'!$A5,'Hazard Data Dump'!$K:$K,'HAZARD FEED'!AB2) -> 4 | AC5: =COUNTIFS('Hazard Data Dump'!$J:$J,'HAZARD FEED'!$A5,'Hazard Data Dump'!$K:$K,'HAZARD FEED'!AC2) -> 0 | AD5: =SUBTOTAL(9,AA5:AC5) -> 4 | AE5: =COUNTIFS('Hazard Data Dump'!$J:$J,'HAZARD FEED'!$A5,'Hazard Data Dump'!$K:$K,'HAZARD FEED'!AE2) -> 0 | AF5: =COUNTIFS('Hazard Data Dump'!$J:$J,'HAZARD FEED'!$A5,'Hazard Data Dump'!$K:$K,'HAZARD FEED'!AF2) -> 0 | AG5: =COUNTIFS('Hazard Data Dump'!$J:$J,'HAZARD FEED'!$A5,'Hazard Data Dump'!$K:$K,'HAZARD FEED'!AG2) -> 0 | AH5: =SUBTOTAL(9,AE5:AG5) -> 0 | AI5: =SUBTOTAL(9,S5:AH5) -> 4
A6: Grand Total | B6: =SUM(B3:B5) -> 4 | C6: =SUM(C3:C5) -> 6 | D6: =SUM(D3:D5) -> 1 | E6: =SUM(E3:E5) -> 11 | F6: =SUM(F3:F5) -> 2 | G6: =SUM(G3:G5) -> 4 | H6: =SUM(H3:H5) -> 2 | I6: =SUM(I3:I5) -> 8 | ... AI6: =SUM(AI3:AI5) -> 25
A8: YTD Hazard
A9: Spotlight DC | B9: =SUBTOTAL(9,$B3:B3) -> 1 | C9: =SUBTOTAL(9,$B3:C3) -> 1 | D9: =SUBTOTAL(9,$B3:D3) -> 1 | E9: =SUBTOTAL(9,$B3:E3) -> 1 | F9: =SUBTOTAL(9,$B3:F3) -> 1 | G9: =SUBTOTAL(9,$B3:G3) -> 1 | H9: =SUBTOTAL(9,$B3:H3) -> 1 | I9: =SUBTOTAL(9,$B3:I3) -> 1 | ... R9: =SUBTOTAL(9,$B3:R3) -> 14 | S9: =SUBTOTAL(9,$S3:S3) -> 1 | T9: =SUBTOTAL(9,$S3:T3) -> 2 | U9: =SUBTOTAL(9,$S3:U3) -> 4 | V9: =SUBTOTAL(9,$S3:V3) -> 4 | W9: =SUBTOTAL(9,$S3:W3) -> 4 | X9: =SUBTOTAL(9,$S3:X3) -> 7 | Y9: =SUBTOTAL(9,$S3:Y3) -> 7 | Z9: =SUBTOTAL(9,$S3:Z3) -> 7 | ... AI9: =SUBTOTAL(9,$S3:AI3) -> 12
A10: Anaconda DC | B10: =SUBTOTAL(9,$B4:B4) -> 3 | C10: =SUBTOTAL(9,$B4:C4) -> 9 | D10: =SUBTOTAL(9,$B4:D4) -> 10 | E10: =SUBTOTAL(9,$B4:E4) -> 10 | F10: =SUBTOTAL(9,$B4:F4) -> 12 | G10: =SUBTOTAL(9,$B4:G4) -> 16 | H10: =SUBTOTAL(9,$B4:H4) -> 18 | I10: =SUBTOTAL(9,$B4:I4) -> 18 | ... R10: =SUBTOTAL(9,$B4:R4) -> 19 | S10: =SUBTOTAL(9,$S4:S4) -> 0 | T10: =SUBTOTAL(9,$S4:T4) -> 1 | U10: =SUBTOTAL(9,$S4:U4) -> 2 | V10: =SUBTOTAL(9,$S4:V4) -> 2 | W10: =SUBTOTAL(9,$S4:W4) -> 3 | X10: =SUBTOTAL(9,$S4:X4) -> 8 | Y10: =SUBTOTAL(9,$S4:Y4) -> 9 | Z10: =SUBTOTAL(9,$S4:Z4) -> 9 | ... AI10: =SUBTOTAL(9,$S4:AI4) -> 9
A11: Harris Scarfe DC | B11: =SUBTOTAL(9,$B5:B5) -> 0 | C11: =SUBTOTAL(9,$B5:C5) -> 0 | D11: =SUBTOTAL(9,$B5:D5) -> 0 | E11: =SUBTOTAL(9,$B5:E5) -> 0 | F11: =SUBTOTAL(9,$B5:F5) -> 0 | G11: =SUBTOTAL(9,$B5:G5) -> 0 | H11: =SUBTOTAL(9,$B5:H5) -> 0 | I11: =SUBTOTAL(9,$B5:I5) -> 0 | ... R11: =SUBTOTAL(9,$B5:R5) -> 2 | S11: =SUBTOTAL(9,$S5:S5) -> 0 | T11: =SUBTOTAL(9,$S5:T5) -> 0 | U11: =SUBTOTAL(9,$S5:U5) -> 0 | V11: =SUBTOTAL(9,$S5:V5) -> 0 | W11: =SUBTOTAL(9,$S5:W5) -> 0 | X11: =SUBTOTAL(9,$S5:X5) -> 0 | Y11: =SUBTOTAL(9,$S5:Y5) -> 0 | Z11: =SUBTOTAL(9,$S5:Z5) -> 0 | ... AI11: =SUBTOTAL(9,$S5:AI5) -> 4

Sheet HAZARD FEED - Chart
B1: FY24 | S1: FY25
A2: Hazard | B2: ="JUL, "&B1 -> JUL, FY24 | C2: ="AUG, "&B1 -> AUG, FY24 | D2: ="SEP, "&B1 -> SEP, FY24 | E2: ="Q1, "&B1 -> Q1, FY24 | F2: ="OCT, "&B1 -> OCT, FY24 | G2: ="NOV, "&B1 -> NOV, FY24 | H2: ="DEC, "&B1 -> DEC, FY24 | I2: ="Q2, "&B1 -> Q2, FY24 | J2: ="JAN, "&B1 -> JAN, FY24 | K2: ="FEB, "&B1 -> FEB, FY24 | L2: ="MAR, "&B1 -> MAR, FY24 | M2: ="Q3, "&B1 -> Q3, FY24 | N2: ="APR, "&B1 -> APR, FY24 | O2: ="MAY, "&B1 -> MAY, FY24 | P2: ="JUN, "&B1 -> JUN, FY24 | Q2: ="Q4, "&B1 -> Q4, FY24 | R2: ="Full Year, "&B1 -> Full Year, FY24 | S2: ="JUL, "&S1 -> JUL, FY25 | T2: ="AUG, "&S1 -> AUG, FY25 | U2: ="SEP, "&S1 -> SEP, FY25 | V2: ="Q1, "&S1 -> Q1, FY25 | W2: ="OCT, "&S1 -> OCT, FY25 | X2: ="NOV, "&S1 -> NOV, FY25 | Y2: ="DEC, "&S1 -> DEC, FY25 | Z2: ="Q2, "&S1 -> Q2, FY25 | AA2: ="JAN, "&S1 -> JAN, FY25 | AB2: ="FEB, "&S1 -> FEB, FY25 | AC2: ="MAR, "&S1 -> MAR, FY25 | AD2: ="Q3, "&S1 -> Q3, FY25 | AE2: ="APR, "&S1 -> APR, FY25 | AF2: ="MAY, "&S1 -> MAY, FY25 | AG2: ="JUN, "&S1 -> JUN, FY25 | AH2: ="Q4, "&S1 -> Q4, FY25 | AI2: ="Full Year, "&S1 -> Full Year, FY25
A3: Spotlight DC | B3: =COUNTIFS('Hazard Data Dump'!$J:$J,'HAZARD FEED - Chart'!$A3,'Hazard Data Dump'!$K:$K,'HAZARD FEED - Chart'!B2) -> 1 | C3: =COUNTIFS('Hazard Data Dump'!$J:$J,'HAZARD FEED - Chart'!$A3,'Hazard Data Dump'!$K:$K,'HAZARD FEED - Chart'!C2) -> 0 | D3: =COUNTIFS('Hazard Data Dump'!$J:$J,'HAZARD FEED - Chart'!$A3,'Hazard Data Dump'!$K:$K,'HAZARD FEED - Chart'!D2) -> 0 | E3: =SUBTOTAL(9,B3:D3) -> 1 | F3: =COUNTIFS('Hazard Data Dump'!$J:$J,'HAZARD FEED - Chart'!$A3,'Hazard Data Dump'!$K:$K,'HAZARD FEED - Chart'!F2) -> 0 | G3: =COUNTIFS('Hazard Data Dump'!$J:$J,'HAZARD FEED - Chart'!$A3,'Hazard Data Dump'!$K:$K,'HAZARD FEED - Chart'!G2) -> 0 | H3: =COUNTIFS('Hazard Data Dump'!$J:$J,'HAZARD FEED - Chart'!$A3,'Hazard Data Dump'!$K:$K,'HAZARD FEED - Chart'!H2) -> 0 | I3: =SUBTOTAL(9,F3:H3) -> 0 | J3: =COUNTIFS('Hazard Data Dump'!$J:$J,'HAZARD FEED - Chart'!$A3,'Hazard Data Dump'!$K:$K,'HAZARD FEED - Chart'!J2) -> 0 | K3: =COUNTIFS('Hazard Data Dump'!$J:$J,'HAZARD FEED - Chart'!$A3,'Hazard Data Dump'!$K:$K,'HAZARD FEED - Chart'!K2) -> 3 | L3: =COUNTIFS('Hazard Data Dump'!$J:$J,'HAZARD FEED - Chart'!$A3,'Hazard Data Dump'!$K:$K,'HAZARD FEED - Chart'!L2) -> 0 | M3: =SUBTOTAL(9,J3:L3) -> 3 | N3: =COUNTIFS('Hazard Data Dump'!$J:$J,'HAZARD FEED - Chart'!$A3,'Hazard Data Dump'!$K:$K,'HAZARD FEED - Chart'!N2) -> 6 | O3: =COUNTIFS('Hazard Data Dump'!$J:$J,'HAZARD FEED - Chart'!$A3,'Hazard Data Dump'!$K:$K,'HAZARD FEED - Chart'!O2) -> 4 | P3: =COUNTIFS('Hazard Data Dump'!$J:$J,'HAZARD FEED - Chart'!$A3,'Hazard Data Dump'!$K:$K,'HAZARD FEED - Chart'!P2) -> 0 | Q3: =SUBTOTAL(9,N3:P3) -> 10 | R3: =SUBTOTAL(9,B3:Q3) -> 14 | S3: =COUNTIFS('Hazard Data Dump'!$J:$J,'HAZARD FEED - Chart'!$A3,'Hazard Data Dump'!$K:$K,'HAZARD FEED - Chart'!S2) -> 1 | T3: =COUNTIFS('Hazard Data Dump'!$J:$J,'HAZARD FEED - Chart'!$A3,'Hazard Data Dump'!$K:$K,'HAZARD FEED - Chart'!T2) -> 1 | U3: =COUNTIFS('Hazard Data Dump'!$J:$J,'HAZARD FEED - Chart'!$A3,'Hazard Data Dump'!$K:$K,'HAZARD FEED - Chart'!U2) -> 2 | V3: =SUBTOTAL(9,S3:U3) -> 4 | W3: =COUNTIFS('Hazard Data Dump'!$J:$J,'HAZARD FEED - Chart'!$A3,'Hazard Data Dump'!$K:$K,'HAZARD FEED - Chart'!W2) -> 0 | X3: =COUNTIFS('Hazard Data Dump'!$J:$J,'HAZARD FEED - Chart'!$A3,'Hazard Data Dump'!$K:$K,'HAZARD FEED - Chart'!X2) -> 3 | Y3: =COUNTIFS('Hazard Data Dump'!$J:$J,'HAZARD FEED - Chart'!$A3,'Hazard Data Dump'!$K:$K,'HAZARD FEED - Chart'!Y2) -> 0 | Z3: =SUBTOTAL(9,W3:Y3) -> 3 | AA3: =COUNTIFS('Hazard Data Dump'!$J:$J,'HAZARD FEED - Chart'!$A3,'Hazard Data Dump'!$K:$K,'HAZARD FEED - Chart'!AA2) -> 2 | AB3: =COUNTIFS('Hazard Data Dump'!$J:$J,'HAZARD FEED - Chart'!$A3,'Hazard Data Dump'!$K:$K,'HAZARD FEED - Chart'!AB2) -> 1 | AC3: =COUNTIFS('Hazard Data Dump'!$J:$J,'HAZARD FEED - Chart'!$A3,'Hazard Data Dump'!$K:$K,'HAZARD FEED - Chart'!AC2) -> 2 | AD3: =SUBTOTAL(9,AA3:AC3) -> 5 | AE3: =COUNTIFS('Hazard Data Dump'!$J:$J,'HAZARD FEED - Chart'!$A3,'Hazard Data Dump'!$K:$K,'HAZARD FEED - Chart'!AE2) -> 0 | AF3: =COUNTIFS('Hazard Data Dump'!$J:$J,'HAZARD FEED - Chart'!$A3,'Hazard Data Dump'!$K:$K,'HAZARD FEED - Chart'!AF2) -> 0 | AG3: =COUNTIFS('Hazard Data Dump'!$J:$J,'HAZARD FEED - Chart'!$A3,'Hazard Data Dump'!$K:$K,'HAZARD FEED - Chart'!AG2) -> 0 | AH3: =SUBTOTAL(9,AE3:AG3) -> 0 | AI3: =SUBTOTAL(9,S3:AH3) -> 12
A4: Anaconda DC | B4: =COUNTIFS('Hazard Data Dump'!$J:$J,'HAZARD FEED - Chart'!$A4,'Hazard Data Dump'!$K:$K,'HAZARD FEED - Chart'!B2) -> 3 | C4: =COUNTIFS('Hazard Data Dump'!$J:$J,'HAZARD FEED - Chart'!$A4,'Hazard Data Dump'!$K:$K,'HAZARD FEED - Chart'!C2) -> 6 | D4: =COUNTIFS('Hazard Data Dump'!$J:$J,'HAZARD FEED - Chart'!$A4,'Hazard Data Dump'!$K:$K,'HAZARD FEED - Chart'!D2) -> 1 | E4: =SUBTOTAL(9,B4:D4) -> 10 | F4: =COUNTIFS('Hazard Data Dump'!$J:$J,'HAZARD FEED - Chart'!$A4,'Hazard Data Dump'!$K:$K,'HAZARD FEED - Chart'!F2) -> 2 | G4: =COUNTIFS('Hazard Data Dump'!$J:$J,'HAZARD FEED - Chart'!$A4,'Hazard Data Dump'!$K:$K,'HAZARD FEED - Chart'!G2) -> 4 | H4: =COUNTIFS('Hazard Data Dump'!$J:$J,'HAZARD FEED - Chart'!$A4,'Hazard Data Dump'!$K:$K,'HAZARD FEED - Chart'!H2) -> 2 | I4: =SUBTOTAL(9,F4:H4) -> 8 | J4: =COUNTIFS('Hazard Data Dump'!$J:$J,'HAZARD FEED - Chart'!$A4,'Hazard Data Dump'!$K:$K,'HAZARD FEED - Chart'!J2) -> 0 | K4: =COUNTIFS('Hazard Data Dump'!$J:$J,'HAZARD FEED - Chart'!$A4,'Hazard Data Dump'!$K:$K,'HAZARD FEED - Chart'!K2) -> 0 | L4: =COUNTIFS('Hazard Data Dump'!$J:$J,'HAZARD FEED - Chart'!$A4,'Hazard Data Dump'!$K:$K,'HAZARD FEED - Chart'!L2) -> 0 | M4: =SUBTOTAL(9,J4:L4) -> 0 | N4: =COUNTIFS('Hazard Data Dump'!$J:$J,'HAZARD FEED - Chart'!$A4,'Hazard Data Dump'!$K:$K,'HAZARD FEED - Chart'!N2) -> 1 | O4: =COUNTIFS('Hazard Data Dump'!$J:$J,'HAZARD FEED - Chart'!$A4,'Hazard Data Dump'!$K:$K,'HAZARD FEED - Chart'!O2) -> 0 | P4: =COUNTIFS('Hazard Data Dump'!$J:$J,'HAZARD FEED - Chart'!$A4,'Hazard Data Dump'!$K:$K,'HAZARD FEED - Chart'!P2) -> 0 | Q4: =SUBTOTAL(9,N4:P4) -> 1 | R4: =SUBTOTAL(9,B4:Q4) -> 19 | S4: =COUNTIFS('Hazard Data Dump'!$J:$J,'HAZARD FEED - Chart'!$A4,'Hazard Data Dump'!$K:$K,'HAZARD FEED - Chart'!S2) -> 0 | T4: =COUNTIFS('Hazard Data Dump'!$J:$J,'HAZARD FEED - Chart'!$A4,'Hazard Data Dump'!$K:$K,'HAZARD FEED - Chart'!T2) -> 1 | U4: =COUNTIFS('Hazard Data Dump'!$J:$J,'HAZARD FEED - Chart'!$A4,'Hazard Data Dump'!$K:$K,'HAZARD FEED - Chart'!U2) -> 1 | V4: =SUBTOTAL(9,S4:U4) -> 2 | W4: =COUNTIFS('Hazard Data Dump'!$J:$J,'HAZARD FEED - Chart'!$A4,'Hazard Data Dump'!$K:$K,'HAZARD FEED - Chart'!W2) -> 1 | X4: =COUNTIFS('Hazard Data Dump'!$J:$J,'HAZARD FEED - Chart'!$A4,'Hazard Data Dump'!$K:$K,'HAZARD FEED - Chart'!X2) -> 5 | Y4: =COUNTIFS('Hazard Data Dump'!$J:$J,'HAZARD FEED - Chart'!$A4,'Hazard Data Dump'!$K:$K,'HAZARD FEED - Chart'!Y2) -> 1 | Z4: =SUBTOTAL(9,W4:Y4) -> 7 | AA4: =COUNTIFS('Hazard Data Dump'!$J:$J,'HAZARD FEED - Chart'!$A4,'Hazard Data Dump'!$K:$K,'HAZARD FEED - Chart'!AA2) -> 0 | AB4: =COUNTIFS('Hazard Data Dump'!$J:$J,'HAZARD FEED - Chart'!$A4,'Hazard Data Dump'!$K:$K,'HAZARD FEED - Chart'!AB2) -> 0 | AC4: =COUNTIFS('Hazard Data Dump'!$J:$J,'HAZARD FEED - Chart'!$A4,'Hazard Data Dump'!$K:$K,'HAZARD FEED - Chart'!AC2) -> 0 | AD4: =SUBTOTAL(9,AA4:AC4) -> 0 | AE4: =COUNTIFS('Hazard Data Dump'!$J:$J,'HAZARD FEED - Chart'!$A4,'Hazard Data Dump'!$K:$K,'HAZARD FEED - Chart'!AE2) -> 0 | AF4: =COUNTIFS('Hazard Data Dump'!$J:$J,'HAZARD FEED - Chart'!$A4,'Hazard Data Dump'!$K:$K,'HAZARD FEED - Chart'!AF2) -> 0 | AG4: =COUNTIFS('Hazard Data Dump'!$J:$J,'HAZARD FEED - Chart'!$A4,'Hazard Data Dump'!$K:$K,'HAZARD FEED - Chart'!AG2) -> 0 | AH4: =SUBTOTAL(9,AE4:AG4) -> 0 | AI4: =SUBTOTAL(9,S4:AH4) -> 9
A5: Harris Scarfe DC | B5: =COUNTIFS('Hazard Data Dump'!$J:$J,'HAZARD FEED - Chart'!$A5,'Hazard Data Dump'!$K:$K,'HAZARD FEED - Chart'!B2) -> 0 | C5: =COUNTIFS('Hazard Data Dump'!$J:$J,'HAZARD FEED - Chart'!$A5,'Hazard Data Dump'!$K:$K,'HAZARD FEED - Chart'!C2) -> 0 | D5: =COUNTIFS('Hazard Data Dump'!$J:$J,'HAZARD FEED - Chart'!$A5,'Hazard Data Dump'!$K:$K,'HAZARD FEED - Chart'!D2) -> 0 | E5: =SUBTOTAL(9,B5:D5) -> 0 | F5: =COUNTIFS('Hazard Data Dump'!$J:$J,'HAZARD FEED - Chart'!$A5,'Hazard Data Dump'!$K:$K,'HAZARD FEED - Chart'!F2) -> 0 | G5: =COUNTIFS('Hazard Data Dump'!$J:$J,'HAZARD FEED - Chart'!$A5,'Hazard Data Dump'!$K:$K,'HAZARD FEED - Chart'!G2) -> 0 | H5: =COUNTIFS('Hazard Data Dump'!$J:$J,'HAZARD FEED - Chart'!$A5,'Hazard Data Dump'!$K:$K,'HAZARD FEED - Chart'!H2) -> 0 | I5: =SUBTOTAL(9,F5:H5) -> 0 | J5: =COUNTIFS('Hazard Data Dump'!$J:$J,'HAZARD FEED - Chart'!$A5,'Hazard Data Dump'!$K:$K,'HAZARD FEED - Chart'!J2) -> 0 | K5: =COUNTIFS('Hazard Data Dump'!$J:$J,'HAZARD FEED - Chart'!$A5,'Hazard Data Dump'!$K:$K,'HAZARD FEED - Chart'!K2) -> 0 | L5: =COUNTIFS('Hazard Data Dump'!$J:$J,'HAZARD FEED - Chart'!$A5,'Hazard Data Dump'!$K:$K,'HAZARD FEED - Chart'!L2) -> 0 | M5: =SUBTOTAL(9,J5:L5) -> 0 | N5: =COUNTIFS('Hazard Data Dump'!$J:$J,'HAZARD FEED - Chart'!$A5,'Hazard Data Dump'!$K:$K,'HAZARD FEED - Chart'!N2) -> 0 | O5: =COUNTIFS('Hazard Data Dump'!$J:$J,'HAZARD FEED - Chart'!$A5,'Hazard Data Dump'!$K:$K,'HAZARD FEED - Chart'!O2) -> 1 | P5: =COUNTIFS('Hazard Data Dump'!$J:$J,'HAZARD FEED - Chart'!$A5,'Hazard Data Dump'!$K:$K,'HAZARD FEED - Chart'!P2) -> 1 | Q5: =SUBTOTAL(9,N5:P5) -> 2 | R5: =SUBTOTAL(9,B5:Q5) -> 2 | S5: =COUNTIFS('Hazard Data Dump'!$J:$J,'HAZARD FEED - Chart'!$A5,'Hazard Data Dump'!$K:$K,'HAZARD FEED - Chart'!S2) -> 0 | T5: =COUNTIFS('Hazard Data Dump'!$J:$J,'HAZARD FEED - Chart'!$A5,'Hazard Data Dump'!$K:$K,'HAZARD FEED - Chart'!T2) -> 0 | U5: =COUNTIFS('Hazard Data Dump'!$J:$J,'HAZARD FEED - Chart'!$A5,'Hazard Data Dump'!$K:$K,'HAZARD FEED - Chart'!U2) -> 0 | V5: =SUBTOTAL(9,S5:U5) -> 0 | W5: =COUNTIFS('Hazard Data Dump'!$J:$J,'HAZARD FEED - Chart'!$A5,'Hazard Data Dump'!$K:$K,'HAZARD FEED - Chart'!W2) -> 0 | X5: =COUNTIFS('Hazard Data Dump'!$J:$J,'HAZARD FEED - Chart'!$A5,'Hazard Data Dump'!$K:$K,'HAZARD FEED - Chart'!X2) -> 0 | Y5: =COUNTIFS('Hazard Data Dump'!$J:$J,'HAZARD FEED - Chart'!$A5,'Hazard Data Dump'!$K:$K,'HAZARD FEED - Chart'!Y2) -> 0 | Z5: =SUBTOTAL(9,W5:Y5) -> 0 | AA5: =COUNTIFS('Hazard Data Dump'!$J:$J,'HAZARD FEED - Chart'!$A5,'Hazard Data Dump'!$K:$K,'HAZARD FEED - Chart'!AA2) -> 0 | AB5: =COUNTIFS('Hazard Data Dump'!$J:$J,'HAZARD FEED - Chart'!$A5,'Hazard Data Dump'!$K:$K,'HAZARD FEED - Chart'!AB2) -> 4 | AC5: =COUNTIFS('Hazard Data Dump'!$J:$J,'HAZARD FEED - Chart'!$A5,'Hazard Data Dump'!$K:$K,'HAZARD FEED - Chart'!AC2) -> 0 | AD5: =SUBTOTAL(9,AA5:AC5) -> 4 | AE5: =COUNTIFS('Hazard Data Dump'!$J:$J,'HAZARD FEED - Chart'!$A5,'Hazard Data Dump'!$K:$K,'HAZARD FEED - Chart'!AE2) -> 0 | AF5: =COUNTIFS('Hazard Data Dump'!$J:$J,'HAZARD FEED - Chart'!$A5,'Hazard Data Dump'!$K:$K,'HAZARD FEED - Chart'!AF2) -> 0 | AG5: =COUNTIFS('Hazard Data Dump'!$J:$J,'HAZARD FEED - Chart'!$A5,'Hazard Data Dump'!$K:$K,'HAZARD FEED - Chart'!AG2) -> 0 | AH5: =SUBTOTAL(9,AE5:AG5) -> 0 | AI5: =SUBTOTAL(9,S5:AH5) -> 4
A6: Grand Total | B6: =SUM(B3:B5) -> 4 | C6: =SUM(C3:C5) -> 6 | D6: =SUM(D3:D5) -> 1 | E6: =SUM(E3:E5) -> 11 | F6: =SUM(F3:F5) -> 2 | G6: =SUM(G3:G5) -> 4 | H6: =SUM(H3:H5) -> 2 | I6: =SUM(I3:I5) -> 8 | ... AI6: =SUM(AI3:AI5) -> 25
A8: YTD Hazard
A9: Spotlight DC | B9: =SUBTOTAL(9,$B3:B3) -> 1 | C9: =SUBTOTAL(9,$B3:C3) -> 1 | D9: =SUBTOTAL(9,$B3:D3) -> 1 | E9: =SUBTOTAL(9,$B3:E3) -> 1 | F9: =SUBTOTAL(9,$B3:F3) -> 1 | G9: =SUBTOTAL(9,$B3:G3) -> 1 | H9: =SUBTOTAL(9,$B3:H3) -> 1 | I9: =SUBTOTAL(9,$B3:I3) -> 1 | ... R9: =SUBTOTAL(9,$B3:R3) -> 14 | S9: =SUBTOTAL(9,$S3:S3) -> 1 | T9: =SUBTOTAL(9,$S3:T3) -> 2 | U9: =SUBTOTAL(9,$S3:U3) -> 4 | V9: =SUBTOTAL(9,$S3:V3) -> 4 | W9: =SUBTOTAL(9,$S3:W3) -> 4 | X9: =SUBTOTAL(9,$S3:X3) -> 7 | Y9: =SUBTOTAL(9,$S3:Y3) -> 7 | Z9: =SUBTOTAL(9,$S3:Z3) -> 7 | ... AI9: =SUBTOTAL(9,$S3:AI3) -> 12
A10: Anaconda DC | B10: =SUBTOTAL(9,$B4:B4) -> 3 | C10: =SUBTOTAL(9,$B4:C4) -> 9 | D10: =SUBTOTAL(9,$B4:D4) -> 10 | E10: =SUBTOTAL(9,$B4:E4) -> 10 | F10: =SUBTOTAL(9,$B4:F4) -> 12 | G10: =SUBTOTAL(9,$B4:G4) -> 16 | H10: =SUBTOTAL(9,$B4:H4) -> 18 | I10: =SUBTOTAL(9,$B4:I4) -> 18 | ... R10: =SUBTOTAL(9,$B4:R4) -> 19 | S10: =SUBTOTAL(9,$S4:S4) -> 0 | T10: =SUBTOTAL(9,$S4:T4) -> 1 | U10: =SUBTOTAL(9,$S4:U4) -> 2 | V10: =SUBTOTAL(9,$S4:V4) -> 2 | W10: =SUBTOTAL(9,$S4:W4) -> 3 | X10: =SUBTOTAL(9,$S4:X4) -> 8 | Y10: =SUBTOTAL(9,$S4:Y4) -> 9 | Z10: =SUBTOTAL(9,$S4:Z4) -> 9 | ... AI10: =SUBTOTAL(9,$S4:AI4) -> 9
A11: Harris Scarfe DC | B11: =SUBTOTAL(9,$B5:B5) -> 0 | C11: =SUBTOTAL(9,$B5:C5) -> 0 | D11: =SUBTOTAL(9,$B5:D5) -> 0 | E11: =SUBTOTAL(9,$B5:E5) -> 0 | F11: =SUBTOTAL(9,$B5:F5) -> 0 | G11: =SUBTOTAL(9,$B5:G5) -> 0 | H11: =SUBTOTAL(9,$B5:H5) -> 0 | I11: =SUBTOTAL(9,$B5:I5) -> 0 | ... R11: =SUBTOTAL(9,$B5:R5) -> 2 | S11: =SUBTOTAL(9,$S5:S5) -> 0 | T11: =SUBTOTAL(9,$S5:T5) -> 0 | U11: =SUBTOTAL(9,$S5:U5) -> 0 | V11: =SUBTOTAL(9,$S5:V5) -> 0 | W11: =SUBTOTAL(9,$S5:W5) -> 0 | X11: =SUBTOTAL(9,$S5:X5) -> 0 | Y11: =SUBTOTAL(9,$S5:Y5) -> 0 | Z11: =SUBTOTAL(9,$S5:Z5) -> 0 | ... AI11: =SUBTOTAL(9,$S5:AI5) -> 4

Sheet Incident Data Dump
A1: Uniq ID | B1: Created At | C1: Date and Time of the Incident: | D1: Created By | E1: Accountable Manager | F1: Injured employees | G1: Record Location | H1: Incident Type: | I1: [HIDDEN Incident Classification] | J1: Incident Description: | K1: Mechanism of Injury | L1: Nature of Injury | M1: What body part was affected? | N1: Body Parts | O1: Agency of Injury | P1: Company | Q1: Fiscal Month | R1: Fiscal Quarter
A2: INC1014 | B2: 44992.369 | C2: 44991.438 | D2: Jessica Blackhall | E2: DARYL MEGNA | F2: HS2057 SUNSHINE DC | H2: Safety Near Miss | J2: Dispatch area was full of pallets waiting to be loaded. There was no room to put the forklift in the area next to the driver sign on/off sheet so I was going to put the forklift next to the outside bollard walkway, as I was turning facing forwards the tip of the 2.1 metre forklift tine touched the bottom of the barrier causing the forklift to stop abruptly. The forklift has no damage to the tines but a lot of soot did empty from the radiator Forklift number: IC7635 Bollard is still connected to the ground but the concrete has chipped away a bit Weather conditions: Clear | P2: =IF(OR(F2="HS2057 SUNSHINE DC",F2="S812 Harris Scarfe DC",F2="S813 HS Dark Store",E2="MICHELLE SLOVIK",E2="BREA ROLLINSON",E2="LJUBICA MITRESKA"),"Harris Scarfe DC",IF(OR(F2="S810 Anaconda DC",E2="THOMAS WILLIAMS"),"Anaconda DC",IF(F2="S811 Spotlight DC","Spotlight DC","Spotlight DC"))) -> Harris Scarfe DC | Q2: =VLOOKUP(C2,'FIN CAL LOOKUP'!A:J,7,1) -> MAR, FY23 | R2: =VLOOKUP(C2,'FIN CAL LOOKUP'!A:J,10,1) -> Q3, FY23
A3: INC1048 | B3: 44999.341 | C3: 44994.506 | D3: VELIKA STALEVSKA | E3: THOMAS WILLIAMS | F3: S910 Supply Chain | G3: KALIOPI KATHOPOULIS | H3: Team Member Injury | J3: thumb got stuck in the vending machine, whilst grabbing a drink skin was ripped on the thumb | K3: Contact | L3: Cut/Abrasion | N3: thnub | O3: Human agencies | P3: =IF(OR(F3="HS2057 SUNSHINE DC",F3="S812 Harris Scarfe DC",F3="S813 HS Dark Store",E3="MICHELLE SLOVIK",E3="BREA ROLLINSON",E3="LJUBICA MITRESKA"),"Harris Scarfe DC",IF(OR(F3="S810 Anaconda DC",E3="THOMAS WILLIAMS"),"Anaconda DC",IF(F3="S811 Spotlight DC","Spotlight DC","Spotlight DC"))) -> Anaconda DC | Q3: =VLOOKUP(C3,'FIN CAL LOOKUP'!A:J,7,1) -> MAR, FY23 | R3: =VLOOKUP(C3,'FIN CAL LOOKUP'!A:J,10,1) -> Q3, FY23
A4: INC1054 | B4: 45000.34 | C4: 44994.627 | D4: VELIKA STALEVSKA | E4: THOMAS WILLIAMS | F4: S910 Supply Chain | H4: Safety Near Miss | J4: a pallet was stacked on top of pallet of blinds so the blinds came out of the pallet - High reach driver DU stacked a pallet on top of blinds thus the blinds fell out. The blinds were stored in a pallet not in a stillage so when a pallet was stacked on top they fell out. blinds to be stored in stillages not to double stack blinds in pallets | P4: =IF(OR(F4="HS2057 SUNSHINE DC",F4="S812 Harris Scarfe DC",F4="S813 HS Dark Store",E4="MICHELLE SLOVIK",E4="BREA ROLLINSON",E4="LJUBICA MITRESKA"),"Harris Scarfe DC",IF(OR(F4="S810 Anaconda DC",E4="THOMAS WILLIAMS"),"Anaconda DC",IF(F4="S811 Spotlight DC","Spotlight DC","Spotlight DC"))) -> Anaconda DC | Q4: =VLOOKUP(C4,'FIN CAL LOOKUP'!A:J,7,1) -> MAR, FY23 | R4: =VLOOKUP(C4,'FIN CAL LOOKUP'!A:J,10,1) -> Q3, FY23
A5: INC1056 | B5: 45000.344 | C5: 44999.351 | D5: VELIKA STALEVSKA | E5: THOMAS WILLIAMS | F5: S910 Supply Chain | G5: KALIOPI KATHOPOULIS | H5: Team Member Injury | J5: back started to get sore from the lowered table, Table has been lowered to avoid further injury to my neck/collar bone constant bending over the table to complete QA tasks | K5: Manual handling | L5: Sprain/Strain | M5: Lower back | N5: lower back | O5: Human agencies | P5: =IF(OR(F5="HS2057 SUNSHINE DC",F5="S812 Harris Scarfe DC",F5="S813 HS Dark Store",E5="MICHELLE SLOVIK",E5="BREA ROLLINSON",E5="LJUBICA MITRESKA"),"Harris Scarfe DC",IF(OR(F5="S810 Anaconda DC",E5="THOMAS WILLIAMS"),"Anaconda DC",IF(F5="S811 Spotlight DC","Spotlight DC","Spotlight DC"))) -> Anaconda DC | Q5: =VLOOKUP(C5,'FIN CAL LOOKUP'!A:J,7,1) -> MAR, FY23 | R5: =VLOOKUP(C5,'FIN CAL LOOKUP'!A:J,10,1) -> Q3, FY23
A6: INC1103 | B6: 45005.351 | C6: 45002.354 | D6: VELIKA STALEVSKA | E6: THOMAS WILLIAMS | F6: S910 Supply Chain | H6: Team Member Injury | J6: I was walking and tripped by a box and fell on the conveyor belt hit right arm, scratch | P6: =IF(OR(F6="HS2057 SUNSHINE DC",F6="S812 Harris Scarfe DC",F6="S813 HS Dark Store",E6="MICHELLE SLOVIK",E6="BREA ROLLINSON",E6="LJUBICA MITRESKA"),"Harris Scarfe DC",IF(OR(F6="S810 Anaconda DC",E6="THOMAS WILLIAMS"),"Anaconda DC",IF(F6="S811 Spotlight DC","Spotlight DC","Spotlight DC"))) -> Anaconda DC | Q6: =VLOOKUP(C6,'FIN CAL LOOKUP'!A:J,7,1) -> MAR, FY23 | R6: =VLOOKUP(C6,'FIN CAL LOOKUP'!A:J,10,1) -> Q3, FY23
A7: INC1191 | B7: 45014.348 | C7: 45006.646 | D7: VELIKA STALEVSKA | E7: THOMAS WILLIAMS | F7: S910 Supply Chain | H7: Safety Near Miss | J7: hit the corner of the racking in aisle 13 with the bin on my back of my machine. I was making a turn to pick up an item form another location in the same aisle. | P7: =IF(OR(F7="HS2057 SUNSHINE DC",F7="S812 Harris Scarfe DC",F7="S813 HS Dark Store",E7="MICHELLE SLOVIK",E7="BREA ROLLINSON",E7="LJUBICA MITRESKA"),"Harris Scarfe DC",IF(OR(F7="S810 Anaconda DC",E7="THOMAS WILLIAMS"),"Anaconda DC",IF(F7="S811 Spotlight DC","Spotlight DC","Spotlight DC"))) -> Anaconda DC | Q7: =VLOOKUP(C7,'FIN CAL LOOKUP'!A:J,7,1) -> MAR, FY23 | R7: =VLOOKUP(C7,'FIN CAL LOOKUP'!A:J,10,1) -> Q3, FY23
A8: INC1195 | B8: 45014.361 | C8: 45013.701 | D8: VELIKA STALEVSKA | E8: THOMAS WILLIAMS | F8: S910 Supply Chain | H8: Team Member Injury | J8: small cut on my left hand. I was cutting strip with knife and just got a small cut | P8: =IF(OR(F8="HS2057 SUNSHINE DC",F8="S812 Harris Scarfe DC",F8="S813 HS Dark Store",E8="MICHELLE SLOVIK",E8="BREA ROLLINSON",E8="LJUBICA MITRESKA"),"Harris Scarfe DC",IF(OR(F8="S810 Anaconda DC",E8="THOMAS WILLIAMS"),"Anaconda DC",IF(F8="S811 Spotlight DC","Spotlight DC","Spotlight DC"))) -> Anaconda DC | Q8: =VLOOKUP(C8,'FIN CAL LOOKUP'!A:J,7,1) -> APR, FY23 | R8: =VLOOKUP(C8,'FIN CAL LOOKUP'!A:J,10,1) -> Q4, FY23
A9: INC1196 | B9: 45014.365 | C9: 45005.417 | D9: VELIKA STALEVSKA | E9: THOMAS WILLIAMS | F9: S910 Supply Chain | H9: Team Member Injury | J9: my foot was run over by a pallet jack, one of the team members ran over my foot by a pallet jack while I was stacking the boxes in front of him | P9: =IF(OR(F9="HS2057 SUNSHINE DC",F9="S812 Harris Scarfe DC",F9="S813 HS Dark Store",E9="MICHELLE SLOVIK",E9="BREA ROLLINSON",E9="LJUBICA MITRESKA"),"Harris Scarfe DC",IF(OR(F9="S810 Anaconda DC",E9="THOMAS WILLIAMS"),"Anaconda DC",IF(F9="S811 Spotlight DC","Spotlight DC","Spotlight DC"))) -> Anaconda DC | Q9: =VLOOKUP(C9,'FIN CAL LOOKUP'!A:J,7,1) -> MAR, FY23 | R9: =VLOOKUP(C9,'FIN CAL LOOKUP'!A:J,10,1) -> Q3, FY23
A10: INC1298 | B10: 45021.569 | C10: 45019.562 | D10: VELIKA STALEVSKA | E10: THOMAS WILLIAMS | F10: S910 Supply Chain | G10: KAYLANI MARTIN-BUTTIGIEG | H10: Team Member Injury | I10: Potential LTI | J10: hip/leg injury tension in muscle when walking or apply pressure to leg, lifting heavy blinds no allowing body to rest. | K10: Manual handling | L10: Sprain/Strain | M10: Hips / knees (back) | N10: hip right | O10: Human agencies | P10: =IF(OR(F10="HS2057 SUNSHINE DC",F10="S812 Harris Scarfe DC",F10="S813 HS Dark Store",E10="MICHELLE SLOVIK",E10="BREA ROLLINSON",E10="LJUBICA MITRESKA"),"Harris Scarfe DC",IF(OR(F10="S810 Anaconda DC",E10="THOMAS WILLIAMS"),"Anaconda DC",IF(F10="S811 Spotlight DC","Spotlight DC","Spotlight DC"))) -> Anaconda DC | Q10: =VLOOKUP(C10,'FIN CAL LOOKUP'!A:J,7,1) -> APR, FY23 | R10: =VLOOKUP(C10,'FIN CAL LOOKUP'!A:J,10,1) -> Q4, FY23
A11: INC1315 | B11: 45022.522 | C11: 45022.472 | D11: DOMENICO MARTELLO | E11: STEVEN HARRISON | F11: S910 Supply Chain | H11: Safety Near Miss | J11: A stack of pallets that were transporting fell | P11: =IF(OR(F11="HS2057 SUNSHINE DC",F11="S812 Harris Scarfe DC",F11="S813 HS Dark Store",E11="MICHELLE SLOVIK",E11="BREA ROLLINSON",E11="LJUBICA MITRESKA"),"Harris Scarfe DC",IF(OR(F11="S810 Anaconda DC",E11="THOMAS WILLIAMS"),"Anaconda DC",IF(F11="S811 Spotlight DC","Spotlight DC","Spotlight DC"))) -> Spotlight DC | Q11: =VLOOKUP(C11,'FIN CAL LOOKUP'!A:J,7,1) -> APR, FY23 | R11: =VLOOKUP(C11,'FIN CAL LOOKUP'!A:J,10,1) -> Q4, FY23
A12: INC1319 | B12: 45022.549 | C12: 45021.406 | D12: DOMENICO MARTELLO | E12: STEVEN HARRISON | F12: S910 Supply Chain | H12: Safety Near Miss | J12: 2 machine have collide | P12: =IF(OR(F12="HS2057 SUNSHINE DC",F12="S812 Harris Scarfe DC",F12="S813 HS Dark Store",E12="MICHELLE SLOVIK",E12="BREA ROLLINSON",E12="LJUBICA MITRESKA"),"Harris Scarfe DC",IF(OR(F12="S810 Anaconda DC",E12="THOMAS WILLIAMS"),"Anaconda DC",IF(F12="S811 Spotlight DC","Spotlight DC","Spotlight DC"))) -> Spotlight DC | Q12: =VLOOKUP(C12,'FIN CAL LOOKUP'!A:J,7,1) -> APR, FY23 | R12: =VLOOKUP(C12,'FIN CAL LOOKUP'!A:J,10,1) -> Q4, FY23
A13: INC1322 | B13: 45022.597 | C13: 45021.387 | D13: VELIKA STALEVSKA | E13: THOMAS WILLIAMS | F13: S910 Supply Chain | H13: Safety Near Miss | J13: driving stock into put away aisles and reach truck drove in front of my fork as I was driving forward. | P13: =IF(OR(F13="HS2057 SUNSHINE DC",F13="S812 Harris Scarfe DC",F13="S813 HS Dark Store",E13="MICHELLE SLOVIK",E13="BREA ROLLINSON",E13="LJUBICA MITRESKA"),"Harris Scarfe DC",IF(OR(F13="S810 Anaconda DC",E13="THOMAS WILLIAMS"),"Anaconda DC",IF(F13="S811 Spotlight DC","Spotlight DC","Spotlight DC"))) -> Anaconda DC | Q13: =VLOOKUP(C13,'FIN CAL LOOKUP'!A:J,7,1) -> APR, FY23 | R13: =VLOOKUP(C13,'FIN CAL LOOKUP'!A:J,10,1) -> Q4, FY23
A14: INC1427 | B14: 45034.401 | C14: 45034.354 | D14: CINDY LOPES | E14: STEVEN HARRISON | F14: S910 Supply Chain | G14: JYOTI JYOTI | H14: Team Member Injury | I14: First Aid Treatment | J14: Hit the corner of a XL box while dropping into the ULD | K14: Other | L14: Bruise/Pain/Soreness | M14: Head (front) | N14: Left Ear | O14: Human agencies | P14: =IF(OR(F14="HS2057 SUNSHINE DC",F14="S812 Harris Scarfe DC",F14="S813 HS Dark Store",E14="MICHELLE SLOVIK",E14="BREA ROLLINSON",E14="LJUBICA MITRESKA"),"Harris Scarfe DC",IF(OR(F14="S810 Anaconda DC",E14="THOMAS WILLIAMS"),"Anaconda DC",IF(F14="S811 Spotlight DC","Spotlight DC","Spotlight DC"))) -> Spotlight DC | Q14: =VLOOKUP(C14,'FIN CAL LOOKUP'!A:J,7,1) -> APR, FY23 | R14: =VLOOKUP(C14,'FIN CAL LOOKUP'!A:J,10,1) -> Q4, FY23
A15: INC1459 | B15: 45036.626 | C15: 45035.375 | D15: VELIKA STALEVSKA | E15: THOMAS WILLIAMS | F15: S910 Supply Chain | H15: Team Member Injury | J15: I was walking to place a box in the bin then a sharp nail ripped my pants scratch on right thigh | P15: =IF(OR(F15="HS2057 SUNSHINE DC",F15="S812 Harris Scarfe DC",F15="S813 HS Dark Store",E15="MICHELLE SLOVIK",E15="BREA ROLLINSON",E15="LJUBICA MITRESKA"),"Harris Scarfe DC",IF(OR(F15="S810 Anaconda DC",E15="THOMAS WILLIAMS"),"Anaconda DC",IF(F15="S811 Spotlight DC","Spotlight DC","Spotlight DC"))) -> Anaconda DC | Q15: =VLOOKUP(C15,'FIN CAL LOOKUP'!A:J,7,1) -> APR, FY23 | R15: =VLOOKUP(C15,'FIN CAL LOOKUP'!A:J,10,1) -> Q4, FY23
A16: INC1461 | B16: 45036.645 | C16: 45036.281 | D16: VELIKA STALEVSKA | E16: THOMAS WILLIAMS | F16: S910 Supply Chain | H16: Team Member Injury | J16: I was walking to my workstation then on of the team members cam from my back side and hit my foot with the pallet jack. left foot swollen | P16: =IF(OR(F16="HS2057 SUNSHINE DC",F16="S812 Harris Scarfe DC",F16="S813 HS Dark Store",E16="MICHELLE SLOVIK",E16="BREA ROLLINSON",E16="LJUBICA MITRESKA"),"Harris Scarfe DC",IF(OR(F16="S810 Anaconda DC",E16="THOMAS WILLIAMS"),"Anaconda DC",IF(F16="S811 Spotlight DC","Spotlight DC","Spotlight DC"))) -> Anaconda DC | Q16: =VLOOKUP(C16,'FIN CAL LOOKUP'!A:J,7,1) -> APR, FY23 | R16: =VLOOKUP(C16,'FIN CAL LOOKUP'!A:J,10,1) -> Q4, FY23
A17: INC1632 | B17: 45049.751 | C17: 45048.875 | D17: VEERAPPA KATHIRVELU | E17: STEVEN HARRISON | F17: S910 Supply Chain | G17: NAMONKOAH NIPOE | H17: Team Member Injury | I17: Medical Treatment | J17: The team member was lifting the boxes from Aisles while doing LO Picking and sprained his elbow. He was feeling sharp pain. According to him, the racking was bit high for him to reach and while picking, he started feeling the pain. | K17: Manual handling | L17: Sprain/Strain | M17: Right arm (front) and Right elbow (back) | N17: Right Elbow | O17: Human agencies | P17: =IF(OR(F17="HS2057 SUNSHINE DC",F17="S812 Harris Scarfe DC",F17="S813 HS Dark Store",E17="MICHELLE SLOVIK",E17="BREA ROLLINSON",E17="LJUBICA MITRESKA"),"Harris Scarfe DC",IF(OR(F17="S810 Anaconda DC",E17="THOMAS WILLIAMS"),"Anaconda DC",IF(F17="S811 Spotlight DC","Spotlight DC","Spotlight DC"))) -> Spotlight DC | Q17: =VLOOKUP(C17,'FIN CAL LOOKUP'!A:J,7,1) -> MAY, FY23 | R17: =VLOOKUP(C17,'FIN CAL LOOKUP'!A:J,10,1) -> Q4, FY23
A18: INC1636 | B18: 45050.59 | C18: 45050.417 | D18: VELIKA STALEVSKA | E18: THOMAS WILLIAMS | F18: S910 Supply Chain | G18: ELIZABETH POPPLETON | H18: Team Member Injury | I18: First Aid Treatment | J18: pallet was fully stacked, Team member was to take the pallet to be wrapped, she placed the pallet jack under the pallet, pulled the pallet and started to walk, 3 boxes fell from the pallet one box hit team member on her right shoulder | K18: Hit-Falling Object | L18: Bruise/Pain/Soreness | M18: Right shoulder (back) | N18: right shoulder upper arm | O18: Human agencies | P18: =IF(OR(F18="HS2057 SUNSHINE DC",F18="S812 Harris Scarfe DC",F18="S813 HS Dark Store",E18="MICHELLE SLOVIK",E18="BREA ROLLINSON",E18="LJUBICA MITRESKA"),"Harris Scarfe DC",IF(OR(F18="S810 Anaconda DC",E18="THOMAS WILLIAMS"),"Anaconda DC",IF(F18="S811 Spotlight DC","Spotlight DC","Spotlight DC"))) -> Anaconda DC | Q18: =VLOOKUP(C18,'FIN CAL LOOKUP'!A:J,7,1) -> MAY, FY23 | R18: =VLOOKUP(C18,'FIN CAL LOOKUP'!A:J,10,1) -> Q4, FY23
A19: INC1648 | B19: 45051.604 | C19: 45050.458 | D19: ANTONIO LAI PATRICIO COELHO | E19: STEVEN HARRISON | F19: S910 Supply Chain | H19: Customer / Contractor | J19: Team member Naveen made racial comments about team member Jack Tat, Alek Ngong has witnessed Naveen comments towards Jack during the incident | K19: Other | L19: Psychological Factors | N19: NA | P19: =IF(OR(F19="HS2057 SUNSHINE DC",F19="S812 Harris Scarfe DC",F19="S813 HS Dark Store",E19="MICHELLE SLOVIK",E19="BREA ROLLINSON",E19="LJUBICA MITRESKA"),"Harris Scarfe DC",IF(OR(F19="S810 Anaconda DC",E19="THOMAS WILLIAMS"),"Anaconda DC",IF(F19="S811 Spotlight DC","Spotlight DC","Spotlight DC"))) -> Spotlight DC | Q19: =VLOOKUP(C19,'FIN CAL LOOKUP'!A:J,7,1) -> MAY, FY23 | R19: =VLOOKUP(C19,'FIN CAL LOOKUP'!A:J,10,1) -> Q4, FY23
A20: INC1683 | B20: 45054.374 | C20: 45054.271 | D20: VELIKA STALEVSKA | E20: THOMAS WILLIAMS | F20: S910 Supply Chain | G20: KEITH SURRAO | H20: Team Member Injury | I20: First Aid Treatment | J20: driving out of aisle 11 turning into aisle 10, watching for MHE passing turned and collided with the pillar, | K20: Impact/Knock | L20: Bruise/Pain/Soreness | M20: Head (front) | N20: right eye forehead and eye socket | O20: Other powered equipment, tools and appliances | P20: =IF(OR(F20="HS2057 SUNSHINE DC",F20="S812 Harris Scarfe DC",F20="S813 HS Dark Store",E20="MICHELLE SLOVIK",E20="BREA ROLLINSON",E20="LJUBICA MITRESKA"),"Harris Scarfe DC",IF(OR(F20="S810 Anaconda DC",E20="THOMAS WILLIAMS"),"Anaconda DC",IF(F20="S811 Spotlight DC","Spotlight DC","Spotlight DC"))) -> Anaconda DC | Q20: =VLOOKUP(C20,'FIN CAL LOOKUP'!A:J,7,1) -> MAY, FY23 | R20: =VLOOKUP(C20,'FIN CAL LOOKUP'!A:J,10,1) -> Q4, FY23
A21: INC1799 | B21: 45062.599 | C21: 45062.347 | D21: VELIKA STALEVSKA | E21: THOMAS WILLIAMS | F21: S910 Supply Chain | H21: Safety Near Miss | J21: product from the pallet dislodged, product was not wrapped to the pallet and during transit the product slid off the pallet | P21: =IF(OR(F21="HS2057 SUNSHINE DC",F21="S812 Harris Scarfe DC",F21="S813 HS Dark Store",E21="MICHELLE SLOVIK",E21="BREA ROLLINSON",E21="LJUBICA MITRESKA"),"Harris Scarfe DC",IF(OR(F21="S810 Anaconda DC",E21="THOMAS WILLIAMS"),"Anaconda DC",IF(F21="S811 Spotlight DC","Spotlight DC","Spotlight DC"))) -> Anaconda DC | Q21: =VLOOKUP(C21,'FIN CAL LOOKUP'!A:J,7,1) -> MAY, FY23 | R21: =VLOOKUP(C21,'FIN CAL LOOKUP'!A:J,10,1) -> Q4, FY23
A22: INC1800 | B22: 45062.601 | C22: 45061.517 | D22: VELIKA STALEVSKA | E22: THOMAS WILLIAMS | F22: S910 Supply Chain | H22: Safety Near Miss | J22: when i was passing with high reach hit the upright | P22: =IF(OR(F22="HS2057 SUNSHINE DC",F22="S812 Harris Scarfe DC",F22="S813 HS Dark Store",E22="MICHELLE SLOVIK",E22="BREA ROLLINSON",E22="LJUBICA MITRESKA"),"Harris Scarfe DC",IF(OR(F22="S810 Anaconda DC",E22="THOMAS WILLIAMS"),"Anaconda DC",IF(F22="S811 Spotlight DC","Spotlight DC","Spotlight DC"))) -> Anaconda DC | Q22: =VLOOKUP(C22,'FIN CAL LOOKUP'!A:J,7,1) -> MAY, FY23 | R22: =VLOOKUP(C22,'FIN CAL LOOKUP'!A:J,10,1) -> Q4, FY23
A23: INC1801 | B23: 45062.606 | C23: 45061.444 | D23: VELIKA STALEVSKA | E23: THOMAS WILLIAMS | F23: S910 Supply Chain | H23: Safety Near Miss | J23: stillage fell, whilst unloading vehicles with long tines forklifts, the tilt was not applied and the legs of the back stillage clipped the truck bed and product dislodged. | P23: =IF(OR(F23="HS2057 SUNSHINE DC",F23="S812 Harris Scarfe DC",F23="S813 HS Dark Store",E23="MICHELLE SLOVIK",E23="BREA ROLLINSON",E23="LJUBICA MITRESKA"),"Harris Scarfe DC",IF(OR(F23="S810 Anaconda DC",E23="THOMAS WILLIAMS"),"Anaconda DC",IF(F23="S811 Spotlight DC","Spotlight DC","Spotlight DC"))) -> Anaconda DC | Q23: =VLOOKUP(C23,'FIN CAL LOOKUP'!A:J,7,1) -> MAY, FY23 | R23: =VLOOKUP(C23,'FIN CAL LOOKUP'!A:J,10,1) -> Q4, FY23
A24: INC1822 | B24: 45064.426 | C24: 45064.41 | D24: RAJANKUMAR VINODKUMAR BHAVSAR | E24: STEVEN HARRISON | F24: S910 Supply Chain | H24: Customer / Contractor | J24: In Aisle 13 stock was very heavy. I just lift a box and start pain in my arm. box was 17 KG. | K24: Impact/Knock | L24: Other | M24: back_shoulder_left | N24: Left Shoulder | P24: =IF(OR(F24="HS2057 SUNSHINE DC",F24="S812 Harris Scarfe DC",F24="S813 HS Dark Store",E24="MICHELLE SLOVIK",E24="BREA ROLLINSON",E24="LJUBICA MITRESKA"),"Harris Scarfe DC",IF(OR(F24="S810 Anaconda DC",E24="THOMAS WILLIAMS"),"Anaconda DC",IF(F24="S811 Spotlight DC","Spotlight DC","Spotlight DC"))) -> Spotlight DC | Q24: =VLOOKUP(C24,'FIN CAL LOOKUP'!A:J,7,1) -> MAY, FY23 | R24: =VLOOKUP(C24,'FIN CAL LOOKUP'!A:J,10,1) -> Q4, FY23
A25: INC1842 | B25: 45065.341 | C25: 45063.667 | D25: VELIKA STALEVSKA | E25: THOMAS WILLIAMS | F25: S910 Supply Chain | H25: Safety Near Miss | J25: team member had his phone on loud speaker, talking and working - site rules say no mobile phone use in operational areas | P25: =IF(OR(F25="HS2057 SUNSHINE DC",F25="S812 Harris Scarfe DC",F25="S813 HS Dark Store",E25="MICHELLE SLOVIK",E25="BREA ROLLINSON",E25="LJUBICA MITRESKA"),"Harris Scarfe DC",IF(OR(F25="S810 Anaconda DC",E25="THOMAS WILLIAMS"),"Anaconda DC",IF(F25="S811 Spotlight DC","Spotlight DC","Spotlight DC"))) -> Anaconda DC | Q25: =VLOOKUP(C25,'FIN CAL LOOKUP'!A:J,7,1) -> MAY, FY23 | R25: =VLOOKUP(C25,'FIN CAL LOOKUP'!A:J,10,1) -> Q4, FY23
A26: INC1900 | B26: 45068.536 | C26: 45068.375 | D26: VELIKA STALEVSKA | E26: THOMAS WILLIAMS | F26: S910 Supply Chain | G26: DEVANG PRAJAPATI | H26: Team Member Injury | I26: First Aid Treatment | J26: was picking boxes, hand slipped and hit the conveyor. - Team member states that he is right handed and his right index finger is sore, when he tries to bend it. Team member uses a scanner as part of his tasks | K26: Impact/Knock | L26: Bruise/Pain/Soreness | M26: Right hand (front) | N26: right index finger and palm | O26: Conveyor and lifting plant | P26: =IF(OR(F26="HS2057 SUNSHINE DC",F26="S812 Harris Scarfe DC",F26="S813 HS Dark Store",E26="MICHELLE SLOVIK",E26="BREA ROLLINSON",E26="LJUBICA MITRESKA"),"Harris Scarfe DC",IF(OR(F26="S810 Anaconda DC",E26="THOMAS WILLIAMS"),"Anaconda DC",IF(F26="S811 Spotlight DC","Spotlight DC","Spotlight DC"))) -> Anaconda DC | Q26: =VLOOKUP(C26,'FIN CAL LOOKUP'!A:J,7,1) -> MAY, FY23 | R26: =VLOOKUP(C26,'FIN CAL LOOKUP'!A:J,10,1) -> Q4, FY23
A27: INC1912 | B27: 45069.397 | C27: 45064.542 | D27: VELIKA STALEVSKA | E27: THOMAS WILLIAMS | F27: S910 Supply Chain | H27: Safety Near Miss | J27: reversing vehicle hit pallet and pallets hit the bollard around the fire hydrant | P27: =IF(OR(F27="HS2057 SUNSHINE DC",F27="S812 Harris Scarfe DC",F27="S813 HS Dark Store",E27="MICHELLE SLOVIK",E27="BREA ROLLINSON",E27="LJUBICA MITRESKA"),"Harris Scarfe DC",IF(OR(F27="S810 Anaconda DC",E27="THOMAS WILLIAMS"),"Anaconda DC",IF(F27="S811 Spotlight DC","Spotlight DC","Spotlight DC"))) -> Anaconda DC | Q27: =VLOOKUP(C27,'FIN CAL LOOKUP'!A:J,7,1) -> MAY, FY23 | R27: =VLOOKUP(C27,'FIN CAL LOOKUP'!A:J,10,1) -> Q4, FY23
A28: INC1926 | B28: 45070.356 | C28: 45069.667 | D28: VELIKA STALEVSKA | E28: THOMAS WILLIAMS | F28: S910 Supply Chain | H28: Safety Near Miss | J28: team member was waking to the tea room and jumped over the guard rail taking a short cut | P28: =IF(OR(F28="HS2057 SUNSHINE DC",F28="S812 Harris Scarfe DC",F28="S813 HS Dark Store",E28="MICHELLE SLOVIK",E28="BREA ROLLINSON",E28="LJUBICA MITRESKA"),"Harris Scarfe DC",IF(OR(F28="S810 Anaconda DC",E28="THOMAS WILLIAMS"),"Anaconda DC",IF(F28="S811 Spotlight DC","Spotlight DC","Spotlight DC"))) -> Anaconda DC | Q28: =VLOOKUP(C28,'FIN CAL LOOKUP'!A:J,7,1) -> MAY, FY23 | R28: =VLOOKUP(C28,'FIN CAL LOOKUP'!A:J,10,1) -> Q4, FY23
A29: INC1927 | B29: 45070.361 | C29: 45069.222 | D29: MICHAEL MARKOVICAN | E29: STEVEN HARRISON | F29: S910 Supply Chain | H29: Safety Near Miss | J29: Hazar Yarpuzlu from GEBS transport dropped a pallet while loading Fountain Gate. The pallet was not high enough and hit the tailgate. The pallet then collapsed and stock went on the floor. | P29: =IF(OR(F29="HS2057 SUNSHINE DC",F29="S812 Harris Scarfe DC",F29="S813 HS Dark Store",E29="MICHELLE SLOVIK",E29="BREA ROLLINSON",E29="LJUBICA MITRESKA"),"Harris Scarfe DC",IF(OR(F29="S810 Anaconda DC",E29="THOMAS WILLIAMS"),"Anaconda DC",IF(F29="S811 Spotlight DC","Spotlight DC","Spotlight DC"))) -> Spotlight DC | Q29: =VLOOKUP(C29,'FIN CAL LOOKUP'!A:J,7,1) -> MAY, FY23 | R29: =VLOOKUP(C29,'FIN CAL LOOKUP'!A:J,10,1) -> Q4, FY23
A30: INC2058 | B30: 45078.363 | C30: 45077.403 | D30: VELIKA STALEVSKA | E30: THOMAS WILLIAMS | F30: S910 Supply Chain | H30: Safety Near Miss | J30: tynes detached from the forklift whilst unloading euro bins. | P30: =IF(OR(F30="HS2057 SUNSHINE DC",F30="S812 Harris Scarfe DC",F30="S813 HS Dark Store",E30="MICHELLE SLOVIK",E30="BREA ROLLINSON",E30="LJUBICA MITRESKA"),"Harris Scarfe DC",IF(OR(F30="S810 Anaconda DC",E30="THOMAS WILLIAMS"),"Anaconda DC",IF(F30="S811 Spotlight DC","Spotlight DC","Spotlight DC"))) -> Anaconda DC | Q30: =VLOOKUP(C30,'FIN CAL LOOKUP'!A:J,7,1) -> JUN, FY23 | R30: =VLOOKUP(C30,'FIN CAL LOOKUP'!A:J,10,1) -> Q4, FY23
A31: INC2071 | B31: 45079.367 | C31: 45078.604 | D31: VELIKA STALEVSKA | E31: THOMAS WILLIAMS | F31: S910 Supply Chain | H31: Customer / Contractor | J31: Team member was cutting strings on the rolls and cutter slipped on the left hand . cut left index finger | P31: =IF(OR(F31="HS2057 SUNSHINE DC",F31="S812 Harris Scarfe DC",F31="S813 HS Dark Store",E31="MICHELLE SLOVIK",E31="BREA ROLLINSON",E31="LJUBICA MITRESKA"),"Harris Scarfe DC",IF(OR(F31="S810 Anaconda DC",E31="THOMAS WILLIAMS"),"Anaconda DC",IF(F31="S811 Spotlight DC","Spotlight DC","Spotlight DC"))) -> Anaconda DC | Q31: =VLOOKUP(C31,'FIN CAL LOOKUP'!A:J,7,1) -> JUN, FY23 | R31: =VLOOKUP(C31,'FIN CAL LOOKUP'!A:J,10,1) -> Q4, FY23
A32: INC2117 | B32: 45082.788 | C32: 45077.819 | D32: VEERAPPA KATHIRVELU | E32: STEVEN HARRISON | F32: S910 Supply Chain | H32: Safety Near Miss | J32: Danish is unloading euro bins from the truck, the tines and machines got detached. | P32: =IF(OR(F32="HS2057 SUNSHINE DC",F32="S812 Harris Scarfe DC",F32="S813 HS Dark Store",E32="MICHELLE SLOVIK",E32="BREA ROLLINSON",E32="LJUBICA MITRESKA"),"Harris Scarfe DC",IF(OR(F32="S810 Anaconda DC",E32="THOMAS WILLIAMS"),"Anaconda DC",IF(F32="S811 Spotlight DC","Spotlight DC","Spotlight DC"))) -> Spotlight DC | Q32: =VLOOKUP(C32,'FIN CAL LOOKUP'!A:J,7,1) -> JUN, FY23 | R32: =VLOOKUP(C32,'FIN CAL LOOKUP'!A:J,10,1) -> Q4, FY23
A33: INC2262 | B33: 45092.431 | C33: 45054.493 | D33: CINDY LOPES | E33: STEVEN HARRISON | F33: S910 Supply Chain | G33: FATHIMA WAZEER | H33: Team Member Injury | J33: Tripped on piece of cardboard on the floor as I turned around to put the box i was carrying into the cage | K33: Slip/Trip/Fall | L33: Bruise/Pain/Soreness | M33: Hips / knees (back), Left hand (front), and Right hand (front) | N33: knees & wrists | O33: Human agencies | P33: =IF(OR(F33="HS2057 SUNSHINE DC",F33="S812 Harris Scarfe DC",F33="S813 HS Dark Store",E33="MICHELLE SLOVIK",E33="BREA ROLLINSON",E33="LJUBICA MITRESKA"),"Harris Scarfe DC",IF(OR(F33="S810 Anaconda DC",E33="THOMAS WILLIAMS"),"Anaconda DC",IF(F33="S811 Spotlight DC","Spotlight DC","Spotlight DC"))) -> Spotlight DC | Q33: =VLOOKUP(C33,'FIN CAL LOOKUP'!A:J,7,1) -> MAY, FY23 | R33: =VLOOKUP(C33,'FIN CAL LOOKUP'!A:J,10,1) -> Q4, FY23
A34: INC2381 | B34: 45100.395 | C34: 45099.476 | D34: VELIKA STALEVSKA | E34: THOMAS WILLIAMS | F34: S910 Supply Chain | H34: Safety Near Miss | J34: whilst unloading pallets that have been returned from the store, the last pallet was unstable and not stacked safely, MHE attempted to pick up the pallet, the gate was onthe right side of the MHE, as the MHE approached the truck the back of the MHE caught the gate and bent the gate | P34: =IF(OR(F34="HS2057 SUNSHINE DC",F34="S812 Harris Scarfe DC",F34="S813 HS Dark Store",E34="MICHELLE SLOVIK",E34="BREA ROLLINSON",E34="LJUBICA MITRESKA"),"Harris Scarfe DC",IF(OR(F34="S810 Anaconda DC",E34="THOMAS WILLIAMS"),"Anaconda DC",IF(F34="S811 Spotlight DC","Spotlight DC","Spotlight DC"))) -> Anaconda DC | Q34: =VLOOKUP(C34,'FIN CAL LOOKUP'!A:J,7,1) -> JUN, FY23 | R34: =VLOOKUP(C34,'FIN CAL LOOKUP'!A:J,10,1) -> Q4, FY23
A35: INC2414 | B35: 45103.387 | C35: 45103.375 | D35: MICHELLE SLOVIK | E35: STEVEN HARRISON | F35: S910 Supply Chain | H35: Team Member Injury | J35: whilst unwrapping a pallet on the lifter to take plastic off the pallet. worker was walking to the bailer and the cutting knife fell out of his pocket, team member stepped on knife with left leg then slipped over backwards and fell to the floor | P35: =IF(OR(F35="HS2057 SUNSHINE DC",F35="S812 Harris Scarfe DC",F35="S813 HS Dark Store",E35="MICHELLE SLOVIK",E35="BREA ROLLINSON",E35="LJUBICA MITRESKA"),"Harris Scarfe DC",IF(OR(F35="S810 Anaconda DC",E35="THOMAS WILLIAMS"),"Anaconda DC",IF(F35="S811 Spotlight DC","Spotlight DC","Spotlight DC"))) -> Spotlight DC | Q35: =VLOOKUP(C35,'FIN CAL LOOKUP'!A:J,7,1) -> JUL, FY24 | R35: =VLOOKUP(C35,'FIN CAL LOOKUP'!A:J,10,1) -> Q1, FY24
A36: INC2619 | B36: 45117.49 | C36: 45117.427 | D36: CINDY LOPES | E36: THOMAS WILLIAMS | F36: S910 Supply Chain | H36: Safety Near Miss | J36: I was in the offices at 235 with Arlyn, when she said is that a fire outside in the smokers area, when i turned around to see a fire in the cigarette bin the but bin was on fire, due to the bin being over filled | P36: =IF(OR(F36="HS2057 SUNSHINE DC",F36="S812 Harris Scarfe DC",F36="S813 HS Dark Store",E36="MICHELLE SLOVIK",E36="BREA ROLLINSON",E36="LJUBICA MITRESKA"),"Harris Scarfe DC",IF(OR(F36="S810 Anaconda DC",E36="THOMAS WILLIAMS"),"Anaconda DC",IF(F36="S811 Spotlight DC","Spotlight DC","Spotlight DC"))) -> Anaconda DC | Q36: =VLOOKUP(C36,'FIN CAL LOOKUP'!A:J,7,1) -> JUL, FY24 | R36: =VLOOKUP(C36,'FIN CAL LOOKUP'!A:J,10,1) -> Q1, FY24
A37: INC2632 | B37: 45118.455 | C37: 45118.354 | D37: VELIKA STALEVSKA | E37: THOMAS WILLIAMS | F37: S910 Supply Chain | H37: Safety Near Miss | J37: poppy and trien were travelling along the path in front of the cross dock. Trien has stopped to give way to a pedestrian, Poppy was looking to place product into location, she believed that Trien had moved, as she drove forward with product on her tines, she hit the Trien's MHE tines (reach) minor touch. | P37: =IF(OR(F37="HS2057 SUNSHINE DC",F37="S812 Harris Scarfe DC",F37="S813 HS Dark Store",E37="MICHELLE SLOVIK",E37="BREA ROLLINSON",E37="LJUBICA MITRESKA"),"Harris Scarfe DC",IF(OR(F37="S810 Anaconda DC",E37="THOMAS WILLIAMS"),"Anaconda DC",IF(F37="S811 Spotlight DC","Spotlight DC","Spotlight DC"))) -> Anaconda DC | Q37: =VLOOKUP(C37,'FIN CAL LOOKUP'!A:J,7,1) -> JUL, FY24 | R37: =VLOOKUP(C37,'FIN CAL LOOKUP'!A:J,10,1) -> Q1, FY24
A38: INC2686 | B38: 45121.341 | C38: 45119.438 | D38: VELIKA STALEVSKA | E38: THOMAS WILLIAMS | F38: S910 Supply Chain | H38: Safety Near Miss | J38: I Danish was closing the door before going home. I didn't know that Manish was outside. I had closed the door 1/3 of the way down Manish did not notice the door being closed and drove through hitting the bottom of the roller door | P38: =IF(OR(F38="HS2057 SUNSHINE DC",F38="S812 Harris Scarfe DC",F38="S813 HS Dark Store",E38="MICHELLE SLOVIK",E38="BREA ROLLINSON",E38="LJUBICA MITRESKA"),"Harris Scarfe DC",IF(OR(F38="S810 Anaconda DC",E38="THOMAS WILLIAMS"),"Anaconda DC",IF(F38="S811 Spotlight DC","Spotlight DC","Spotlight DC"))) -> Anaconda DC | Q38: =VLOOKUP(C38,'FIN CAL LOOKUP'!A:J,7,1) -> JUL, FY24 | R38: =VLOOKUP(C38,'FIN CAL LOOKUP'!A:J,10,1) -> Q1, FY24
A39: INC2760 | B39: 45126.356 | C39: 45120.542 | D39: VELIKA STALEVSKA | E39: THOMAS WILLIAMS | F39: S910 Supply Chain | H39: Safety Near Miss | J39: pallet fell off forklift, turned too sharply and pallet was top heavy and fell off.. | P39: =IF(OR(F39="HS2057 SUNSHINE DC",F39="S812 Harris Scarfe DC",F39="S813 HS Dark Store",E39="MICHELLE SLOVIK",E39="BREA ROLLINSON",E39="LJUBICA MITRESKA"),"Harris Scarfe DC",IF(OR(F39="S810 Anaconda DC",E39="THOMAS WILLIAMS"),"Anaconda DC",IF(F39="S811 Spotlight DC","Spotlight DC","Spotlight DC"))) -> Anaconda DC | Q39: =VLOOKUP(C39,'FIN CAL LOOKUP'!A:J,7,1) -> JUL, FY24 | R39: =VLOOKUP(C39,'FIN CAL LOOKUP'!A:J,10,1) -> Q1, FY24
A40: INC2854 | B40: 45131.349 | C40: 45128.691 | D40: VELIKA STALEVSKA | E40: THOMAS WILLIAMS | F40: S910 Supply Chain | H40: Customer / Contractor | J40: hardeep was picking a box near conveyor belt and box around 12-13kg dropped from the conveyor on his right arm. the conveyor belt was being pushed in the opposite direction against the flow of the conveyor. | K40: Hit-Falling Object | L40: Bruise/Pain/Soreness | M40: front_arm_right | N40: right arm | P40: =IF(OR(F40="HS2057 SUNSHINE DC",F40="S812 Harris Scarfe DC",F40="S813 HS Dark Store",E40="MICHELLE SLOVIK",E40="BREA ROLLINSON",E40="LJUBICA MITRESKA"),"Harris Scarfe DC",IF(OR(F40="S810 Anaconda DC",E40="THOMAS WILLIAMS"),"Anaconda DC",IF(F40="S811 Spotlight DC","Spotlight DC","Spotlight DC"))) -> Anaconda DC | Q40: =VLOOKUP(C40,'FIN CAL LOOKUP'!A:J,7,1) -> JUL, FY24 | R40: =VLOOKUP(C40,'FIN CAL LOOKUP'!A:J,10,1) -> Q1, FY24
A41: INC2855 | B41: 45131.404 | C41: 45126.333 | D41: VELIKA STALEVSKA | E41: THOMAS WILLIAMS | F41: S910 Supply Chain | H41: Customer / Contractor | J41: was trying to stack a box onto the pallets, was trying to place the box at the back of the pallet, space between the pallets was narrow, he tripped on the edge of the pallet falling onto his left knee, left knee was twisted | K41: Slip/Trip/Fall | L41: Bruise/Pain/Soreness | M41: front_hips_knees | N41: left knee | P41: =IF(OR(F41="HS2057 SUNSHINE DC",F41="S812 Harris Scarfe DC",F41="S813 HS Dark Store",E41="MICHELLE SLOVIK",E41="BREA ROLLINSON",E41="LJUBICA MITRESKA"),"Harris Scarfe DC",IF(OR(F41="S810 Anaconda DC",E41="THOMAS WILLIAMS"),"Anaconda DC",IF(F41="S811 Spotlight DC","Spotlight DC","Spotlight DC"))) -> Anaconda DC | Q41: =VLOOKUP(C41,'FIN CAL LOOKUP'!A:J,7,1) -> JUL, FY24 | R41: =VLOOKUP(C41,'FIN CAL LOOKUP'!A:J,10,1) -> Q1, FY24
A42: INC2861 | B42: 45131.485 | C42: 45131.458 | D42: VELIKA STALEVSKA | E42: THOMAS WILLIAMS | F42: S910 Supply Chain | H42: Customer / Contractor | J42: I was loading a pallet and then a forklift driver behind me picked up boxes and it fell onto my back. | K42: Impact/Knock | L42: Bruise/Pain/Soreness | M42: back_lower_back | N42: back and right hip | P42: =IF(OR(F42="HS2057 SUNSHINE DC",F42="S812 Harris Scarfe DC",F42="S813 HS Dark Store",E42="MICHELLE SLOVIK",E42="BREA ROLLINSON",E42="LJUBICA MITRESKA"),"Harris Scarfe DC",IF(OR(F42="S810 Anaconda DC",E42="THOMAS WILLIAMS"),"Anaconda DC",IF(F42="S811 Spotlight DC","Spotlight DC","Spotlight DC"))) -> Anaconda DC | Q42: =VLOOKUP(C42,'FIN CAL LOOKUP'!A:J,7,1) -> AUG, FY24 | R42: =VLOOKUP(C42,'FIN CAL LOOKUP'!A:J,10,1) -> Q1, FY24
A43: INC2881 | B43: 45132.625 | C43: 45090.833 | D43: VELIKA STALEVSKA | E43: THOMAS WILLIAMS | F43: S910 Supply Chain | G43: GIUSEPPE CASTELLO | H43: Team Member Injury | I43: Medical Treatment | J43: walking outside the warehouse, tripped on the uneven concrete, fell, onto my hands injuring left wrist | K43: Slip/Trip/Fall | L43: Bruise/Pain/Soreness | M43: Left hand (front) | N43: left wrist | O43: Human agencies | P43: =IF(OR(F43="HS2057 SUNSHINE DC",F43="S812 Harris Scarfe DC",F43="S813 HS Dark Store",E43="MICHELLE SLOVIK",E43="BREA ROLLINSON",E43="LJUBICA MITRESKA"),"Harris Scarfe DC",IF(OR(F43="S810 Anaconda DC",E43="THOMAS WILLIAMS"),"Anaconda DC",IF(F43="S811 Spotlight DC","Spotlight DC","Spotlight DC"))) -> Anaconda DC | Q43: =VLOOKUP(C43,'FIN CAL LOOKUP'!A:J,7,1) -> JUN, FY23 | R43: =VLOOKUP(C43,'FIN CAL LOOKUP'!A:J,10,1) -> Q4, FY23
