Workbook

Sheet CA Report_APR FY25
B2: Customer Aggression | D2: Spotlight AU Stores | J2: Anaconda Stores | P2: Harris Scarfe Stores | V2: Brands Total
D3: STORE FEED | E3: STORE FEED | F3: STORE FEED | G3: STORE FEED | H3: STORE FEED | J3: STORE FEED | K3: STORE FEED | L3: STORE FEED | M3: STORE FEED | N3: STORE FEED | P3: STORE FEED | Q3: STORE FEED | R3: STORE FEED | S3: STORE FEED | T3: STORE FEED | V3: STORE FEED | W3: STORE FEED | X3: STORE FEED | Y3: STORE FEED | Z3: STORE FEED
D4: FY24 | F4: FY25 | J4: FY24 | L4: FY25 | P4: FY24 | R4: FY25 | V4: FY24 | X4: FY25
D5: =D6&", "&D4 -> MAY, FY24 | E5: =D6&", "&D4 -> MAY, FY24 | F5: =F6&", "&F4 -> MAY, FY25 | G5: =F6&", "&F4 -> MAY, FY25 | J5: =J6&", "&J4 -> MAY, FY24 | K5: =J6&", "&J4 -> MAY, FY24 | L5: =L6&", "&L4 -> MAY, FY25 | M5: =L6&", "&L4 -> MAY, FY25 | P5: =P6&", "&P4 -> MAY, FY24 | Q5: =P6&", "&P4 -> MAY, FY24 | R5: =R6&", "&R4 -> MAY, FY25 | S5: =R6&", "&R4 -> MAY, FY25 | V5: =V6&", "&V4 -> MAY, FY24 | W5: =V6&", "&V4 -> MAY, FY24 | X5: =X6&", "&X4 -> MAY, FY25 | Y5: =X6&", "&X4 -> MAY, FY25
B6: Incident Types | D6: MAY | E6: YTD | F6: MAY | G6: YTD | H6: VAR | J6: MAY | K6: YTD | L6: MAY | M6: YTD | N6: VAR | P6: MAY | Q6: YTD | R6: MAY | S6: YTD | T6: VAR | V6: MAY | W6: YTD | X6: MAY | Y6: YTD | Z6: VAR
B7: Security Risk | D7: {=_xlfn.XLOOKUP($B7,INDIRECT("'"&D$3&"'!"&"$B3:$B5"),_xlfn.XLOOKUP(D$5,INDIRECT("'"&D$3&"'!"&"$C2:$AZ2"),INDIRECT("'"&D$3&"'!"&"$C3:$AZ5")))} -> 8 | E7: {=_xlfn.XLOOKUP(E$6&" "&$B7,INDIRECT("'"&E$3&"'!"&"$B9:$B11"),_xlfn.XLOOKUP(E$5,INDIRECT("'"&E$3&"'!"&"$C2:$AZ2"),INDIRECT("'"&E$3&"'!"&"$C9:$AZ11")))} -> 39 | F7: {=_xlfn.XLOOKUP($B7,INDIRECT("'"&F$3&"'!"&"$B3:$B5"),_xlfn.XLOOKUP(F$5,INDIRECT("'"&F$3&"'!"&"$C2:$AZ2"),INDIRECT("'"&F$3&"'!"&"$C3:$AZ5")))} -> 4 | G7: {=_xlfn.XLOOKUP(G$6&" "&$B7,INDIRECT("'"&G$3&"'!"&"$B9:$B11"),_xlfn.XLOOKUP(G$5,INDIRECT("'"&G$3&"'!"&"$C2:$AZ2"),INDIRECT("'"&G$3&"'!"&"$C9:$AZ11")))} -> 61 | H7: =G7-E7 -> 22 | J7: {=_xlfn.XLOOKUP($B7,INDIRECT("'"&J$3&"'!"&"$B15:$B17"),_xlfn.XLOOKUP(J$5,INDIRECT("'"&J$3&"'!"&"$C2:$AZ2"),INDIRECT("'"&J$3&"'!"&"$C15:$AZ17")))} -> 7 | K7: {=_xlfn.XLOOKUP(K$6&" "&$B7,INDIRECT("'"&K$3&"'!"&"$B21:$B23"),_xlfn.XLOOKUP(K$5,INDIRECT("'"&K$3&"'!"&"$C2:$AZ2"),INDIRECT("'"&K$3&"'!"&"$C21:$AZ23")))} -> 39 | L7: {=_xlfn.XLOOKUP($B7,INDIRECT("'"&L$3&"'!"&"$B15:$B17"),_xlfn.XLOOKUP(L$5,INDIRECT("'"&L$3&"'!"&"$C2:$AZ2"),INDIRECT("'"&L$3&"'!"&"$C15:$AZ17")))} -> 5 | M7: {=_xlfn.XLOOKUP(M$6&" "&$B7,INDIRECT("'"&M$3&"'!"&"$B21:$B23"),_xlfn.XLOOKUP(M$5,INDIRECT("'"&M$3&"'!"&"$C2:$AZ2"),INDIRECT("'"&M$3&"'!"&"$C21:$AZ23")))} -> 70 | N7: =M7-K7 -> 31 | P7: {=_xlfn.XLOOKUP($B7,INDIRECT("'"&P$3&"'!"&"$B27:$B29"),_xlfn.XLOOKUP(P$5,INDIRECT("'"&P$3&"'!"&"$C2:$AZ2"),INDIRECT("'"&P$3&"'!"&"$C27:$AZ29")))} -> 4 | Q7: {=_xlfn.XLOOKUP(Q$6&" "&$B7,INDIRECT("'"&Q$3&"'!"&"$B33:$B35"),_xlfn.XLOOKUP(Q$5,INDIRECT("'"&Q$3&"'!"&"$C2:$AZ2"),INDIRECT("'"&Q$3&"'!"&"$C33:$AZ35")))} -> 28 | R7: {=_xlfn.XLOOKUP($B7,INDIRECT("'"&R$3&"'!"&"$B27:$B29"),_xlfn.XLOOKUP(R$5,INDIRECT("'"&R$3&"'!"&"$C2:$AZ2"),INDIRECT("'"&R$3&"'!"&"$C27:$AZ29")))} -> 3 | S7: {=_xlfn.XLOOKUP(S$6&" "&$B7,INDIRECT("'"&S$3&"'!"&"$B33:$B35"),_xlfn.XLOOKUP(S$5,INDIRECT("'"&S$3&"'!"&"$C2:$AZ2"),INDIRECT("'"&S$3&"'!"&"$C33:$AZ35")))} -> 48 | T7: =S7-Q7 -> 20 | V7: =D7+J7+P7 -> 19 | W7: =E7+K7+Q7 -> 106 | X7: =F7+L7+R7 -> 12 | Y7: =G7+M7+S7 -> 179 | Z7: =Y7-W7 -> 73
B8: Team Member Injury | D8: {=_xlfn.XLOOKUP($B8,INDIRECT("'"&D$3&"'!"&"$B3:$B5"),_xlfn.XLOOKUP(D$5,INDIRECT("'"&D$3&"'!"&"$C2:$AZ2"),INDIRECT("'"&D$3&"'!"&"$C3:$AZ5")))} -> 0 | E8: {=_xlfn.XLOOKUP(E$6&" "&$B8,INDIRECT("'"&E$3&"'!"&"$B9:$B11"),_xlfn.XLOOKUP(E$5,INDIRECT("'"&E$3&"'!"&"$C2:$AZ2"),INDIRECT("'"&E$3&"'!"&"$C9:$AZ11")))} -> 0 | F8: {=_xlfn.XLOOKUP($B8,INDIRECT("'"&F$3&"'!"&"$B3:$B5"),_xlfn.XLOOKUP(F$5,INDIRECT("'"&F$3&"'!"&"$C2:$AZ2"),INDIRECT("'"&F$3&"'!"&"$C3:$AZ5")))} -> 2 | G8: {=_xlfn.XLOOKUP(G$6&" "&$B8,INDIRECT("'"&G$3&"'!"&"$B9:$B11"),_xlfn.XLOOKUP(G$5,INDIRECT("'"&G$3&"'!"&"$C2:$AZ2"),INDIRECT("'"&G$3&"'!"&"$C9:$AZ11")))} -> 8 | H8: =G8-E8 -> 8 | J8: {=_xlfn.XLOOKUP($B8,INDIRECT("'"&J$3&"'!"&"$B15:$B17"),_xlfn.XLOOKUP(J$5,INDIRECT("'"&J$3&"'!"&"$C2:$AZ2"),INDIRECT("'"&J$3&"'!"&"$C15:$AZ17")))} -> 0 | K8: {=_xlfn.XLOOKUP(K$6&" "&$B8,INDIRECT("'"&K$3&"'!"&"$B21:$B23"),_xlfn.XLOOKUP(K$5,INDIRECT("'"&K$3&"'!"&"$C2:$AZ2"),INDIRECT("'"&K$3&"'!"&"$C21:$AZ23")))} -> 0 | L8: {=_xlfn.XLOOKUP($B8,INDIRECT("'"&L$3&"'!"&"$B15:$B17"),_xlfn.XLOOKUP(L$5,INDIRECT("'"&L$3&"'!"&"$C2:$AZ2"),INDIRECT("'"&L$3&"'!"&"$C15:$AZ17")))} -> 0 | M8: {=_xlfn.XLOOKUP(M$6&" "&$B8,INDIRECT("'"&M$3&"'!"&"$B21:$B23"),_xlfn.XLOOKUP(M$5,INDIRECT("'"&M$3&"'!"&"$C2:$AZ2"),INDIRECT("'"&M$3&"'!"&"$C21:$AZ23")))} -> 2 | N8: =M8-K8 -> 2 | P8: {=_xlfn.XLOOKUP($B8,INDIRECT("'"&P$3&"'!"&"$B27:$B29"),_xlfn.XLOOKUP(P$5,INDIRECT("'"&P$3&"'!"&"$C2:$AZ2"),INDIRECT("'"&P$3&"'!"&"$C27:$AZ29")))} -> 0 | Q8: {=_xlfn.XLOOKUP(Q$6&" "&$B8,INDIRECT("'"&Q$3&"'!"&"$B33:$B35"),_xlfn.XLOOKUP(Q$5,INDIRECT("'"&Q$3&"'!"&"$C2:$AZ2"),INDIRECT("'"&Q$3&"'!"&"$C33:$AZ35")))} -> 0 | R8: {=_xlfn.XLOOKUP($B8,INDIRECT("'"&R$3&"'!"&"$B27:$B29"),_xlfn.XLOOKUP(R$5,INDIRECT("'"&R$3&"'!"&"$C2:$AZ2"),INDIRECT("'"&R$3&"'!"&"$C27:$AZ29")))} -> 0 | S8: {=_xlfn.XLOOKUP(S$6&" "&$B8,INDIRECT("'"&S$3&"'!"&"$B33:$B35"),_xlfn.XLOOKUP(S$5,INDIRECT("'"&S$3&"'!"&"$C2:$AZ2"),INDIRECT("'"&S$3&"'!"&"$C33:$AZ35")))} -> 2 | T8: =S8-Q8 -> 2 | V8: =D8+J8+P8 -> 0 | W8: =E8+K8+Q8 -> 0 | X8: =F8+L8+R8 -> 2 | Y8: =G8+M8+S8 -> 12 | Z8: =Y8-W8 -> 12
B9: PsychoSocial | D9: {=_xlfn.XLOOKUP($B9,INDIRECT("'"&D$3&"'!"&"$B3:$B5"),_xlfn.XLOOKUP(D$5,INDIRECT("'"&D$3&"'!"&"$C2:$AZ2"),INDIRECT("'"&D$3&"'!"&"$C3:$AZ5")))} -> 0 | E9: {=_xlfn.XLOOKUP(E$6&" "&$B9,INDIRECT("'"&E$3&"'!"&"$B9:$B11"),_xlfn.XLOOKUP(E$5,INDIRECT("'"&E$3&"'!"&"$C2:$AZ2"),INDIRECT("'"&E$3&"'!"&"$C9:$AZ11")))} -> 0 | F9: {=_xlfn.XLOOKUP($B9,INDIRECT("'"&F$3&"'!"&"$B3:$B5"),_xlfn.XLOOKUP(F$5,INDIRECT("'"&F$3&"'!"&"$C2:$AZ2"),INDIRECT("'"&F$3&"'!"&"$C3:$AZ5")))} -> 0 | G9: {=_xlfn.XLOOKUP(G$6&" "&$B9,INDIRECT("'"&G$3&"'!"&"$B9:$B11"),_xlfn.XLOOKUP(G$5,INDIRECT("'"&G$3&"'!"&"$C2:$AZ2"),INDIRECT("'"&G$3&"'!"&"$C9:$AZ11")))} -> 4 | H9: =G9-E9 -> 4 | J9: {=_xlfn.XLOOKUP($B9,INDIRECT("'"&J$3&"'!"&"$B15:$B17"),_xlfn.XLOOKUP(J$5,INDIRECT("'"&J$3&"'!"&"$C2:$AZ2"),INDIRECT("'"&J$3&"'!"&"$C15:$AZ17")))} -> 0 | K9: {=_xlfn.XLOOKUP(K$6&" "&$B9,INDIRECT("'"&K$3&"'!"&"$B21:$B23"),_xlfn.XLOOKUP(K$5,INDIRECT("'"&K$3&"'!"&"$C2:$AZ2"),INDIRECT("'"&K$3&"'!"&"$C21:$AZ23")))} -> 0 | L9: {=_xlfn.XLOOKUP($B9,INDIRECT("'"&L$3&"'!"&"$B15:$B17"),_xlfn.XLOOKUP(L$5,INDIRECT("'"&L$3&"'!"&"$C2:$AZ2"),INDIRECT("'"&L$3&"'!"&"$C15:$AZ17")))} -> 0 | M9: {=_xlfn.XLOOKUP(M$6&" "&$B9,INDIRECT("'"&M$3&"'!"&"$B21:$B23"),_xlfn.XLOOKUP(M$5,INDIRECT("'"&M$3&"'!"&"$C2:$AZ2"),INDIRECT("'"&M$3&"'!"&"$C21:$AZ23")))} -> 1 | N9: =M9-K9 -> 1 | P9: {=_xlfn.XLOOKUP($B9,INDIRECT("'"&P$3&"'!"&"$B27:$B29"),_xlfn.XLOOKUP(P$5,INDIRECT("'"&P$3&"'!"&"$C2:$AZ2"),INDIRECT("'"&P$3&"'!"&"$C27:$AZ29")))} -> 0 | Q9: {=_xlfn.XLOOKUP(Q$6&" "&$B9,INDIRECT("'"&Q$3&"'!"&"$B33:$B35"),_xlfn.XLOOKUP(Q$5,INDIRECT("'"&Q$3&"'!"&"$C2:$AZ2"),INDIRECT("'"&Q$3&"'!"&"$C33:$AZ35")))} -> 0 | R9: {=_xlfn.XLOOKUP($B9,INDIRECT("'"&R$3&"'!"&"$B27:$B29"),_xlfn.XLOOKUP(R$5,INDIRECT("'"&R$3&"'!"&"$C2:$AZ2"),INDIRECT("'"&R$3&"'!"&"$C27:$AZ29")))} -> 0 | S9: {=_xlfn.XLOOKUP(S$6&" "&$B9,INDIRECT("'"&S$3&"'!"&"$B33:$B35"),_xlfn.XLOOKUP(S$5,INDIRECT("'"&S$3&"'!"&"$C2:$AZ2"),INDIRECT("'"&S$3&"'!"&"$C33:$AZ35")))} -> 4 | T9: =S9-Q9 -> 4 | V9: =D9+J9+P9 -> 0 | W9: =E9+K9+Q9 -> 0 | X9: =F9+L9+R9 -> 0 | Y9: =G9+M9+S9 -> 9 | Z9: =Y9-W9 -> 9
B10: Grand Total | D10: =SUM(D7:D9) -> 8 | E10: =SUM(E7:E9) -> 39 | F10: =SUM(F7:F9) -> 6 | G10: =SUM(G7:G9) -> 73 | H10: =G10-E10 -> 34 | J10: =SUM(J7:J9) -> 7 | K10: =SUM(K7:K9) -> 39 | L10: =SUM(L7:L9) -> 5 | M10: =SUM(M7:M9) -> 73 | N10: =M10-K10 -> 34 | P10: =SUM(P7:P9) -> 4 | Q10: =SUM(Q7:Q9) -> 28 | R10: =SUM(R7:R9) -> 3 | S10: =SUM(S7:S9) -> 54 | T10: =S10-Q10 -> 26 | V10: =SUM(V7:V9) -> 19 | W10: =SUM(W7:W9) -> 106 | X10: =SUM(X7:X9) -> 14 | Y10: =SUM(Y7:Y9) -> 200 | Z10: =Y10-W10 -> 94
B12: *Var denotes the Variance in YTD Columns

Sheet CA REPORT_12-month Graphs

Sheet STORE FEED
A1: Performance Measures | B1: Brand | C1: FY24 | T1: FY25
B2: Spotlight AU | C2: ="JUL, "&C1 -> JUL, FY24 | D2: ="AUG, "&C1 -> AUG, FY24 | E2: ="SEP, "&C1 -> SEP, FY24 | F2: ="Q1, "&C1 -> Q1, FY24 | G2: ="OCT, "&C1 -> OCT, FY24 | H2: ="NOV, "&C1 -> NOV, FY24 | I2: ="DEC, "&C1 -> DEC, FY24 | J2: ="Q2, "&C1 -> Q2, FY24 | K2: ="JAN, "&C1 -> JAN, FY24 | L2: ="FEB, "&C1 -> FEB, FY24 | M2: ="MAR, "&C1 -> MAR, FY24 | N2: ="Q3, "&C1 -> Q3, FY24 | O2: ="APR, "&C1 -> APR, FY24 | P2: ="MAY, "&C1 -> MAY, FY24 | Q2: ="JUN, "&C1 -> JUN, FY24 | R2: ="Q4, "&C1 -> Q4, FY24 | S2: ="Full Year, "&C1 -> Full Year, FY24 | T2: ="JUL, "&T1 -> JUL, FY25 | U2: ="AUG, "&T1 -> AUG, FY25 | V2: ="SEP, "&T1 -> SEP, FY25 | W2: ="Q1, "&T1 -> Q1, FY25 | X2: ="OCT, "&T1 -> OCT, FY25 | Y2: ="NOV, "&T1 -> NOV, FY25 | Z2: ="DEC, "&T1 -> DEC, FY25 | AA2: ="Q2, "&T1 -> Q2, FY25 | AB2: ="JAN, "&T1 -> JAN, FY25 | AC2: ="FEB, "&T1 -> FEB, FY25 | AD2: ="MAR, "&T1 -> MAR, FY25 | AE2: ="Q3, "&T1 -> Q3, FY25 | AF2: ="APR, "&T1 -> APR, FY25 | AG2: ="MAY, "&T1 -> MAY, FY25 | AH2: ="JUN, "&T1 -> JUN, FY25 | AI2: ="Q4, "&T1 -> Q4, FY25 | AJ2: ="Full Year, "&T1 -> Full Year, FY25
A3: Customer Aggression | B3: Security Risk | C3: =COUNTIFS('Sec_Risk DataDump'!$J:$J,'STORE FEED'!$B$2,'Sec_Risk DataDump'!$L:$L,'STORE FEED'!C$2) -> 3 | D3: =COUNTIFS('Sec_Risk DataDump'!$J:$J,'STORE FEED'!$B$2,'Sec_Risk DataDump'!$L:$L,'STORE FEED'!D$2) -> 7 | E3: =COUNTIFS('Sec_Risk DataDump'!$J:$J,'STORE FEED'!$B$2,'Sec_Risk DataDump'!$L:$L,'STORE FEED'!E$2) -> 3 | F3: =SUBTOTAL(9,C3:E3) -> 13 | G3: =COUNTIFS('Sec_Risk DataDump'!$J:$J,'STORE FEED'!$B$2,'Sec_Risk DataDump'!$L:$L,'STORE FEED'!G$2) -> 2 | H3: =COUNTIFS('Sec_Risk DataDump'!$J:$J,'STORE FEED'!$B$2,'Sec_Risk DataDump'!$L:$L,'STORE FEED'!H$2) -> 0 | I3: =COUNTIFS('Sec_Risk DataDump'!$J:$J,'STORE FEED'!$B$2,'Sec_Risk DataDump'!$L:$L,'STORE FEED'!I$2) -> 4 | J3: =SUBTOTAL(9,G3:I3) -> 6 | K3: =COUNTIFS('Sec_Risk DataDump'!$J:$J,'STORE FEED'!$B$2,'Sec_Risk DataDump'!$L:$L,'STORE FEED'!K$2) -> 1 | L3: =COUNTIFS('Sec_Risk DataDump'!$J:$J,'STORE FEED'!$B$2,'Sec_Risk DataDump'!$L:$L,'STORE FEED'!L$2) -> 5 | M3: =COUNTIFS('Sec_Risk DataDump'!$J:$J,'STORE FEED'!$B$2,'Sec_Risk DataDump'!$L:$L,'STORE FEED'!M$2) -> 3 | N3: =SUBTOTAL(9,K3:M3) -> 9 | O3: =COUNTIFS('Sec_Risk DataDump'!$J:$J,'STORE FEED'!$B$2,'Sec_Risk DataDump'!$L:$L,'STORE FEED'!O$2) -> 3 | P3: =COUNTIFS('Sec_Risk DataDump'!$J:$J,'STORE FEED'!$B$2,'Sec_Risk DataDump'!$L:$L,'STORE FEED'!P$2) -> 8 | Q3: =COUNTIFS('Sec_Risk DataDump'!$J:$J,'STORE FEED'!$B$2,'Sec_Risk DataDump'!$L:$L,'STORE FEED'!Q$2) -> 11 | R3: =SUBTOTAL(9,O3:Q3) -> 22 | S3: =SUBTOTAL(9,C3:R3) -> 50 | T3: =COUNTIFS('Sec_Risk DataDump'!$J:$J,'STORE FEED'!$B$2,'Sec_Risk DataDump'!$L:$L,'STORE FEED'!T$2) -> 4 | U3: =COUNTIFS('Sec_Risk DataDump'!$J:$J,'STORE FEED'!$B$2,'Sec_Risk DataDump'!$L:$L,'STORE FEED'!U$2) -> 4 | V3: =COUNTIFS('Sec_Risk DataDump'!$J:$J,'STORE FEED'!$B$2,'Sec_Risk DataDump'!$L:$L,'STORE FEED'!V$2) -> 4 | W3: =SUBTOTAL(9,T3:V3) -> 12 | X3: =COUNTIFS('Sec_Risk DataDump'!$J:$J,'STORE FEED'!$B$2,'Sec_Risk DataDump'!$L:$L,'STORE FEED'!X$2) -> 2 | Y3: =COUNTIFS('Sec_Risk DataDump'!$J:$J,'STORE FEED'!$B$2,'Sec_Risk DataDump'!$L:$L,'STORE FEED'!Y$2) -> 7 | Z3: =COUNTIFS('Sec_Risk DataDump'!$J:$J,'STORE FEED'!$B$2,'Sec_Risk DataDump'!$L:$L,'STORE FEED'!Z$2) -> 9 | AA3: =SUBTOTAL(9,X3:Z3) -> 18 | AB3: =COUNTIFS('Sec_Risk DataDump'!$J:$J,'STORE FEED'!$B$2,'Sec_Risk DataDump'!$L:$L,'STORE FEED'!AB$2) -> 4 | AC3: =COUNTIFS('Sec_Risk DataDump'!$J:$J,'STORE FEED'!$B$2,'Sec_Risk DataDump'!$L:$L,'STORE FEED'!AC$2) -> 10 | AD3: =COUNTIFS('Sec_Risk DataDump'!$J:$J,'STORE FEED'!$B$2,'Sec_Risk DataDump'!$L:$L,'STORE FEED'!AD$2) -> 8 | AE3: =SUBTOTAL(9,AB3:AD3) -> 22 | AF3: =COUNTIFS('Sec_Risk DataDump'!$J:$J,'STORE FEED'!$B$2,'Sec_Risk DataDump'!$L:$L,'STORE FEED'!AF$2) -> 5 | AG3: =COUNTIFS('Sec_Risk DataDump'!$J:$J,'STORE FEED'!$B$2,'Sec_Risk DataDump'!$L:$L,'STORE FEED'!AG$2) -> 4 | AH3: =COUNTIFS('Sec_Risk DataDump'!$J:$J,'STORE FEED'!$B$2,'Sec_Risk DataDump'!$L:$L,'STORE FEED'!AH$2) -> 0 | AI3: =SUBTOTAL(9,AF3:AH3) -> 9 | AJ3: =SUBTOTAL(9,T3:AI3) -> 61
B4: Team Member Injury | C4: =COUNTIFS('TMJ DataDump'!$J:$J,'STORE FEED'!$B$2,'TMJ DataDump'!$L:$L,'STORE FEED'!C$2) -> 0 | D4: =COUNTIFS('TMJ DataDump'!$J:$J,'STORE FEED'!$B$2,'TMJ DataDump'!$L:$L,'STORE FEED'!D$2) -> 0 | E4: =COUNTIFS('TMJ DataDump'!$J:$J,'STORE FEED'!$B$2,'TMJ DataDump'!$L:$L,'STORE FEED'!E$2) -> 0 | F4: =SUBTOTAL(9,C4:E4) -> 0 | G4: =COUNTIFS('TMJ DataDump'!$J:$J,'STORE FEED'!$B$2,'TMJ DataDump'!$L:$L,'STORE FEED'!G$2) -> 0 | H4: =COUNTIFS('TMJ DataDump'!$J:$J,'STORE FEED'!$B$2,'TMJ DataDump'!$L:$L,'STORE FEED'!H$2) -> 0 | I4: =COUNTIFS('TMJ DataDump'!$J:$J,'STORE FEED'!$B$2,'TMJ DataDump'!$L:$L,'STORE FEED'!I$2) -> 0 | J4: =SUBTOTAL(9,G4:I4) -> 0 | K4: =COUNTIFS('TMJ DataDump'!$J:$J,'STORE FEED'!$B$2,'TMJ DataDump'!$L:$L,'STORE FEED'!K$2) -> 0 | L4: =COUNTIFS('TMJ DataDump'!$J:$J,'STORE FEED'!$B$2,'TMJ DataDump'!$L:$L,'STORE FEED'!L$2) -> 0 | M4: =COUNTIFS('TMJ DataDump'!$J:$J,'STORE FEED'!$B$2,'TMJ DataDump'!$L:$L,'STORE FEED'!M$2) -> 0 | N4: =SUBTOTAL(9,K4:M4) -> 0 | O4: =COUNTIFS('TMJ DataDump'!$J:$J,'STORE FEED'!$B$2,'TMJ DataDump'!$L:$L,'STORE FEED'!O$2) -> 0 | P4: =COUNTIFS('TMJ DataDump'!$J:$J,'STORE FEED'!$B$2,'TMJ DataDump'!$L:$L,'STORE FEED'!P$2) -> 0 | Q4: =COUNTIFS('TMJ DataDump'!$J:$J,'STORE FEED'!$B$2,'TMJ DataDump'!$L:$L,'STORE FEED'!Q$2) -> 0 | R4: =SUBTOTAL(9,O4:Q4) -> 0 | S4: =SUBTOTAL(9,C4:R4) -> 0 | T4: =COUNTIFS('TMJ DataDump'!$J:$J,'STORE FEED'!$B$2,'TMJ DataDump'!$L:$L,'STORE FEED'!T$2) -> 0 | U4: =COUNTIFS('TMJ DataDump'!$J:$J,'STORE FEED'!$B$2,'TMJ DataDump'!$L:$L,'STORE FEED'!U$2) -> 0 | V4: =COUNTIFS('TMJ DataDump'!$J:$J,'STORE FEED'!$B$2,'TMJ DataDump'!$L:$L,'STORE FEED'!V$2) -> 0 | W4: =SUBTOTAL(9,T4:V4) -> 0 | X4: =COUNTIFS('TMJ DataDump'!$J:$J,'STORE FEED'!$B$2,'TMJ DataDump'!$L:$L,'STORE FEED'!X$2) -> 4 | Y4: =COUNTIFS('TMJ DataDump'!$J:$J,'STORE FEED'!$B$2,'TMJ DataDump'!$L:$L,'STORE FEED'!Y$2) -> 1 | Z4: =COUNTIFS('TMJ DataDump'!$J:$J,'STORE FEED'!$B$2,'TMJ DataDump'!$L:$L,'STORE FEED'!Z$2) -> 0 | AA4: =SUBTOTAL(9,X4:Z4) -> 5 | AB4: =COUNTIFS('TMJ DataDump'!$J:$J,'STORE FEED'!$B$2,'TMJ DataDump'!$L:$L,'STORE FEED'!AB$2) -> 0 | AC4: =COUNTIFS('TMJ DataDump'!$J:$J,'STORE FEED'!$B$2,'TMJ DataDump'!$L:$L,'STORE FEED'!AC$2) -> 0 | AD4: =COUNTIFS('TMJ DataDump'!$J:$J,'STORE FEED'!$B$2,'TMJ DataDump'!$L:$L,'STORE FEED'!AD$2) -> 0 | AE4: =SUBTOTAL(9,AB4:AD4) -> 0 | AF4: =COUNTIFS('TMJ DataDump'!$J:$J,'STORE FEED'!$B$2,'TMJ DataDump'!$L:$L,'STORE FEED'!AF$2) -> 1 | AG4: =COUNTIFS('TMJ DataDump'!$J:$J,'STORE FEED'!$B$2,'TMJ DataDump'!$L:$L,'STORE FEED'!AG$2) -> 2 | AH4: =COUNTIFS('TMJ DataDump'!$J:$J,'STORE FEED'!$B$2,'TMJ DataDump'!$L:$L,'STORE FEED'!AH$2) -> 0 | AI4: =SUBTOTAL(9,AF4:AH4) -> 3 | AJ4: =SUBTOTAL(9,T4:AI4) -> 8
B5: PsychoSocial | C5: =COUNTIFS('PsychoSocial DataDump'!$K:$K,'STORE FEED'!$B$2,'PsychoSocial DataDump'!$M:$M,'STORE FEED'!C$2) -> 0 | D5: =COUNTIFS('PsychoSocial DataDump'!$K:$K,'STORE FEED'!$B$2,'PsychoSocial DataDump'!$M:$M,'STORE FEED'!D$2) -> 0 | E5: =COUNTIFS('PsychoSocial DataDump'!$K:$K,'STORE FEED'!$B$2,'PsychoSocial DataDump'!$M:$M,'STORE FEED'!E$2) -> 0 | F5: =SUBTOTAL(9,C5:E5) -> 0 | G5: =COUNTIFS('PsychoSocial DataDump'!$K:$K,'STORE FEED'!$B$2,'PsychoSocial DataDump'!$M:$M,'STORE FEED'!G$2) -> 0 | H5: =COUNTIFS('PsychoSocial DataDump'!$K:$K,'STORE FEED'!$B$2,'PsychoSocial DataDump'!$M:$M,'STORE FEED'!H$2) -> 0 | I5: =COUNTIFS('PsychoSocial DataDump'!$K:$K,'STORE FEED'!$B$2,'PsychoSocial DataDump'!$M:$M,'STORE FEED'!I$2) -> 0 | J5: =SUBTOTAL(9,G5:I5) -> 0 | K5: =COUNTIFS('PsychoSocial DataDump'!$K:$K,'STORE FEED'!$B$2,'PsychoSocial DataDump'!$M:$M,'STORE FEED'!K$2) -> 0 | L5: =COUNTIFS('PsychoSocial DataDump'!$K:$K,'STORE FEED'!$B$2,'PsychoSocial DataDump'!$M:$M,'STORE FEED'!L$2) -> 0 | M5: =COUNTIFS('PsychoSocial DataDump'!$K:$K,'STORE FEED'!$B$2,'PsychoSocial DataDump'!$M:$M,'STORE FEED'!M$2) -> 0 | N5: =SUBTOTAL(9,K5:M5) -> 0 | O5: =COUNTIFS('PsychoSocial DataDump'!$K:$K,'STORE FEED'!$B$2,'PsychoSocial DataDump'!$M:$M,'STORE FEED'!O$2) -> 0 | P5: =COUNTIFS('PsychoSocial DataDump'!$K:$K,'STORE FEED'!$B$2,'PsychoSocial DataDump'!$M:$M,'STORE FEED'!P$2) -> 0 | Q5: =COUNTIFS('PsychoSocial DataDump'!$K:$K,'STORE FEED'!$B$2,'PsychoSocial DataDump'!$M:$M,'STORE FEED'!Q$2) -> 0 | R5: =SUBTOTAL(9,O5:Q5) -> 0 | S5: =SUBTOTAL(9,C5:R5) -> 0 | T5: =COUNTIFS('PsychoSocial DataDump'!$K:$K,'STORE FEED'!$B$2,'PsychoSocial DataDump'!$M:$M,'STORE FEED'!T$2) -> 0 | U5: =COUNTIFS('PsychoSocial DataDump'!$K:$K,'STORE FEED'!$B$2,'PsychoSocial DataDump'!$M:$M,'STORE FEED'!U$2) -> 0 | V5: =COUNTIFS('PsychoSocial DataDump'!$K:$K,'STORE FEED'!$B$2,'PsychoSocial DataDump'!$M:$M,'STORE FEED'!V$2) -> 0 | W5: =SUBTOTAL(9,T5:V5) -> 0 | X5: =COUNTIFS('PsychoSocial DataDump'!$K:$K,'STORE FEED'!$B$2,'PsychoSocial DataDump'!$M:$M,'STORE FEED'!X$2) -> 0 | Y5: =COUNTIFS('PsychoSocial DataDump'!$K:$K,'STORE FEED'!$B$2,'PsychoSocial DataDump'!$M:$M,'STORE FEED'!Y$2) -> 0 | Z5: =COUNTIFS('PsychoSocial DataDump'!$K:$K,'STORE FEED'!$B$2,'PsychoSocial DataDump'!$M:$M,'STORE FEED'!Z$2) -> 0 | AA5: =SUBTOTAL(9,X5:Z5) -> 0 | AB5: =COUNTIFS('PsychoSocial DataDump'!$K:$K,'STORE FEED'!$B$2,'PsychoSocial DataDump'!$M:$M,'STORE FEED'!AB$2) -> 0 | AC5: =COUNTIFS('PsychoSocial DataDump'!$K:$K,'STORE FEED'!$B$2,'PsychoSocial DataDump'!$M:$M,'STORE FEED'!AC$2) -> 2 | AD5: =COUNTIFS('PsychoSocial DataDump'!$K:$K,'STORE FEED'!$B$2,'PsychoSocial DataDump'!$M:$M,'STORE FEED'!AD$2) -> 1 | AE5: =SUBTOTAL(9,AB5:AD5) -> 3 | AF5: =COUNTIFS('PsychoSocial DataDump'!$K:$K,'STORE FEED'!$B$2,'PsychoSocial DataDump'!$M:$M,'STORE FEED'!AF$2) -> 1 | AG5: =COUNTIFS('PsychoSocial DataDump'!$K:$K,'STORE FEED'!$B$2,'PsychoSocial DataDump'!$M:$M,'STORE FEED'!AG$2) -> 0 | AH5: =COUNTIFS('PsychoSocial DataDump'!$K:$K,'STORE FEED'!$B$2,'PsychoSocial DataDump'!$M:$M,'STORE FEED'!AH$2) -> 0 | AI5: =SUBTOTAL(9,AF5:AH5) -> 1 | AJ5: =SUBTOTAL(9,T5:AI5) -> 4
B6: Grand Total | C6: =SUM(C3:C5) -> 3 | D6: =SUM(D3:D5) -> 7 | E6: =SUM(E3:E5) -> 3 | F6: =SUM(F3:F5) -> 13 | G6: =SUM(G3:G5) -> 2 | H6: =SUM(H3:H5) -> 0 | I6: =SUM(I3:I5) -> 4 | J6: =SUM(J3:J5) -> 6 | ... AJ6: =SUM(AJ3:AJ5) -> 73
B8: Spotlight AU
A9: YTD Customer Aggression | B9: YTD Security Risk | C9: =SUBTOTAL(9,$C3:C3) -> 3 | D9: =SUBTOTAL(9,$C3:D3) -> 10 | E9: =SUBTOTAL(9,$C3:E3) -> 13 | F9: =SUBTOTAL(9,$C3:F3) -> 13 | G9: =SUBTOTAL(9,$C3:G3) -> 15 | H9: =SUBTOTAL(9,$C3:H3) -> 15 | I9: =SUBTOTAL(9,$C3:I3) -> 19 | J9: =SUBTOTAL(9,$C3:J3) -> 19 | ... S9: =SUBTOTAL(9,$C3:S3) -> 50 | T9: =SUBTOTAL(9,$T3:T3) -> 4 | U9: =SUBTOTAL(9,$T3:U3) -> 8 | V9: =SUBTOTAL(9,$T3:V3) -> 12 | W9: =SUBTOTAL(9,$T3:W3) -> 12 | X9: =SUBTOTAL(9,$T3:X3) -> 14 | Y9: =SUBTOTAL(9,$T3:Y3) -> 21 | Z9: =SUBTOTAL(9,$T3:Z3) -> 30 | AA9: =SUBTOTAL(9,$T3:AA3) -> 30 | ... AJ9: =SUBTOTAL(9,$T3:AJ3) -> 61
B10: YTD Team Member Injury | C10: =SUBTOTAL(9,$C4:C4) -> 0 | D10: =SUBTOTAL(9,$C4:D4) -> 0 | E10: =SUBTOTAL(9,$C4:E4) -> 0 | F10: =SUBTOTAL(9,$C4:F4) -> 0 | G10: =SUBTOTAL(9,$C4:G4) -> 0 | H10: =SUBTOTAL(9,$C4:H4) -> 0 | I10: =SUBTOTAL(9,$C4:I4) -> 0 | J10: =SUBTOTAL(9,$C4:J4) -> 0 | ... S10: =SUBTOTAL(9,$C4:S4) -> 0 | T10: =SUBTOTAL(9,$T4:T4) -> 0 | U10: =SUBTOTAL(9,$T4:U4) -> 0 | V10: =SUBTOTAL(9,$T4:V4) -> 0 | W10: =SUBTOTAL(9,$T4:W4) -> 0 | X10: =SUBTOTAL(9,$T4:X4) -> 4 | Y10: =SUBTOTAL(9,$T4:Y4) -> 5 | Z10: =SUBTOTAL(9,$T4:Z4) -> 5 | AA10: =SUBTOTAL(9,$T4:AA4) -> 5 | ... AJ10: =SUBTOTAL(9,$T4:AJ4) -> 8
B11: YTD PsychoSocial | C11: =SUBTOTAL(9,$C5:C5) -> 0 | D11: =SUBTOTAL(9,$C5:D5) -> 0 | E11: =SUBTOTAL(9,$C5:E5) -> 0 | F11: =SUBTOTAL(9,$C5:F5) -> 0 | G11: =SUBTOTAL(9,$C5:G5) -> 0 | H11: =SUBTOTAL(9,$C5:H5) -> 0 | I11: =SUBTOTAL(9,$C5:I5) -> 0 | J11: =SUBTOTAL(9,$C5:J5) -> 0 | ... S11: =SUBTOTAL(9,$C5:S5) -> 0 | T11: =SUBTOTAL(9,$T5:T5) -> 0 | U11: =SUBTOTAL(9,$T5:U5) -> 0 | V11: =SUBTOTAL(9,$T5:V5) -> 0 | W11: =SUBTOTAL(9,$T5:W5) -> 0 | X11: =SUBTOTAL(9,$T5:X5) -> 0 | Y11: =SUBTOTAL(9,$T5:Y5) -> 0 | Z11: =SUBTOTAL(9,$T5:Z5) -> 0 | AA11: =SUBTOTAL(9,$T5:AA5) -> 0 | ... AJ11: =SUBTOTAL(9,$T5:AJ5) -> 4
B14: Anaconda
A15: Customer Aggression | B15: Security Risk | C15: =COUNTIFS('Sec_Risk DataDump'!$J:$J,'STORE FEED'!$B$14,'Sec_Risk DataDump'!$L:$L,'STORE FEED'!C$2) -> 2 | D15: =COUNTIFS('Sec_Risk DataDump'!$J:$J,'STORE FEED'!$B$14,'Sec_Risk DataDump'!$L:$L,'STORE FEED'!D$2) -> 0 | E15: =COUNTIFS('Sec_Risk DataDump'!$J:$J,'STORE FEED'!$B$14,'Sec_Risk DataDump'!$L:$L,'STORE FEED'!E$2) -> 1 | F15: =SUBTOTAL(9,C15:E15) -> 3 | G15: =COUNTIFS('Sec_Risk DataDump'!$J:$J,'STORE FEED'!$B$14,'Sec_Risk DataDump'!$L:$L,'STORE FEED'!G$2) -> 2 | H15: =COUNTIFS('Sec_Risk DataDump'!$J:$J,'STORE FEED'!$B$14,'Sec_Risk DataDump'!$L:$L,'STORE FEED'!H$2) -> 4 | I15: =COUNTIFS('Sec_Risk DataDump'!$J:$J,'STORE FEED'!$B$14,'Sec_Risk DataDump'!$L:$L,'STORE FEED'!I$2) -> 7 | J15: =SUBTOTAL(9,G15:I15) -> 13 | K15: =COUNTIFS('Sec_Risk DataDump'!$J:$J,'STORE FEED'!$B$14,'Sec_Risk DataDump'!$L:$L,'STORE FEED'!K$2) -> 7 | L15: =COUNTIFS('Sec_Risk DataDump'!$J:$J,'STORE FEED'!$B$14,'Sec_Risk DataDump'!$L:$L,'STORE FEED'!L$2) -> 1 | M15: =COUNTIFS('Sec_Risk DataDump'!$J:$J,'STORE FEED'!$B$14,'Sec_Risk DataDump'!$L:$L,'STORE FEED'!M$2) -> 3 | N15: =SUBTOTAL(9,K15:M15) -> 11 | O15: =COUNTIFS('Sec_Risk DataDump'!$J:$J,'STORE FEED'!$B$14,'Sec_Risk DataDump'!$L:$L,'STORE FEED'!O$2) -> 5 | P15: =COUNTIFS('Sec_Risk DataDump'!$J:$J,'STORE FEED'!$B$14,'Sec_Risk DataDump'!$L:$L,'STORE FEED'!P$2) -> 7 | Q15: =COUNTIFS('Sec_Risk DataDump'!$J:$J,'STORE FEED'!$B$14,'Sec_Risk DataDump'!$L:$L,'STORE FEED'!Q$2) -> 11 | R15: =SUBTOTAL(9,O15:Q15) -> 23 | S15: =SUBTOTAL(9,C15:R15) -> 50 | T15: =COUNTIFS('Sec_Risk DataDump'!$J:$J,'STORE FEED'!$B$14,'Sec_Risk DataDump'!$L:$L,'STORE FEED'!T$2) -> 13 | U15: =COUNTIFS('Sec_Risk DataDump'!$J:$J,'STORE FEED'!$B$14,'Sec_Risk DataDump'!$L:$L,'STORE FEED'!U$2) -> 20 | V15: =COUNTIFS('Sec_Risk DataDump'!$J:$J,'STORE FEED'!$B$14,'Sec_Risk DataDump'!$L:$L,'STORE FEED'!V$2) -> 3 | W15: =SUBTOTAL(9,T15:V15) -> 36 | X15: =COUNTIFS('Sec_Risk DataDump'!$J:$J,'STORE FEED'!$B$14,'Sec_Risk DataDump'!$L:$L,'STORE FEED'!X$2) -> 2 | Y15: =COUNTIFS('Sec_Risk DataDump'!$J:$J,'STORE FEED'!$B$14,'Sec_Risk DataDump'!$L:$L,'STORE FEED'!Y$2) -> 5 | Z15: =COUNTIFS('Sec_Risk DataDump'!$J:$J,'STORE FEED'!$B$14,'Sec_Risk DataDump'!$L:$L,'STORE FEED'!Z$2) -> 4 | AA15: =SUBTOTAL(9,X15:Z15) -> 11 | AB15: =COUNTIFS('Sec_Risk DataDump'!$J:$J,'STORE FEED'!$B$14,'Sec_Risk DataDump'!$L:$L,'STORE FEED'!AB$2) -> 1 | AC15: =COUNTIFS('Sec_Risk DataDump'!$J:$J,'STORE FEED'!$B$14,'Sec_Risk DataDump'!$L:$L,'STORE FEED'!AC$2) -> 9 | AD15: =COUNTIFS('Sec_Risk DataDump'!$J:$J,'STORE FEED'!$B$14,'Sec_Risk DataDump'!$L:$L,'STORE FEED'!AD$2) -> 3 | AE15: =SUBTOTAL(9,AB15:AD15) -> 13 | AF15: =COUNTIFS('Sec_Risk DataDump'!$J:$J,'STORE FEED'!$B$14,'Sec_Risk DataDump'!$L:$L,'STORE FEED'!AF$2) -> 5 | AG15: =COUNTIFS('Sec_Risk DataDump'!$J:$J,'STORE FEED'!$B$14,'Sec_Risk DataDump'!$L:$L,'STORE FEED'!AG$2) -> 5 | AH15: =COUNTIFS('Sec_Risk DataDump'!$J:$J,'STORE FEED'!$B$14,'Sec_Risk DataDump'!$L:$L,'STORE FEED'!AH$2) -> 0 | AI15: =SUBTOTAL(9,AF15:AH15) -> 10 | AJ15: =SUBTOTAL(9,T15:AI15) -> 70
B16: Team Member Injury | C16: =COUNTIFS('TMJ DataDump'!$J:$J,'STORE FEED'!$B$14,'TMJ DataDump'!$L:$L,'STORE FEED'!C$2) -> 0 | D16: =COUNTIFS('TMJ DataDump'!$J:$J,'STORE FEED'!$B$14,'TMJ DataDump'!$L:$L,'STORE FEED'!D$2) -> 0 | E16: =COUNTIFS('TMJ DataDump'!$J:$J,'STORE FEED'!$B$14,'TMJ DataDump'!$L:$L,'STORE FEED'!E$2) -> 0 | F16: =SUBTOTAL(9,C16:E16) -> 0 | G16: =COUNTIFS('TMJ DataDump'!$J:$J,'STORE FEED'!$B$14,'TMJ DataDump'!$L:$L,'STORE FEED'!G$2) -> 0 | H16: =COUNTIFS('TMJ DataDump'!$J:$J,'STORE FEED'!$B$14,'TMJ DataDump'!$L:$L,'STORE FEED'!H$2) -> 0 | I16: =COUNTIFS('TMJ DataDump'!$J:$J,'STORE FEED'!$B$14,'TMJ DataDump'!$L:$L,'STORE FEED'!I$2) -> 0 | J16: =SUBTOTAL(9,G16:I16) -> 0 | K16: =COUNTIFS('TMJ DataDump'!$J:$J,'STORE FEED'!$B$14,'TMJ DataDump'!$L:$L,'STORE FEED'!K$2) -> 0 | L16: =COUNTIFS('TMJ DataDump'!$J:$J,'STORE FEED'!$B$14,'TMJ DataDump'!$L:$L,'STORE FEED'!L$2) -> 0 | M16: =COUNTIFS('TMJ DataDump'!$J:$J,'STORE FEED'!$B$14,'TMJ DataDump'!$L:$L,'STORE FEED'!M$2) -> 0 | N16: =SUBTOTAL(9,K16:M16) -> 0 | O16: =COUNTIFS('TMJ DataDump'!$J:$J,'STORE FEED'!$B$14,'TMJ DataDump'!$L:$L,'STORE FEED'!O$2) -> 0 | P16: =COUNTIFS('TMJ DataDump'!$J:$J,'STORE FEED'!$B$14,'TMJ DataDump'!$L:$L,'STORE FEED'!P$2) -> 0 | Q16: =COUNTIFS('TMJ DataDump'!$J:$J,'STORE FEED'!$B$14,'TMJ DataDump'!$L:$L,'STORE FEED'!Q$2) -> 0 | R16: =SUBTOTAL(9,O16:Q16) -> 0 | S16: =SUBTOTAL(9,C16:R16) -> 0 | T16: =COUNTIFS('TMJ DataDump'!$J:$J,'STORE FEED'!$B$14,'TMJ DataDump'!$L:$L,'STORE FEED'!T$2) -> 0 | U16: =COUNTIFS('TMJ DataDump'!$J:$J,'STORE FEED'!$B$14,'TMJ DataDump'!$L:$L,'STORE FEED'!U$2) -> 0 | V16: =COUNTIFS('TMJ DataDump'!$J:$J,'STORE FEED'!$B$14,'TMJ DataDump'!$L:$L,'STORE FEED'!V$2) -> 0 | W16: =SUBTOTAL(9,T16:V16) -> 0 | X16: =COUNTIFS('TMJ DataDump'!$J:$J,'STORE FEED'!$B$14,'TMJ DataDump'!$L:$L,'STORE FEED'!X$2) -> 0 | Y16: =COUNTIFS('TMJ DataDump'!$J:$J,'STORE FEED'!$B$14,'TMJ DataDump'!$L:$L,'STORE FEED'!Y$2) -> 0 | Z16: =COUNTIFS('TMJ DataDump'!$J:$J,'STORE FEED'!$B$14,'TMJ DataDump'!$L:$L,'STORE FEED'!Z$2) -> 2 | AA16: =SUBTOTAL(9,X16:Z16) -> 2 | AB16: =COUNTIFS('TMJ DataDump'!$J:$J,'STORE FEED'!$B$14,'TMJ DataDump'!$L:$L,'STORE FEED'!AB$2) -> 0 | AC16: =COUNTIFS('TMJ DataDump'!$J:$J,'STORE FEED'!$B$14,'TMJ DataDump'!$L:$L,'STORE FEED'!AC$2) -> 0 | AD16: =COUNTIFS('TMJ DataDump'!$J:$J,'STORE FEED'!$B$14,'TMJ DataDump'!$L:$L,'STORE FEED'!AD$2) -> 0 | AE16: =SUBTOTAL(9,AB16:AD16) -> 0 | AF16: =COUNTIFS('TMJ DataDump'!$J:$J,'STORE FEED'!$B$14,'TMJ DataDump'!$L:$L,'STORE FEED'!AF$2) -> 0 | AG16: =COUNTIFS('TMJ DataDump'!$J:$J,'STORE FEED'!$B$14,'TMJ DataDump'!$L:$L,'STORE FEED'!AG$2) -> 0 | AH16: =COUNTIFS('TMJ DataDump'!$J:$J,'STORE FEED'!$B$14,'TMJ DataDump'!$L:$L,'STORE FEED'!AH$2) -> 0 | AI16: =SUBTOTAL(9,AF16:AH16) -> 0 | AJ16: =SUBTOTAL(9,T16:AI16) -> 2
B17: PsychoSocial | C17: =COUNTIFS('PsychoSocial DataDump'!$K:$K,'STORE FEED'!$B$14,'PsychoSocial DataDump'!$M:$M,'STORE FEED'!C$2) -> 0 | D17: =COUNTIFS('PsychoSocial DataDump'!$K:$K,'STORE FEED'!$B$14,'PsychoSocial DataDump'!$M:$M,'STORE FEED'!D$2) -> 0 | E17: =COUNTIFS('PsychoSocial DataDump'!$K:$K,'STORE FEED'!$B$14,'PsychoSocial DataDump'!$M:$M,'STORE FEED'!E$2) -> 0 | F17: =SUBTOTAL(9,C17:E17) -> 0 | G17: =COUNTIFS('PsychoSocial DataDump'!$K:$K,'STORE FEED'!$B$14,'PsychoSocial DataDump'!$M:$M,'STORE FEED'!G$2) -> 0 | H17: =COUNTIFS('PsychoSocial DataDump'!$K:$K,'STORE FEED'!$B$14,'PsychoSocial DataDump'!$M:$M,'STORE FEED'!H$2) -> 0 | I17: =COUNTIFS('PsychoSocial DataDump'!$K:$K,'STORE FEED'!$B$14,'PsychoSocial DataDump'!$M:$M,'STORE FEED'!I$2) -> 0 | J17: =SUBTOTAL(9,G17:I17) -> 0 | K17: =COUNTIFS('PsychoSocial DataDump'!$K:$K,'STORE FEED'!$B$14,'PsychoSocial DataDump'!$M:$M,'STORE FEED'!K$2) -> 0 | L17: =COUNTIFS('PsychoSocial DataDump'!$K:$K,'STORE FEED'!$B$14,'PsychoSocial DataDump'!$M:$M,'STORE FEED'!L$2) -> 0 | M17: =COUNTIFS('PsychoSocial DataDump'!$K:$K,'STORE FEED'!$B$14,'PsychoSocial DataDump'!$M:$M,'STORE FEED'!M$2) -> 0 | N17: =SUBTOTAL(9,K17:M17) -> 0 | O17: =COUNTIFS('PsychoSocial DataDump'!$K:$K,'STORE FEED'!$B$14,'PsychoSocial DataDump'!$M:$M,'STORE FEED'!O$2) -> 0 | P17: =COUNTIFS('PsychoSocial DataDump'!$K:$K,'STORE FEED'!$B$14,'PsychoSocial DataDump'!$M:$M,'STORE FEED'!P$2) -> 0 | Q17: =COUNTIFS('PsychoSocial DataDump'!$K:$K,'STORE FEED'!$B$14,'PsychoSocial DataDump'!$M:$M,'STORE FEED'!Q$2) -> 0 | R17: =SUBTOTAL(9,O17:Q17) -> 0 | S17: =SUBTOTAL(9,C17:R17) -> 0 | T17: =COUNTIFS('PsychoSocial DataDump'!$K:$K,'STORE FEED'!$B$14,'PsychoSocial DataDump'!$M:$M,'STORE FEED'!T$2) -> 0 | U17: =COUNTIFS('PsychoSocial DataDump'!$K:$K,'STORE FEED'!$B$14,'PsychoSocial DataDump'!$M:$M,'STORE FEED'!U$2) -> 0 | V17: =COUNTIFS('PsychoSocial DataDump'!$K:$K,'STORE FEED'!$B$14,'PsychoSocial DataDump'!$M:$M,'STORE FEED'!V$2) -> 0 | W17: =SUBTOTAL(9,T17:V17) -> 0 | X17: =COUNTIFS('PsychoSocial DataDump'!$K:$K,'STORE FEED'!$B$14,'PsychoSocial DataDump'!$M:$M,'STORE FEED'!X$2) -> 0 | Y17: =COUNTIFS('PsychoSocial DataDump'!$K:$K,'STORE FEED'!$B$14,'PsychoSocial DataDump'!$M:$M,'STORE FEED'!Y$2) -> 0 | Z17: =COUNTIFS('PsychoSocial DataDump'!$K:$K,'STORE FEED'!$B$14,'PsychoSocial DataDump'!$M:$M,'STORE FEED'!Z$2) -> 0 | AA17: =SUBTOTAL(9,X17:Z17) -> 0 | AB17: =COUNTIFS('PsychoSocial DataDump'!$K:$K,'STORE FEED'!$B$14,'PsychoSocial DataDump'!$M:$M,'STORE FEED'!AB$2) -> 0 | AC17: =COUNTIFS('PsychoSocial DataDump'!$K:$K,'STORE FEED'!$B$14,'PsychoSocial DataDump'!$M:$M,'STORE FEED'!AC$2) -> 0 | AD17: =COUNTIFS('PsychoSocial DataDump'!$K:$K,'STORE FEED'!$B$14,'PsychoSocial DataDump'!$M:$M,'STORE FEED'!AD$2) -> 0 | AE17: =SUBTOTAL(9,AB17:AD17) -> 0 | AF17: =COUNTIFS('PsychoSocial DataDump'!$K:$K,'STORE FEED'!$B$14,'PsychoSocial DataDump'!$M:$M,'STORE FEED'!AF$2) -> 1 | AG17: =COUNTIFS('PsychoSocial DataDump'!$K:$K,'STORE FEED'!$B$14,'PsychoSocial DataDump'!$M:$M,'STORE FEED'!AG$2) -> 0 | AH17: =COUNTIFS('PsychoSocial DataDump'!$K:$K,'STORE FEED'!$B$14,'PsychoSocial DataDump'!$M:$M,'STORE FEED'!AH$2) -> 0 | AI17: =SUBTOTAL(9,AF17:AH17) -> 1 | AJ17: =SUBTOTAL(9,T17:AI17) -> 1
B18: Grand Total | C18: =SUM(C15:C17) -> 2 | D18: =SUM(D15:D17) -> 0 | E18: =SUM(E15:E17) -> 1 | F18: =SUM(F15:F17) -> 3 | G18: =SUM(G15:G17) -> 2 | H18: =SUM(H15:H17) -> 4 | I18: =SUM(I15:I17) -> 7 | J18: =SUM(J15:J17) -> 13 | ... AJ18: =SUM(AJ15:AJ17) -> 73
B20: Anaconda
A21: YTD Customer Aggression | B21: YTD Security Risk | C21: =SUBTOTAL(9,$C15:C15) -> 2 | D21: =SUBTOTAL(9,$C15:D15) -> 2 | E21: =SUBTOTAL(9,$C15:E15) -> 3 | F21: =SUBTOTAL(9,$C15:F15) -> 3 | G21: =SUBTOTAL(9,$C15:G15) -> 5 | H21: =SUBTOTAL(9,$C15:H15) -> 9 | I21: =SUBTOTAL(9,$C15:I15) -> 16 | J21: =SUBTOTAL(9,$C15:J15) -> 16 | ... S21: =SUBTOTAL(9,$C15:S15) -> 50 | T21: =SUBTOTAL(9,$T15:T15) -> 13 | U21: =SUBTOTAL(9,$T15:U15) -> 33 | V21: =SUBTOTAL(9,$T15:V15) -> 36 | W21: =SUBTOTAL(9,$T15:W15) -> 36 | X21: =SUBTOTAL(9,$T15:X15) -> 38 | Y21: =SUBTOTAL(9,$T15:Y15) -> 43 | Z21: =SUBTOTAL(9,$T15:Z15) -> 47 | AA21: =SUBTOTAL(9,$T15:AA15) -> 47 | ... AJ21: =SUBTOTAL(9,$T15:AJ15) -> 70
B22: YTD Team Member Injury | C22: =SUBTOTAL(9,$C16:C16) -> 0 | D22: =SUBTOTAL(9,$C16:D16) -> 0 | E22: =SUBTOTAL(9,$C16:E16) -> 0 | F22: =SUBTOTAL(9,$C16:F16) -> 0 | G22: =SUBTOTAL(9,$C16:G16) -> 0 | H22: =SUBTOTAL(9,$C16:H16) -> 0 | I22: =SUBTOTAL(9,$C16:I16) -> 0 | J22: =SUBTOTAL(9,$C16:J16) -> 0 | ... S22: =SUBTOTAL(9,$C16:S16) -> 0 | T22: =SUBTOTAL(9,$T16:T16) -> 0 | U22: =SUBTOTAL(9,$T16:U16) -> 0 | V22: =SUBTOTAL(9,$T16:V16) -> 0 | W22: =SUBTOTAL(9,$T16:W16) -> 0 | X22: =SUBTOTAL(9,$T16:X16) -> 0 | Y22: =SUBTOTAL(9,$T16:Y16) -> 0 | Z22: =SUBTOTAL(9,$T16:Z16) -> 2 | AA22: =SUBTOTAL(9,$T16:AA16) -> 2 | ... AJ22: =SUBTOTAL(9,$T16:AJ16) -> 2
B23: YTD PsychoSocial | C23: =SUBTOTAL(9,$C17:C17) -> 0 | D23: =SUBTOTAL(9,$C17:D17) -> 0 | E23: =SUBTOTAL(9,$C17:E17) -> 0 | F23: =SUBTOTAL(9,$C17:F17) -> 0 | G23: =SUBTOTAL(9,$C17:G17) -> 0 | H23: =SUBTOTAL(9,$C17:H17) -> 0 | I23: =SUBTOTAL(9,$C17:I17) -> 0 | J23: =SUBTOTAL(9,$C17:J17) -> 0 | ... S23: =SUBTOTAL(9,$C17:S17) -> 0 | T23: =SUBTOTAL(9,$T17:T17) -> 0 | U23: =SUBTOTAL(9,$T17:U17) -> 0 | V23: =SUBTOTAL(9,$T17:V17) -> 0 | W23: =SUBTOTAL(9,$T17:W17) -> 0 | X23: =SUBTOTAL(9,$T17:X17) -> 0 | Y23: =SUBTOTAL(9,$T17:Y17) -> 0 | Z23: =SUBTOTAL(9,$T17:Z17) -> 0 | AA23: =SUBTOTAL(9,$T17:AA17) -> 0 | ... AJ23: =SUBTOTAL(9,$T17:AJ17) -> 1
B26: Harris Scarfe
A27: Customer Aggression | B27: Security Risk | C27: =COUNTIFS('Sec_Risk DataDump'!$J:$J,'STORE FEED'!$B$26,'Sec_Risk DataDump'!$L:$L,'STORE FEED'!C$2) -> 5 | D27: =COUNTIFS('Sec_Risk DataDump'!$J:$J,'STORE FEED'!$B$26,'Sec_Risk DataDump'!$L:$L,'STORE FEED'!D$2) -> 0 | E27: =COUNTIFS('Sec_Risk DataDump'!$J:$J,'STORE FEED'!$B$26,'Sec_Risk DataDump'!$L:$L,'STORE FEED'!E$2) -> 2 | F27: =SUBTOTAL(9,C27:E27) -> 7 | G27: =COUNTIFS('Sec_Risk DataDump'!$J:$J,'STORE FEED'!$B$26,'Sec_Risk DataDump'!$L:$L,'STORE FEED'!G$2) -> 1 | H27: =COUNTIFS('Sec_Risk DataDump'!$J:$J,'STORE FEED'!$B$26,'Sec_Risk DataDump'!$L:$L,'STORE FEED'!H$2) -> 4 | I27: =COUNTIFS('Sec_Risk DataDump'!$J:$J,'STORE FEED'!$B$26,'Sec_Risk DataDump'!$L:$L,'STORE FEED'!I$2) -> 4 | J27: =SUBTOTAL(9,G27:I27) -> 9 | K27: =COUNTIFS('Sec_Risk DataDump'!$J:$J,'STORE FEED'!$B$26,'Sec_Risk DataDump'!$L:$L,'STORE FEED'!K$2) -> 0 | L27: =COUNTIFS('Sec_Risk DataDump'!$J:$J,'STORE FEED'!$B$26,'Sec_Risk DataDump'!$L:$L,'STORE FEED'!L$2) -> 4 | M27: =COUNTIFS('Sec_Risk DataDump'!$J:$J,'STORE FEED'!$B$26,'Sec_Risk DataDump'!$L:$L,'STORE FEED'!M$2) -> 3 | N27: =SUBTOTAL(9,K27:M27) -> 7 | O27: =COUNTIFS('Sec_Risk DataDump'!$J:$J,'STORE FEED'!$B$26,'Sec_Risk DataDump'!$L:$L,'STORE FEED'!O$2) -> 1 | P27: =COUNTIFS('Sec_Risk DataDump'!$J:$J,'STORE FEED'!$B$26,'Sec_Risk DataDump'!$L:$L,'STORE FEED'!P$2) -> 4 | Q27: =COUNTIFS('Sec_Risk DataDump'!$J:$J,'STORE FEED'!$B$26,'Sec_Risk DataDump'!$L:$L,'STORE FEED'!Q$2) -> 6 | R27: =SUBTOTAL(9,O27:Q27) -> 11 | S27: =SUBTOTAL(9,C27:R27) -> 34 | T27: =COUNTIFS('Sec_Risk DataDump'!$J:$J,'STORE FEED'!$B$26,'Sec_Risk DataDump'!$L:$L,'STORE FEED'!T$2) -> 3 | U27: =COUNTIFS('Sec_Risk DataDump'!$J:$J,'STORE FEED'!$B$26,'Sec_Risk DataDump'!$L:$L,'STORE FEED'!U$2) -> 10 | V27: =COUNTIFS('Sec_Risk DataDump'!$J:$J,'STORE FEED'!$B$26,'Sec_Risk DataDump'!$L:$L,'STORE FEED'!V$2) -> 8 | W27: =SUBTOTAL(9,T27:V27) -> 21 | X27: =COUNTIFS('Sec_Risk DataDump'!$J:$J,'STORE FEED'!$B$26,'Sec_Risk DataDump'!$L:$L,'STORE FEED'!X$2) -> 6 | Y27: =COUNTIFS('Sec_Risk DataDump'!$J:$J,'STORE FEED'!$B$26,'Sec_Risk DataDump'!$L:$L,'STORE FEED'!Y$2) -> 6 | Z27: =COUNTIFS('Sec_Risk DataDump'!$J:$J,'STORE FEED'!$B$26,'Sec_Risk DataDump'!$L:$L,'STORE FEED'!Z$2) -> 4 | AA27: =SUBTOTAL(9,X27:Z27) -> 16 | AB27: =COUNTIFS('Sec_Risk DataDump'!$J:$J,'STORE FEED'!$B$26,'Sec_Risk DataDump'!$L:$L,'STORE FEED'!AB$2) -> 2 | AC27: =COUNTIFS('Sec_Risk DataDump'!$J:$J,'STORE FEED'!$B$26,'Sec_Risk DataDump'!$L:$L,'STORE FEED'!AC$2) -> 1 | AD27: =COUNTIFS('Sec_Risk DataDump'!$J:$J,'STORE FEED'!$B$26,'Sec_Risk DataDump'!$L:$L,'STORE FEED'!AD$2) -> 1 | AE27: =SUBTOTAL(9,AB27:AD27) -> 4 | AF27: =COUNTIFS('Sec_Risk DataDump'!$J:$J,'STORE FEED'!$B$26,'Sec_Risk DataDump'!$L:$L,'STORE FEED'!AF$2) -> 4 | AG27: =COUNTIFS('Sec_Risk DataDump'!$J:$J,'STORE FEED'!$B$26,'Sec_Risk DataDump'!$L:$L,'STORE FEED'!AG$2) -> 3 | AH27: =COUNTIFS('Sec_Risk DataDump'!$J:$J,'STORE FEED'!$B$26,'Sec_Risk DataDump'!$L:$L,'STORE FEED'!AH$2) -> 0 | AI27: =SUBTOTAL(9,AF27:AH27) -> 7 | AJ27: =SUBTOTAL(9,T27:AI27) -> 48
B28: Team Member Injury | C28: =COUNTIFS('TMJ DataDump'!$J:$J,'STORE FEED'!$B$26,'TMJ DataDump'!$L:$L,'STORE FEED'!C$2) -> 0 | D28: =COUNTIFS('TMJ DataDump'!$J:$J,'STORE FEED'!$B$26,'TMJ DataDump'!$L:$L,'STORE FEED'!D$2) -> 0 | E28: =COUNTIFS('TMJ DataDump'!$J:$J,'STORE FEED'!$B$26,'TMJ DataDump'!$L:$L,'STORE FEED'!E$2) -> 0 | F28: =SUBTOTAL(9,C28:E28) -> 0 | G28: =COUNTIFS('TMJ DataDump'!$J:$J,'STORE FEED'!$B$26,'TMJ DataDump'!$L:$L,'STORE FEED'!G$2) -> 0 | H28: =COUNTIFS('TMJ DataDump'!$J:$J,'STORE FEED'!$B$26,'TMJ DataDump'!$L:$L,'STORE FEED'!H$2) -> 0 | I28: =COUNTIFS('TMJ DataDump'!$J:$J,'STORE FEED'!$B$26,'TMJ DataDump'!$L:$L,'STORE FEED'!I$2) -> 0 | J28: =SUBTOTAL(9,G28:I28) -> 0 | K28: =COUNTIFS('TMJ DataDump'!$J:$J,'STORE FEED'!$B$26,'TMJ DataDump'!$L:$L,'STORE FEED'!K$2) -> 0 | L28: =COUNTIFS('TMJ DataDump'!$J:$J,'STORE FEED'!$B$26,'TMJ DataDump'!$L:$L,'STORE FEED'!L$2) -> 0 | M28: =COUNTIFS('TMJ DataDump'!$J:$J,'STORE FEED'!$B$26,'TMJ DataDump'!$L:$L,'STORE FEED'!M$2) -> 0 | N28: =SUBTOTAL(9,K28:M28) -> 0 | O28: =COUNTIFS('TMJ DataDump'!$J:$J,'STORE FEED'!$B$26,'TMJ DataDump'!$L:$L,'STORE FEED'!O$2) -> 0 | P28: =COUNTIFS('TMJ DataDump'!$J:$J,'STORE FEED'!$B$26,'TMJ DataDump'!$L:$L,'STORE FEED'!P$2) -> 0 | Q28: =COUNTIFS('TMJ DataDump'!$J:$J,'STORE FEED'!$B$26,'TMJ DataDump'!$L:$L,'STORE FEED'!Q$2) -> 0 | R28: =SUBTOTAL(9,O28:Q28) -> 0 | S28: =SUBTOTAL(9,C28:R28) -> 0 | T28: =COUNTIFS('TMJ DataDump'!$J:$J,'STORE FEED'!$B$26,'TMJ DataDump'!$L:$L,'STORE FEED'!T$2) -> 0 | U28: =COUNTIFS('TMJ DataDump'!$J:$J,'STORE FEED'!$B$26,'TMJ DataDump'!$L:$L,'STORE FEED'!U$2) -> 0 | V28: =COUNTIFS('TMJ DataDump'!$J:$J,'STORE FEED'!$B$26,'TMJ DataDump'!$L:$L,'STORE FEED'!V$2) -> 0 | W28: =SUBTOTAL(9,T28:V28) -> 0 | X28: =COUNTIFS('TMJ DataDump'!$J:$J,'STORE FEED'!$B$26,'TMJ DataDump'!$L:$L,'STORE FEED'!X$2) -> 0 | Y28: =COUNTIFS('TMJ DataDump'!$J:$J,'STORE FEED'!$B$26,'TMJ DataDump'!$L:$L,'STORE FEED'!Y$2) -> 0 | Z28: =COUNTIFS('TMJ DataDump'!$J:$J,'STORE FEED'!$B$26,'TMJ DataDump'!$L:$L,'STORE FEED'!Z$2) -> 0 | AA28: =SUBTOTAL(9,X28:Z28) -> 0 | AB28: =COUNTIFS('TMJ DataDump'!$J:$J,'STORE FEED'!$B$26,'TMJ DataDump'!$L:$L,'STORE FEED'!AB$2) -> 0 | AC28: =COUNTIFS('TMJ DataDump'!$J:$J,'STORE FEED'!$B$26,'TMJ DataDump'!$L:$L,'STORE FEED'!AC$2) -> 0 | AD28: =COUNTIFS('TMJ DataDump'!$J:$J,'STORE FEED'!$B$26,'TMJ DataDump'!$L:$L,'STORE FEED'!AD$2) -> 1 | AE28: =SUBTOTAL(9,AB28:AD28) -> 1 | AF28: =COUNTIFS('TMJ DataDump'!$J:$J,'STORE FEED'!$B$26,'TMJ DataDump'!$L:$L,'STORE FEED'!AF$2) -> 1 | AG28: =COUNTIFS('TMJ DataDump'!$J:$J,'STORE FEED'!$B$26,'TMJ DataDump'!$L:$L,'STORE FEED'!AG$2) -> 0 | AH28: =COUNTIFS('TMJ DataDump'!$J:$J,'STORE FEED'!$B$26,'TMJ DataDump'!$L:$L,'STORE FEED'!AH$2) -> 0 | AI28: =SUBTOTAL(9,AF28:AH28) -> 1 | AJ28: =SUBTOTAL(9,T28:AI28) -> 2
B29: PsychoSocial | C29: =COUNTIFS('PsychoSocial DataDump'!$K:$K,'STORE FEED'!$B$26,'PsychoSocial DataDump'!$M:$M,'STORE FEED'!C$2) -> 0 | D29: =COUNTIFS('PsychoSocial DataDump'!$K:$K,'STORE FEED'!$B$26,'PsychoSocial DataDump'!$M:$M,'STORE FEED'!D$2) -> 0 | E29: =COUNTIFS('PsychoSocial DataDump'!$K:$K,'STORE FEED'!$B$26,'PsychoSocial DataDump'!$M:$M,'STORE FEED'!E$2) -> 0 | F29: =SUBTOTAL(9,C29:E29) -> 0 | G29: =COUNTIFS('PsychoSocial DataDump'!$K:$K,'STORE FEED'!$B$26,'PsychoSocial DataDump'!$M:$M,'STORE FEED'!G$2) -> 0 | H29: =COUNTIFS('PsychoSocial DataDump'!$K:$K,'STORE FEED'!$B$26,'PsychoSocial DataDump'!$M:$M,'STORE FEED'!H$2) -> 0 | I29: =COUNTIFS('PsychoSocial DataDump'!$K:$K,'STORE FEED'!$B$26,'PsychoSocial DataDump'!$M:$M,'STORE FEED'!I$2) -> 0 | J29: =SUBTOTAL(9,G29:I29) -> 0 | K29: =COUNTIFS('PsychoSocial DataDump'!$K:$K,'STORE FEED'!$B$26,'PsychoSocial DataDump'!$M:$M,'STORE FEED'!K$2) -> 0 | L29: =COUNTIFS('PsychoSocial DataDump'!$K:$K,'STORE FEED'!$B$26,'PsychoSocial DataDump'!$M:$M,'STORE FEED'!L$2) -> 0 | M29: =COUNTIFS('PsychoSocial DataDump'!$K:$K,'STORE FEED'!$B$26,'PsychoSocial DataDump'!$M:$M,'STORE FEED'!M$2) -> 0 | N29: =SUBTOTAL(9,K29:M29) -> 0 | O29: =COUNTIFS('PsychoSocial DataDump'!$K:$K,'STORE FEED'!$B$26,'PsychoSocial DataDump'!$M:$M,'STORE FEED'!O$2) -> 0 | P29: =COUNTIFS('PsychoSocial DataDump'!$K:$K,'STORE FEED'!$B$26,'PsychoSocial DataDump'!$M:$M,'STORE FEED'!P$2) -> 0 | Q29: =COUNTIFS('PsychoSocial DataDump'!$K:$K,'STORE FEED'!$B$26,'PsychoSocial DataDump'!$M:$M,'STORE FEED'!Q$2) -> 0 | R29: =SUBTOTAL(9,O29:Q29) -> 0 | S29: =SUBTOTAL(9,C29:R29) -> 0 | T29: =COUNTIFS('PsychoSocial DataDump'!$K:$K,'STORE FEED'!$B$26,'PsychoSocial DataDump'!$M:$M,'STORE FEED'!T$2) -> 0 | U29: =COUNTIFS('PsychoSocial DataDump'!$K:$K,'STORE FEED'!$B$26,'PsychoSocial DataDump'!$M:$M,'STORE FEED'!U$2) -> 1 | V29: =COUNTIFS('PsychoSocial DataDump'!$K:$K,'STORE FEED'!$B$26,'PsychoSocial DataDump'!$M:$M,'STORE FEED'!V$2) -> 0 | W29: =SUBTOTAL(9,T29:V29) -> 1 | X29: =COUNTIFS('PsychoSocial DataDump'!$K:$K,'STORE FEED'!$B$26,'PsychoSocial DataDump'!$M:$M,'STORE FEED'!X$2) -> 0 | Y29: =COUNTIFS('PsychoSocial DataDump'!$K:$K,'STORE FEED'!$B$26,'PsychoSocial DataDump'!$M:$M,'STORE FEED'!Y$2) -> 0 | Z29: =COUNTIFS('PsychoSocial DataDump'!$K:$K,'STORE FEED'!$B$26,'PsychoSocial DataDump'!$M:$M,'STORE FEED'!Z$2) -> 0 | AA29: =SUBTOTAL(9,X29:Z29) -> 0 | AB29: =COUNTIFS('PsychoSocial DataDump'!$K:$K,'STORE FEED'!$B$26,'PsychoSocial DataDump'!$M:$M,'STORE FEED'!AB$2) -> 0 | AC29: =COUNTIFS('PsychoSocial DataDump'!$K:$K,'STORE FEED'!$B$26,'PsychoSocial DataDump'!$M:$M,'STORE FEED'!AC$2) -> 0 | AD29: =COUNTIFS('PsychoSocial DataDump'!$K:$K,'STORE FEED'!$B$26,'PsychoSocial DataDump'!$M:$M,'STORE FEED'!AD$2) -> 1 | AE29: =SUBTOTAL(9,AB29:AD29) -> 1 | AF29: =COUNTIFS('PsychoSocial DataDump'!$K:$K,'STORE FEED'!$B$26,'PsychoSocial DataDump'!$M:$M,'STORE FEED'!AF$2) -> 2 | AG29: =COUNTIFS('PsychoSocial DataDump'!$K:$K,'STORE FEED'!$B$26,'PsychoSocial DataDump'!$M:$M,'STORE FEED'!AG$2) -> 0 | AH29: =COUNTIFS('PsychoSocial DataDump'!$K:$K,'STORE FEED'!$B$26,'PsychoSocial DataDump'!$M:$M,'STORE FEED'!AH$2) -> 0 | AI29: =SUBTOTAL(9,AF29:AH29) -> 2 | AJ29: =SUBTOTAL(9,T29:AI29) -> 4
B30: Grand Total | C30: =SUM(C27:C29) -> 5 | D30: =SUM(D27:D29) -> 0 | E30: =SUM(E27:E29) -> 2 | F30: =SUM(F27:F29) -> 7 | G30: =SUM(G27:G29) -> 1 | H30: =SUM(H27:H29) -> 4 | I30: =SUM(I27:I29) -> 4 | J30: =SUM(J27:J29) -> 9 | ... AJ30: =SUM(AJ27:AJ29) -> 54
B32: Harris Scarfe
A33: YTD Customer Aggression | B33: YTD Security Risk | C33: =SUBTOTAL(9,$C27:C27) -> 5 | D33: =SUBTOTAL(9,$C27:D27) -> 5 | E33: =SUBTOTAL(9,$C27:E27) -> 7 | F33: =SUBTOTAL(9,$C27:F27) -> 7 | G33: =SUBTOTAL(9,$C27:G27) -> 8 | H33: =SUBTOTAL(9,$C27:H27) -> 12 | I33: =SUBTOTAL(9,$C27:I27) -> 16 | J33: =SUBTOTAL(9,$C27:J27) -> 16 | ... S33: =SUBTOTAL(9,$C27:S27) -> 34 | T33: =SUBTOTAL(9,$T27:T27) -> 3 | U33: =SUBTOTAL(9,$T27:U27) -> 13 | V33: =SUBTOTAL(9,$T27:V27) -> 21 | W33: =SUBTOTAL(9,$T27:W27) -> 21 | X33: =SUBTOTAL(9,$T27:X27) -> 27 | Y33: =SUBTOTAL(9,$T27:Y27) -> 33 | Z33: =SUBTOTAL(9,$T27:Z27) -> 37 | AA33: =SUBTOTAL(9,$T27:AA27) -> 37 | ... AJ33: =SUBTOTAL(9,$T27:AJ27) -> 48
B34: YTD Team Member Injury | C34: =SUBTOTAL(9,$C28:C28) -> 0 | D34: =SUBTOTAL(9,$C28:D28) -> 0 | E34: =SUBTOTAL(9,$C28:E28) -> 0 | F34: =SUBTOTAL(9,$C28:F28) -> 0 | G34: =SUBTOTAL(9,$C28:G28) -> 0 | H34: =SUBTOTAL(9,$C28:H28) -> 0 | I34: =SUBTOTAL(9,$C28:I28) -> 0 | J34: =SUBTOTAL(9,$C28:J28) -> 0 | ... S34: =SUBTOTAL(9,$C28:S28) -> 0 | T34: =SUBTOTAL(9,$T28:T28) -> 0 | U34: =SUBTOTAL(9,$T28:U28) -> 0 | V34: =SUBTOTAL(9,$T28:V28) -> 0 | W34: =SUBTOTAL(9,$T28:W28) -> 0 | X34: =SUBTOTAL(9,$T28:X28) -> 0 | Y34: =SUBTOTAL(9,$T28:Y28) -> 0 | Z34: =SUBTOTAL(9,$T28:Z28) -> 0 | AA34: =SUBTOTAL(9,$T28:AA28) -> 0 | ... AJ34: =SUBTOTAL(9,$T28:AJ28) -> 2
B35: YTD PsychoSocial | C35: =SUBTOTAL(9,$C29:C29) -> 0 | D35: =SUBTOTAL(9,$C29:D29) -> 0 | E35: =SUBTOTAL(9,$C29:E29) -> 0 | F35: =SUBTOTAL(9,$C29:F29) -> 0 | G35: =SUBTOTAL(9,$C29:G29) -> 0 | H35: =SUBTOTAL(9,$C29:H29) -> 0 | I35: =SUBTOTAL(9,$C29:I29) -> 0 | J35: =SUBTOTAL(9,$C29:J29) -> 0 | ... S35: =SUBTOTAL(9,$C29:S29) -> 0 | T35: =SUBTOTAL(9,$T29:T29) -> 0 | U35: =SUBTOTAL(9,$T29:U29) -> 1 | V35: =SUBTOTAL(9,$T29:V29) -> 1 | W35: =SUBTOTAL(9,$T29:W29) -> 1 | X35: =SUBTOTAL(9,$T29:X29) -> 1 | Y35: =SUBTOTAL(9,$T29:Y29) -> 1 | Z35: =SUBTOTAL(9,$T29:Z29) -> 1 | AA35: =SUBTOTAL(9,$T29:AA29) -> 1 | ... AJ35: =SUBTOTAL(9,$T29:AJ29) -> 4

Sheet PsychoSocial DataDump
A1: Unique ID | B1: Created At | C1: Date and Time of the Incident: | D1: Created By | E1: Incident Type: | F1: Psychosocial Classification: | G1: Record Location | H1: Record Organization | I1: Cause of this complaint | J1: Region | K1: Company | L1: Class | M1: Fiscal Month | N1: Fiscal Quarter
A2: INC9237 | B2: 45535.542 | C2: 45535.512 | D2: VINCENT GERACE | E2: Psychosocial | F2: Customer Aggression | G2: HS2033 EASTLAND | H2: HARRIS SCARFE PTY LTD VICTORIA | I2: Other | J2: =VLOOKUP(G2,'STORE LOOKUP'!$C:$G,2,0) -> VIC | K2: =VLOOKUP(G2,'STORE LOOKUP'!$C:$G,4,0) -> Harris Scarfe | L2: =VLOOKUP(G2,'STORE LOOKUP'!$C:$G,5,0) -> Store | M2: =VLOOKUP(C2,'FIN CAL LOOKUP'!A:J,7,1) -> AUG, FY25 | N2: =VLOOKUP(C2,'FIN CAL LOOKUP'!A:J,10,1) -> Q1, FY25
A3: INC11465 | B3: 45694.563 | C3: 45694.546 | D3: CHRISTINE BARLOW | E3: Psychosocial | F3: Customer Aggression | G3: S113 SOUTH MORANG | H3: Spotlight VICTORIA | I3: Disability / impairment | J3: =VLOOKUP(G3,'STORE LOOKUP'!$C:$G,2,0) -> VIC West | K3: =VLOOKUP(G3,'STORE LOOKUP'!$C:$G,4,0) -> Spotlight AU | L3: =VLOOKUP(G3,'STORE LOOKUP'!$C:$G,5,0) -> Store | M3: =VLOOKUP(C3,'FIN CAL LOOKUP'!A:J,7,1) -> FEB, FY25 | N3: =VLOOKUP(C3,'FIN CAL LOOKUP'!A:J,10,1) -> Q3, FY25
A4: INC11871 | B4: 45722.617 | C4: 45716.614 | D4: SHERIEN CATTERALL | E4: Psychosocial | F4: Customer Aggression | G4: S011 LAUNCESTON | H4: Spotlight TASMANIA | I4: Customer Interaction | J4: =VLOOKUP(G4,'STORE LOOKUP'!$C:$G,2,0) -> QLD Central / TAS | K4: =VLOOKUP(G4,'STORE LOOKUP'!$C:$G,4,0) -> Spotlight AU | L4: =VLOOKUP(G4,'STORE LOOKUP'!$C:$G,5,0) -> Store | M4: =VLOOKUP(C4,'FIN CAL LOOKUP'!A:J,7,1) -> FEB, FY25 | N4: =VLOOKUP(C4,'FIN CAL LOOKUP'!A:J,10,1) -> Q3, FY25
A5: INC12002 | B5: 45733.543 | C5: 45732.528 | D5: KIMBERLY YOUNG | E5: Psychosocial | F5: Customer Aggression | G5: S014 BAYSWATER | H5: Spotlight VICTORIA | I5: Customer Interaction | J5: =VLOOKUP(G5,'STORE LOOKUP'!$C:$G,2,0) -> VIC East | K5: =VLOOKUP(G5,'STORE LOOKUP'!$C:$G,4,0) -> Spotlight AU | L5: =VLOOKUP(G5,'STORE LOOKUP'!$C:$G,5,0) -> Store | M5: =VLOOKUP(C5,'FIN CAL LOOKUP'!A:J,7,1) -> MAR, FY25 | N5: =VLOOKUP(C5,'FIN CAL LOOKUP'!A:J,10,1) -> Q3, FY25
A6: INC12005 | B6: 45733.606 | C6: 45733.542 | D6: LYNDA GOLDFINCH | E6: Psychosocial | F6: Customer Aggression | G6: HS4042 CAMBRIDGE | H6: HARRIS SCARFE PTY LTD TASMANIA | I6: Customer Interaction | J6: =VLOOKUP(G6,'STORE LOOKUP'!$C:$G,2,0) -> SA/TAS | K6: =VLOOKUP(G6,'STORE LOOKUP'!$C:$G,4,0) -> Harris Scarfe | L6: =VLOOKUP(G6,'STORE LOOKUP'!$C:$G,5,0) -> Store | M6: =VLOOKUP(C6,'FIN CAL LOOKUP'!A:J,7,1) -> MAR, FY25 | N6: =VLOOKUP(C6,'FIN CAL LOOKUP'!A:J,10,1) -> Q3, FY25
A7: INC12464 | B7: 45761.619 | C7: 45760.448 | D7: AMANDA STYLES | E7: Psychosocial | F7: Customer Aggression | G7: HS1011 MARION | H7: HARRIS SCARFE PTY LTD SOUTH AUSTRALIA | I7: Customer Interaction | J7: =VLOOKUP(G7,'STORE LOOKUP'!$C:$G,2,0) -> SA/TAS | K7: =VLOOKUP(G7,'STORE LOOKUP'!$C:$G,4,0) -> Harris Scarfe | L7: =VLOOKUP(G7,'STORE LOOKUP'!$C:$G,5,0) -> Store | M7: =VLOOKUP(C7,'FIN CAL LOOKUP'!A:J,7,1) -> APR, FY25 | N7: =VLOOKUP(C7,'FIN CAL LOOKUP'!A:J,10,1) -> Q4, FY25
A8: INC12492 | B8: 45763.436 | C8: 45763.385 | D8: AMANDA STYLES | E8: Psychosocial | F8: Customer Aggression | G8: HS1011 MARION | H8: HARRIS SCARFE PTY LTD SOUTH AUSTRALIA | I8: Customer Interaction | J8: =VLOOKUP(G8,'STORE LOOKUP'!$C:$G,2,0) -> SA/TAS | K8: =VLOOKUP(G8,'STORE LOOKUP'!$C:$G,4,0) -> Harris Scarfe | L8: =VLOOKUP(G8,'STORE LOOKUP'!$C:$G,5,0) -> Store | M8: =VLOOKUP(C8,'FIN CAL LOOKUP'!A:J,7,1) -> APR, FY25 | N8: =VLOOKUP(C8,'FIN CAL LOOKUP'!A:J,10,1) -> Q4, FY25
A9: INC12577 | B9: 45769.729 | C9: 45769.701 | D9: LUKE SOUTHWELL | E9: Psychosocial | F9: Customer Aggression | G9: A038 Toowoomba | H9: Anaconda QUEENSLAND | I9: Race / ethnicity | J9: =VLOOKUP(G9,'STORE LOOKUP'!$C:$G,2,0) -> QLD NW / NT | K9: =VLOOKUP(G9,'STORE LOOKUP'!$C:$G,4,0) -> Anaconda | L9: =VLOOKUP(G9,'STORE LOOKUP'!$C:$G,5,0) -> Store | M9: =VLOOKUP(C9,'FIN CAL LOOKUP'!A:J,7,1) -> APR, FY25 | N9: =VLOOKUP(C9,'FIN CAL LOOKUP'!A:J,10,1) -> Q4, FY25
A10: INC12659 | B10: 45776.428 | C10: 45773.542 | D10: KARIN CHURCH | E10: Psychosocial | F10: Customer Aggression | G10: S046 MACKAY | H10: Spotlight QUEENSLAND | I10: Customer Interaction | J10: =VLOOKUP(G10,'STORE LOOKUP'!$C:$G,2,0) -> QLD North | K10: =VLOOKUP(G10,'STORE LOOKUP'!$C:$G,4,0) -> Spotlight AU | L10: =VLOOKUP(G10,'STORE LOOKUP'!$C:$G,5,0) -> Store | M10: =VLOOKUP(C10,'FIN CAL LOOKUP'!A:J,7,1) -> APR, FY25 | N10: =VLOOKUP(C10,'FIN CAL LOOKUP'!A:J,10,1) -> Q4, FY25

Sheet Sec_Risk DataDump
A1: Unique ID | B1: Created At | C1: Date and Time of the Incident: | D1: Created By | E1: Incident Type: | F1: Security Category: | G1: Record Location | H1: Record Organization | I1: Region | J1: Company | K1: Class | L1: Fiscal Month | M1: Fiscal Quarter
A2: INC0780 | B2: 44962.428 | C2: 44961.701 | D2: NATALIE BRUHN | E2: Security / Risk | F2: Threatening / Unsocial / Aggressive Behaviour | G2: A047 North Lakes | H2: Anaconda QUEENSLAND | I2: =VLOOKUP(G2,'STORE LOOKUP'!$C:$G,2,0) -> QLD Central | J2: =VLOOKUP(G2,'STORE LOOKUP'!$C:$G,4,0) -> Anaconda | K2: =VLOOKUP(G2,'STORE LOOKUP'!$C:$G,5,0) -> Store | L2: =VLOOKUP(C2,'FIN CAL LOOKUP'!A:J,7,1) -> FEB, FY23 | M2: =VLOOKUP(C2,'FIN CAL LOOKUP'!A:J,10,1) -> Q3, FY23
A3: INC0998 | B3: 44989.503 | C3: 44988.66 | D3: COREY REICHSTEIN | E3: Security / Risk | F3: Threatening / Unsocial / Aggressive Behaviour | G3: A043 Darwin | H3: Anaconda NORTHERN TERRITORY | I3: =VLOOKUP(G3,'STORE LOOKUP'!$C:$G,2,0) -> QLD NW / NT | J3: =VLOOKUP(G3,'STORE LOOKUP'!$C:$G,4,0) -> Anaconda | K3: =VLOOKUP(G3,'STORE LOOKUP'!$C:$G,5,0) -> Store | L3: =VLOOKUP(C3,'FIN CAL LOOKUP'!A:J,7,1) -> MAR, FY23 | M3: =VLOOKUP(C3,'FIN CAL LOOKUP'!A:J,10,1) -> Q3, FY23
A4: INC1189 | B4: 45013.62 | C4: 45013.566 | D4: TANYA AL-CHAHER | E4: Security / Risk | F4: Threatening / Unsocial / Aggressive Behaviour | G4: S044 MUNNO PARA | H4: Spotlight SOUTH AUSTRALIA | I4: =VLOOKUP(G4,'STORE LOOKUP'!$C:$G,2,0) -> SA/NT | J4: =VLOOKUP(G4,'STORE LOOKUP'!$C:$G,4,0) -> Spotlight AU | K4: =VLOOKUP(G4,'STORE LOOKUP'!$C:$G,5,0) -> Store | L4: =VLOOKUP(C4,'FIN CAL LOOKUP'!A:J,7,1) -> APR, FY23 | M4: =VLOOKUP(C4,'FIN CAL LOOKUP'!A:J,10,1) -> Q4, FY23
A5: INC1203 | B5: 45014.569 | C5: 45013.542 | D5: COREY REICHSTEIN | E5: Security / Risk | F5: Threatening / Unsocial / Aggressive Behaviour | G5: A043 Darwin | H5: Anaconda NORTHERN TERRITORY | I5: =VLOOKUP(G5,'STORE LOOKUP'!$C:$G,2,0) -> QLD NW / NT | J5: =VLOOKUP(G5,'STORE LOOKUP'!$C:$G,4,0) -> Anaconda | K5: =VLOOKUP(G5,'STORE LOOKUP'!$C:$G,5,0) -> Store | L5: =VLOOKUP(C5,'FIN CAL LOOKUP'!A:J,7,1) -> APR, FY23 | M5: =VLOOKUP(C5,'FIN CAL LOOKUP'!A:J,10,1) -> Q4, FY23
A6: INC1281 | B6: 45021.459 | C6: 45018.675 | D6: MICHAEL MILLS | E6: Security / Risk | F6: Threatening / Unsocial / Aggressive Behaviour | G6: A016 Morayfield | H6: Anaconda QUEENSLAND | I6: =VLOOKUP(G6,'STORE LOOKUP'!$C:$G,2,0) -> QLD Central | J6: =VLOOKUP(G6,'STORE LOOKUP'!$C:$G,4,0) -> Anaconda | K6: =VLOOKUP(G6,'STORE LOOKUP'!$C:$G,5,0) -> Store | L6: =VLOOKUP(C6,'FIN CAL LOOKUP'!A:J,7,1) -> APR, FY23 | M6: =VLOOKUP(C6,'FIN CAL LOOKUP'!A:J,10,1) -> Q4, FY23
A7: INC1324 | B7: 45022.624 | C7: 45022.597 | D7: BRITTANY DAVIDSON | E7: Security / Risk | F7: Threatening / Unsocial / Aggressive Behaviour | G7: A035 Ballarat | H7: Anaconda VICTORIA | I7: =VLOOKUP(G7,'STORE LOOKUP'!$C:$G,2,0) -> VIC North / East | J7: =VLOOKUP(G7,'STORE LOOKUP'!$C:$G,4,0) -> Anaconda | K7: =VLOOKUP(G7,'STORE LOOKUP'!$C:$G,5,0) -> Store | L7: =VLOOKUP(C7,'FIN CAL LOOKUP'!A:J,7,1) -> APR, FY23 | M7: =VLOOKUP(C7,'FIN CAL LOOKUP'!A:J,10,1) -> Q4, FY23
A8: INC1381 | B8: 45029.545 | C8: 45026.688 | D8: CHELSEA HARDING | E8: Security / Risk | F8: Threatening / Unsocial / Aggressive Behaviour | G8: S057 DARWIN | H8: Spotlight NORTHERN TERRITORY | I8: =VLOOKUP(G8,'STORE LOOKUP'!$C:$G,2,0) -> SA/NT | J8: =VLOOKUP(G8,'STORE LOOKUP'!$C:$G,4,0) -> Spotlight AU | K8: =VLOOKUP(G8,'STORE LOOKUP'!$C:$G,5,0) -> Store | L8: =VLOOKUP(C8,'FIN CAL LOOKUP'!A:J,7,1) -> APR, FY23 | M8: =VLOOKUP(C8,'FIN CAL LOOKUP'!A:J,10,1) -> Q4, FY23
A9: INC1382 | B9: 45029.56 | C9: 45029.514 | D9: MATHEW ARMISTEAD | E9: Security / Risk | F9: Threatening / Unsocial / Aggressive Behaviour | G9: A013 Frankston | H9: Anaconda VICTORIA | I9: =VLOOKUP(G9,'STORE LOOKUP'!$C:$G,2,0) -> VIC North / East | J9: =VLOOKUP(G9,'STORE LOOKUP'!$C:$G,4,0) -> Anaconda | K9: =VLOOKUP(G9,'STORE LOOKUP'!$C:$G,5,0) -> Store | L9: =VLOOKUP(C9,'FIN CAL LOOKUP'!A:J,7,1) -> APR, FY23 | M9: =VLOOKUP(C9,'FIN CAL LOOKUP'!A:J,10,1) -> Q4, FY23
A10: INC1391 | B10: 45030.358 | C10: 45029.642 | D10: Jessica Blackhall | E10: Security / Risk | F10: Threatening / Unsocial / Aggressive Behaviour | G10: HS4041 MOONAH | H10: Shared Services VICTORIA | I10: =VLOOKUP(G10,'STORE LOOKUP'!$C:$G,2,0) -> SA/TAS | J10: =VLOOKUP(G10,'STORE LOOKUP'!$C:$G,4,0) -> Harris Scarfe | K10: =VLOOKUP(G10,'STORE LOOKUP'!$C:$G,5,0) -> Store | L10: =VLOOKUP(C10,'FIN CAL LOOKUP'!A:J,7,1) -> APR, FY23 | M10: =VLOOKUP(C10,'FIN CAL LOOKUP'!A:J,10,1) -> Q4, FY23
A11: INC1399 | B11: 45030.632 | C11: 45030.507 | D11: ANTONY FLETCHER | E11: Security / Risk | F11: Threatening / Unsocial / Aggressive Behaviour | G11: S063 CANNINGTON | H11: Spotlight WESTERN AUSTRALIA | I11: =VLOOKUP(G11,'STORE LOOKUP'!$C:$G,2,0) -> WA | J11: =VLOOKUP(G11,'STORE LOOKUP'!$C:$G,4,0) -> Spotlight AU | K11: =VLOOKUP(G11,'STORE LOOKUP'!$C:$G,5,0) -> Store | L11: =VLOOKUP(C11,'FIN CAL LOOKUP'!A:J,7,1) -> APR, FY23 | M11: =VLOOKUP(C11,'FIN CAL LOOKUP'!A:J,10,1) -> Q4, FY23
A12: INC1449 | B12: 45035.631 | C12: 45035.583 | D12: SCOTT BUTCHER | E12: Security / Risk | F12: Threatening / Unsocial / Aggressive Behaviour | G12: HS9095 CHERMSIDE | H12: HARRIS SCARFE PTY LTD QUEENSLAND | I12: =VLOOKUP(G12,'STORE LOOKUP'!$C:$G,2,0) -> QLD | J12: =VLOOKUP(G12,'STORE LOOKUP'!$C:$G,4,0) -> Harris Scarfe | K12: =VLOOKUP(G12,'STORE LOOKUP'!$C:$G,5,0) -> Store | L12: =VLOOKUP(C12,'FIN CAL LOOKUP'!A:J,7,1) -> APR, FY23 | M12: =VLOOKUP(C12,'FIN CAL LOOKUP'!A:J,10,1) -> Q4, FY23
A13: INC1469 | B13: 45037.574 | C13: 45037.385 | D13: LAURA FAZLDEEN | E13: Security / Risk | F13: Threatening / Unsocial / Aggressive Behaviour | G13: S094 CAIRNS | H13: Spotlight QUEENSLAND | I13: =VLOOKUP(G13,'STORE LOOKUP'!$C:$G,2,0) -> QLD North | J13: =VLOOKUP(G13,'STORE LOOKUP'!$C:$G,4,0) -> Spotlight AU | K13: =VLOOKUP(G13,'STORE LOOKUP'!$C:$G,5,0) -> Store | L13: =VLOOKUP(C13,'FIN CAL LOOKUP'!A:J,7,1) -> APR, FY23 | M13: =VLOOKUP(C13,'FIN CAL LOOKUP'!A:J,10,1) -> Q4, FY23
... A358: INC13146 | B358: 45809.69 | C358: 45809.665 | D358: MELISSA MOROZOV | E358: Security / Risk | F358: Threatening / Unsocial / Aggressive Behaviour | G358: A020 Preston | H358: Anaconda VICTORIA | I358: =VLOOKUP(G358,'STORE LOOKUP'!$C:$G,2,0) -> VIC West / TAS | J358: =VLOOKUP(G358,'STORE LOOKUP'!$C:$G,4,0) -> Anaconda | K358: =VLOOKUP(G358,'STORE LOOKUP'!$C:$G,5,0) -> Store | L358: =VLOOKUP(C358,'FIN CAL LOOKUP'!A:J,7,1) -> MAY, FY25 | M358: =VLOOKUP(C358,'FIN CAL LOOKUP'!A:J,10,1) -> Q4, FY25

Sheet TMJ DataDump
A1: Parent Record: Uniq ID | B1: Created At | C1: Date and Time of the Incident | D1: Created By | E1: Injury Type | F1: Injury Nature | G1: Parent Record: Record Location | H1: Parent Record: Record Organization | I1: Region | J1: Company | K1: Class | L1: Fiscal Month | M1: Fiscal Quarter
A2: INC10009 | B2: 45589.824 | C2: 45589.691 | D2: SAMARA SOLLY | E2: Customer Aggression | F2: Other | G2: S044 MUNNO PARA | H2: Spotlight SOUTH AUSTRALIA | I2: =VLOOKUP(G2,'STORE LOOKUP'!$C:$G,2,0) -> SA/NT | J2: =VLOOKUP(G2,'STORE LOOKUP'!$C:$G,4,0) -> Spotlight AU | K2: =VLOOKUP(G2,'STORE LOOKUP'!$C:$G,5,0) -> Store | L2: =VLOOKUP(C2,'FIN CAL LOOKUP'!A:J,7,1) -> OCT, FY25 | M2: =VLOOKUP(C2,'FIN CAL LOOKUP'!A:J,10,1) -> Q2, FY25
A3: INC10010 | B3: 45589.836 | C3: 45589.691 | D3: SAMARA SOLLY | E3: Customer Aggression | F3: Other | G3: S044 MUNNO PARA | H3: Spotlight SOUTH AUSTRALIA | I3: =VLOOKUP(G3,'STORE LOOKUP'!$C:$G,2,0) -> SA/NT | J3: =VLOOKUP(G3,'STORE LOOKUP'!$C:$G,4,0) -> Spotlight AU | K3: =VLOOKUP(G3,'STORE LOOKUP'!$C:$G,5,0) -> Store | L3: =VLOOKUP(C3,'FIN CAL LOOKUP'!A:J,7,1) -> OCT, FY25 | M3: =VLOOKUP(C3,'FIN CAL LOOKUP'!A:J,10,1) -> Q2, FY25
A4: INC10019 | B4: 45591.512 | C4: 45589.667 | D4: RAZIA ALI | E4: Customer Aggression | F4: Psychological Factors | G4: S125 WETHERILL PARK | H4: Spotlight NEW SOUTH WALES | I4: =VLOOKUP(G4,'STORE LOOKUP'!$C:$G,2,0) -> NSW South / ACT | J4: =VLOOKUP(G4,'STORE LOOKUP'!$C:$G,4,0) -> Spotlight AU | K4: =VLOOKUP(G4,'STORE LOOKUP'!$C:$G,5,0) -> Store | L4: =VLOOKUP(C4,'FIN CAL LOOKUP'!A:J,7,1) -> OCT, FY25 | M4: =VLOOKUP(C4,'FIN CAL LOOKUP'!A:J,10,1) -> Q2, FY25
A5: INC10072 | B5: 45593.557 | C5: 45592.708 | D5: DEBRA CHESTERFIELD | E5: Customer Aggression | F5: Bruise/Pain/Soreness | G5: S071 CHRISTCHURCH | H5: Spotlight NZ NEW ZEALAND | I5: =VLOOKUP(G5,'STORE LOOKUP'!$C:$G,2,0) -> New Zealand South | J5: =VLOOKUP(G5,'STORE LOOKUP'!$C:$G,4,0) -> Spotlight NZ | K5: =VLOOKUP(G5,'STORE LOOKUP'!$C:$G,5,0) -> Store | L5: =VLOOKUP(C5,'FIN CAL LOOKUP'!A:J,7,1) -> OCT, FY25 | M5: =VLOOKUP(C5,'FIN CAL LOOKUP'!A:J,10,1) -> Q2, FY25
A6: INC10043 | B6: 45593.56 | C6: 45589.688 | D6: ANGELA GEORGIESKA | E6: Customer Aggression | F6: Psychological Factors | G6: S044 MUNNO PARA | H6: Spotlight SOUTH AUSTRALIA | I6: =VLOOKUP(G6,'STORE LOOKUP'!$C:$G,2,0) -> SA/NT | J6: =VLOOKUP(G6,'STORE LOOKUP'!$C:$G,4,0) -> Spotlight AU | K6: =VLOOKUP(G6,'STORE LOOKUP'!$C:$G,5,0) -> Store | L6: =VLOOKUP(C6,'FIN CAL LOOKUP'!A:J,7,1) -> OCT, FY25 | M6: =VLOOKUP(C6,'FIN CAL LOOKUP'!A:J,10,1) -> Q2, FY25
A7: INC10114 | B7: 45596.47 | C7: 45596.451 | D7: SUSAN O'CONNELL | E7: Customer Aggression | F7: Psychological Factors | G7: S098 BURNSIDE | H7: Spotlight VICTORIA | I7: =VLOOKUP(G7,'STORE LOOKUP'!$C:$G,2,0) -> VIC West | J7: =VLOOKUP(G7,'STORE LOOKUP'!$C:$G,4,0) -> Spotlight AU | K7: =VLOOKUP(G7,'STORE LOOKUP'!$C:$G,5,0) -> Store | L7: =VLOOKUP(C7,'FIN CAL LOOKUP'!A:J,7,1) -> NOV, FY25 | M7: =VLOOKUP(C7,'FIN CAL LOOKUP'!A:J,10,1) -> Q2, FY25
A8: INC10916 | B8: 45654.652 | C8: 45654.572 | D8: THOMAS NADER | E8: Customer Aggression | F8: Cut/Abrasion, Other | G8: A023 West Gosford | H8: Anaconda NEW SOUTH WALES | I8: =VLOOKUP(G8,'STORE LOOKUP'!$C:$G,2,0) -> NSW North | J8: =VLOOKUP(G8,'STORE LOOKUP'!$C:$G,4,0) -> Anaconda | K8: =VLOOKUP(G8,'STORE LOOKUP'!$C:$G,5,0) -> Store | L8: =VLOOKUP(C8,'FIN CAL LOOKUP'!A:J,7,1) -> DEC, FY25 | M8: =VLOOKUP(C8,'FIN CAL LOOKUP'!A:J,10,1) -> Q2, FY25
A9: INC10919 | B9: 45654.69 | C9: 45654.572 | D9: THOMAS NADER | E9: Customer Aggression | F9: Bruise/Pain/Soreness, Cut/Abrasion, Sprain/Strain | G9: A023 West Gosford | H9: Anaconda NEW SOUTH WALES | I9: =VLOOKUP(G9,'STORE LOOKUP'!$C:$G,2,0) -> NSW North | J9: =VLOOKUP(G9,'STORE LOOKUP'!$C:$G,4,0) -> Anaconda | K9: =VLOOKUP(G9,'STORE LOOKUP'!$C:$G,5,0) -> Store | L9: =VLOOKUP(C9,'FIN CAL LOOKUP'!A:J,7,1) -> DEC, FY25 | M9: =VLOOKUP(C9,'FIN CAL LOOKUP'!A:J,10,1) -> Q2, FY25
A10: INC12252 | B10: 45748.457 | C10: 45745.429 | D10: ARGO D'ALOIA | E10: Customer Aggression | F10: Psychological Factors | G10: HS1005 ELIZABETH | H10: HARRIS SCARFE PTY LTD SOUTH AUSTRALIA | I10: =VLOOKUP(G10,'STORE LOOKUP'!$C:$G,2,0) -> SA/TAS | J10: =VLOOKUP(G10,'STORE LOOKUP'!$C:$G,4,0) -> Harris Scarfe | K10: =VLOOKUP(G10,'STORE LOOKUP'!$C:$G,5,0) -> Store | L10: =VLOOKUP(C10,'FIN CAL LOOKUP'!A:J,7,1) -> MAR, FY25 | M10: =VLOOKUP(C10,'FIN CAL LOOKUP'!A:J,10,1) -> Q3, FY25
A11: INC12345 | B11: 45754.651 | C11: 45753.625 | D11: LYNDAL PHILLIPS | E11: Customer Aggression | F11: Other | G11: S110 FRANKSTON | H11: Spotlight VICTORIA | I11: =VLOOKUP(G11,'STORE LOOKUP'!$C:$G,2,0) -> VIC East | J11: =VLOOKUP(G11,'STORE LOOKUP'!$C:$G,4,0) -> Spotlight AU | K11: =VLOOKUP(G11,'STORE LOOKUP'!$C:$G,5,0) -> Store | L11: =VLOOKUP(C11,'FIN CAL LOOKUP'!A:J,7,1) -> APR, FY25 | M11: =VLOOKUP(C11,'FIN CAL LOOKUP'!A:J,10,1) -> Q4, FY25
A12: INC12608 | B12: 45771.611 | C12: 45771.566 | D12: PETER RIGGS | E12: Customer Aggression | F12: Bruise/Pain/Soreness | G12: HS2020 FOREST HILL | H12: HARRIS SCARFE PTY LTD VICTORIA | I12: =VLOOKUP(G12,'STORE LOOKUP'!$C:$G,2,0) -> VIC | J12: =VLOOKUP(G12,'STORE LOOKUP'!$C:$G,4,0) -> Harris Scarfe | K12: =VLOOKUP(G12,'STORE LOOKUP'!$C:$G,5,0) -> Store | L12: =VLOOKUP(C12,'FIN CAL LOOKUP'!A:J,7,1) -> APR, FY25 | M12: =VLOOKUP(C12,'FIN CAL LOOKUP'!A:J,10,1) -> Q4, FY25
A13: INC12963 | B13: 45796.581 | C13: 45795.66 | D13: JENNIFER GRAY | E13: Contact, Customer Aggression | F13: Bruise/Pain/Soreness | G13: S047 NTH ROCKHAMPTON | H13: Spotlight QUEENSLAND | I13: =VLOOKUP(G13,'STORE LOOKUP'!$C:$G,2,0) -> QLD North | J13: =VLOOKUP(G13,'STORE LOOKUP'!$C:$G,4,0) -> Spotlight AU | K13: =VLOOKUP(G13,'STORE LOOKUP'!$C:$G,5,0) -> Store | L13: =VLOOKUP(C13,'FIN CAL LOOKUP'!A:J,7,1) -> MAY, FY25 | M13: =VLOOKUP(C13,'FIN CAL LOOKUP'!A:J,10,1) -> Q4, FY25
A14: INC13123 | B14: 45807.635 | C14: 45807.562 | D14: ROCKSEANE BARGEWELL | E14: Customer Aggression, Slip/Trip/Fall | F14: Sprain/Strain | G14: S079 WEST BURLEIGH | H14: Spotlight QUEENSLAND | I14: =VLOOKUP(G14,'STORE LOOKUP'!$C:$G,2,0) -> NSW North / QLD South | J14: =VLOOKUP(G14,'STORE LOOKUP'!$C:$G,4,0) -> Spotlight AU | K14: =VLOOKUP(G14,'STORE LOOKUP'!$C:$G,5,0) -> Store | L14: =VLOOKUP(C14,'FIN CAL LOOKUP'!A:J,7,1) -> MAY, FY25 | M14: =VLOOKUP(C14,'FIN CAL LOOKUP'!A:J,10,1) -> Q4, FY25

Sheet STORE LOOKUP
A1: Store No. | B1: Store Name | C1: Store Name Combination | D1: Region | E1: Country | F1: Company | G1: Store/ SG
A2: A004 | B2: Everton Park | C2: =A2&" "&B2 -> A004 Everton Park | D2: BRISBANE / FNQ Cluster | E2: Australia | F2: Anaconda | G2: Store
A3: A005 | B3: Townsville | C3: =A3&" "&B3 -> A005 Townsville | D3: BRISBANE / FNQ Cluster | E3: Australia | F3: Anaconda | G3: Store
A4: A037 | B4: Cairns | C4: =A4&" "&B4 -> A037 Cairns | D4: BRISBANE / FNQ Cluster | E4: Australia | F4: Anaconda | G4: Store
A5: A048 | B5: Chermside | C5: =A5&" "&B5 -> A048 Chermside | D5: BRISBANE / FNQ Cluster | E5: Australia | F5: Anaconda | G5: Store
A6: A076 | B6: Smithfield | C6: =A6&" "&B6 -> A076 Smithfield | D6: BRISBANE / FNQ Cluster | E6: Australia | F6: Anaconda | G6: Store
A7: A018 | B7: Kawana | C7: =A7&" "&B7 -> A018 Kawana | D7: BRISBANE / FNQ Cluster | E7: Australia | F7: Anaconda | G7: Store
A8: A063 | B8: Maroochydore | C8: =A8&" "&B8 -> A063 Maroochydore | D8: BRISBANE / FNQ Cluster | E8: Australia | F8: Anaconda | G8: Store
A9: A031 | B9: Port Macquarie | C9: =A9&" "&B9 -> A031 Port Macquarie | D9: BRISBANE / FNQ Cluster | E9: Australia | F9: Anaconda | G9: Store
A10: A068 | B10: Coffs Harbour | C10: =A10&" "&B10 -> A068 Coffs Harbour | D10: BRISBANE / FNQ Cluster | E10: Australia | F10: Anaconda | G10: Store
A11: A023 | B11: West Gosford | C11: =A11&" "&B11 -> A023 West Gosford | D11: NSW North | E11: Australia | F11: Anaconda | G11: Store
A12: A025 | B12: Belrose | C12: =A12&" "&B12 -> A025 Belrose | D12: NSW North | E12: Australia | F12: Anaconda | G12: Store
A13: A029 | B13: Bennetts Green | C13: =A13&" "&B13 -> A029 Bennetts Green | D13: NSW North | E13: Australia | F13: Anaconda | G13: Store
... A222: S991 | B222: E Commerce | C222: =A222&" "&B222 -> S991 E Commerce | D222: eCommerce & Omni Channel | E222: Australia | F222: Shared Serv. | G222: SG
A223: 9557 | B223: Credit Card | C223: =A223&" "&B223 -> 9557 Credit Card | D223: Finance | E223: Australia | F223: Shared Serv. | G223: SG
A224: S909 | B224: Risk Management | C224: =A224&" "&B224 -> S909 Risk Management | D224: Finance | E224: Australia | F224: Shared Serv. | G224: SG
A225: S996 | B225: SRG Finance | C225: =A225&" "&B225 -> S996 SRG Finance | D225: Finance | E225: Australia | F225: Shared Serv. | G225: SG
A226: S904 | B226: Human Resources | C226: =A226&" "&B226 -> S904 Human Resources | D226: Human Resources | E226: Australia | F226: Shared Serv. | G226: SG
A227: S966 | B227: Insights & Analytics | C227: =A227&" "&B227 -> S966 Insights & Analytics | D227: Insights & Analytics | E227: Australia | F227: Shared Serv. | G227: SG
A228: S905 | B228: IT | C228: =A228&" "&B228 -> S905 IT | D228: IT | E228: Australia | F228: Shared Serv. | G228: SG
A229: S902 | B229: Customer Services | C229: =A229&" "&B229 -> S902 Customer Services | D229: Marketing | E229: Australia | F229: Shared Serv. | G229: SG
A230: S907 | B230: Marketing | C230: =A230&" "&B230 -> S907 Marketing | D230: Marketing | E230: Australia | F230: Shared Serv. | G230: SG
A231: S994 | B231: Digital Performance & CRM | C231: =A231&" "&B231 -> S994 Digital Performance & CRM | D231: Marketing | E231: Australia | F231: Shared Serv. | G231: SG
A232: S997 | B232: Corporate Social Responsibility | C232: =A232&" "&B232 -> S997 Corporate Social Responsibility | D232: Marketing | E232: Australia | F232: Shared Serv. | G232: SG
A233: S920 | B233: Property and Store Development | C233: =A233&" "&B233 -> S920 Property and Store Development | D233: Property and Store Development | E233: Australia | F233: Shared Serv. | G233: SG
A234: S995 | B234: Planning & Development | C234: =A234&" "&B234 -> S995 Planning & Development | D234: Property and Store Development | E234: Australia | F234: Shared Serv. | G234: SG
A235: S903 | B235: Directors | C235: =A235&" "&B235 -> S903 Directors | D235: Shared Serv. | E235: Australia | F235: Shared Serv. | G235: SG
... A420: S156 | B420: Westgate Singapore | C420: =A420&" "&B420 -> S156 Westgate Singapore | D420: Asia | E420: Singapore | F420: Spotlight Singapore | G420: Store
A421: 2050 | B421: Laverton Dark Site | C421: =A421&" "&B421 -> 2050 Laverton Dark Site | D421: Supply Chain | E421: Australia | F421: Supply Chain | G421: DC
A422: 2057 | B422: Supply Chain | C422: =A422&" "&B422 -> 2057 Supply Chain | D422: Supply Chain | E422: Australia | F422: Supply Chain | G422: DC
A423: 9548 | B423: SUPPLY CHAIN | C423: =A423&" "&B423 -> 9548 SUPPLY CHAIN | D423: Supply Chain | E423: Australia | F423: Supply Chain | G423: DC
A424: S810 | B424: Anaconda DC | C424: =A424&" "&B424 -> S810 Anaconda DC | D424: Supply Chain | E424: Australia | F424: Supply Chain | G424: DC
A425: S811 | B425: Spotlight DC | C425: =A425&" "&B425 -> S811 Spotlight DC | D425: Supply Chain | E425: Australia | F425: Supply Chain | G425: DC
A426: S812 | B426: Harris Scarfe DC | C426: =A426&" "&B426 -> S812 Harris Scarfe DC | D426: Supply Chain | E426: Australia | F426: Supply Chain | G426: DC
A427: S813 | B427: Koo Dark Store | C427: =A427&" "&B427 -> S813 Koo Dark Store | D427: Supply Chain | E427: Australia | F427: Supply Chain | G427: DC
A428: S814 | B428: Harris Scarfe Dark Store | C428: =A428&" "&B428 -> S814 Harris Scarfe Dark Store | D428: Supply Chain | E428: Australia | F428: Supply Chain | G428: DC
A429: S910 | B429: Supply Chain | C429: =A429&" "&B429 -> S910 Supply Chain | D429: Supply Chain | E429: Australia | F429: Supply Chain | G429: DC
C430: P3001 SOUTH MELBOURNE CENTRAL | D430: SPG Development | E430: Australia | F430: Spotlight Group Holdings | G430: SG
C431: P3002 FRANKSTON POWER CENTRE | D431: SPG Development | E431: Australia | F431: Spotlight Group Holdings | G431: SG
C432: SGH Property | D432: SPG Development | E432: Australia | F432: Spotlight Group Holdings | G432: SG
C433: P4017 HERVEY BAY | D433: SPG Development | E433: Australia | F433: Spotlight Group Holdings | G433: SG

Sheet FIN CAL LOOKUP
A1: Start | B1: End | C1: Week | D1: Month | E1: QTR | F1: FY | G1: Month Year Comb | H1: Week Month Year Comb | I1: Month Year Comb2 | J1: Qtr Year Comb22
A2: 43276 | B2: =A2+6 -> 43282 | C2: Week 1 | D2: JUL | E2: 1 | F2: FY19 | G2: =Table13[[#This Row],[Month]]&", "&Table13[[#This Row],[FY]] -> JUL, FY19 | H2: =Table13[[#This Row],[Week]]&", "&Table13[[#This Row],[Month]]&" "&Table13[[#This Row],[FY]] -> Week 1, JUL FY19 | I2: =Table13[[#This Row],[Month]]&", "&Table13[[#This Row],[FY]] -> JUL, FY19 | J2: ="Q"&Table13[[#This Row],[QTR]]&", "&Table13[[#This Row],[FY]] -> Q1, FY19
A3: =A2+7 -> 43283 | B3: =B2+7 -> 43289 | C3: Week 2 | D3: JUL | E3: 1 | F3: FY19 | G3: =Table13[[#This Row],[Month]]&", "&Table13[[#This Row],[FY]] -> JUL, FY19 | H3: =Table13[[#This Row],[Week]]&", "&Table13[[#This Row],[Month]]&" "&Table13[[#This Row],[FY]] -> Week 2, JUL FY19 | I3: =Table13[[#This Row],[Month]]&", "&Table13[[#This Row],[FY]] -> JUL, FY19 | J3: ="Q"&Table13[[#This Row],[QTR]]&", "&Table13[[#This Row],[FY]] -> Q1, FY19
A4: =A3+7 -> 43290 | B4: =B3+7 -> 43296 | C4: Week 3 | D4: JUL | E4: 1 | F4: FY19 | G4: =Table13[[#This Row],[Month]]&", "&Table13[[#This Row],[FY]] -> JUL, FY19 | H4: =Table13[[#This Row],[Week]]&", "&Table13[[#This Row],[Month]]&" "&Table13[[#This Row],[FY]] -> Week 3, JUL FY19 | I4: =Table13[[#This Row],[Month]]&", "&Table13[[#This Row],[FY]] -> JUL, FY19 | J4: ="Q"&Table13[[#This Row],[QTR]]&", "&Table13[[#This Row],[FY]] -> Q1, FY19
A5: =A4+7 -> 43297 | B5: =B4+7 -> 43303 | C5: Week 4 | D5: JUL | E5: 1 | F5: FY19 | G5: =Table13[[#This Row],[Month]]&", "&Table13[[#This Row],[FY]] -> JUL, FY19 | H5: =Table13[[#This Row],[Week]]&", "&Table13[[#This Row],[Month]]&" "&Table13[[#This Row],[FY]] -> Week 4, JUL FY19 | I5: =Table13[[#This Row],[Month]]&", "&Table13[[#This Row],[FY]] -> JUL, FY19 | J5: ="Q"&Table13[[#This Row],[QTR]]&", "&Table13[[#This Row],[FY]] -> Q1, FY19
A6: =A5+7 -> 43304 | B6: =B5+7 -> 43310 | C6: Week 5 | D6: AUG | E6: 1 | F6: FY19 | G6: =Table13[[#This Row],[Month]]&", "&Table13[[#This Row],[FY]] -> AUG, FY19 | H6: =Table13[[#This Row],[Week]]&", "&Table13[[#This Row],[Month]]&" "&Table13[[#This Row],[FY]] -> Week 5, AUG FY19 | I6: =Table13[[#This Row],[Month]]&", "&Table13[[#This Row],[FY]] -> AUG, FY19 | J6: ="Q"&Table13[[#This Row],[QTR]]&", "&Table13[[#This Row],[FY]] -> Q1, FY19
A7: =A6+7 -> 43311 | B7: =B6+7 -> 43317 | C7: Week 6 | D7: AUG | E7: 1 | F7: FY19 | G7: =Table13[[#This Row],[Month]]&", "&Table13[[#This Row],[FY]] -> AUG, FY19 | H7: =Table13[[#This Row],[Week]]&", "&Table13[[#This Row],[Month]]&" "&Table13[[#This Row],[FY]] -> Week 6, AUG FY19 | I7: =Table13[[#This Row],[Month]]&", "&Table13[[#This Row],[FY]] -> AUG, FY19 | J7: ="Q"&Table13[[#This Row],[QTR]]&", "&Table13[[#This Row],[FY]] -> Q1, FY19
A8: =A7+7 -> 43318 | B8: =B7+7 -> 43324 | C8: Week 7 | D8: AUG | E8: 1 | F8: FY19 | G8: =Table13[[#This Row],[Month]]&", "&Table13[[#This Row],[FY]] -> AUG, FY19 | H8: =Table13[[#This Row],[Week]]&", "&Table13[[#This Row],[Month]]&" "&Table13[[#This Row],[FY]] -> Week 7, AUG FY19 | I8: =Table13[[#This Row],[Month]]&", "&Table13[[#This Row],[FY]] -> AUG, FY19 | J8: ="Q"&Table13[[#This Row],[QTR]]&", "&Table13[[#This Row],[FY]] -> Q1, FY19
A9: =A8+7 -> 43325 | B9: =B8+7 -> 43331 | C9: Week 8 | D9: AUG | E9: 1 | F9: FY19 | G9: =Table13[[#This Row],[Month]]&", "&Table13[[#This Row],[FY]] -> AUG, FY19 | H9: =Table13[[#This Row],[Week]]&", "&Table13[[#This Row],[Month]]&" "&Table13[[#This Row],[FY]] -> Week 8, AUG FY19 | I9: =Table13[[#This Row],[Month]]&", "&Table13[[#This Row],[FY]] -> AUG, FY19 | J9: ="Q"&Table13[[#This Row],[QTR]]&", "&Table13[[#This Row],[FY]] -> Q1, FY19
A10: =A9+7 -> 43332 | B10: =B9+7 -> 43338 | C10: Week 9 | D10: AUG | E10: 1 | F10: FY19 | G10: =Table13[[#This Row],[Month]]&", "&Table13[[#This Row],[FY]] -> AUG, FY19 | H10: =Table13[[#This Row],[Week]]&", "&Table13[[#This Row],[Month]]&" "&Table13[[#This Row],[FY]] -> Week 9, AUG FY19 | I10: =Table13[[#This Row],[Month]]&", "&Table13[[#This Row],[FY]] -> AUG, FY19 | J10: ="Q"&Table13[[#This Row],[QTR]]&", "&Table13[[#This Row],[FY]] -> Q1, FY19
A11: =A10+7 -> 43339 | B11: =B10+7 -> 43345 | C11: Week 10 | D11: SEP | E11: 1 | F11: FY19 | G11: =Table13[[#This Row],[Month]]&", "&Table13[[#This Row],[FY]] -> SEP, FY19 | H11: =Table13[[#This Row],[Week]]&", "&Table13[[#This Row],[Month]]&" "&Table13[[#This Row],[FY]] -> Week 10, SEP FY19 | I11: =Table13[[#This Row],[Month]]&", "&Table13[[#This Row],[FY]] -> SEP, FY19 | J11: ="Q"&Table13[[#This Row],[QTR]]&", "&Table13[[#This Row],[FY]] -> Q1, FY19
A12: =A11+7 -> 43346 | B12: =B11+7 -> 43352 | C12: Week 11 | D12: SEP | E12: 1 | F12: FY19 | G12: =Table13[[#This Row],[Month]]&", "&Table13[[#This Row],[FY]] -> SEP, FY19 | H12: =Table13[[#This Row],[Week]]&", "&Table13[[#This Row],[Month]]&" "&Table13[[#This Row],[FY]] -> Week 11, SEP FY19 | I12: =Table13[[#This Row],[Month]]&", "&Table13[[#This Row],[FY]] -> SEP, FY19 | J12: ="Q"&Table13[[#This Row],[QTR]]&", "&Table13[[#This Row],[FY]] -> Q1, FY19
A13: =A12+7 -> 43353 | B13: =B12+7 -> 43359 | C13: Week 12 | D13: SEP | E13: 1 | F13: FY19 | G13: =Table13[[#This Row],[Month]]&", "&Table13[[#This Row],[FY]] -> SEP, FY19 | H13: =Table13[[#This Row],[Week]]&", "&Table13[[#This Row],[Month]]&" "&Table13[[#This Row],[FY]] -> Week 12, SEP FY19 | I13: =Table13[[#This Row],[Month]]&", "&Table13[[#This Row],[FY]] -> SEP, FY19 | J13: ="Q"&Table13[[#This Row],[QTR]]&", "&Table13[[#This Row],[FY]] -> Q1, FY19
A14: =A13+7 -> 43360 | B14: =B13+7 -> 43366 | C14: Week 13 | D14: SEP | E14: 1 | F14: FY19 | G14: =Table13[[#This Row],[Month]]&", "&Table13[[#This Row],[FY]] -> SEP, FY19 | H14: =Table13[[#This Row],[Week]]&", "&Table13[[#This Row],[Month]]&" "&Table13[[#This Row],[FY]] -> Week 13, SEP FY19 | I14: =Table13[[#This Row],[Month]]&", "&Table13[[#This Row],[FY]] -> SEP, FY19 | J14: ="Q"&Table13[[#This Row],[QTR]]&", "&Table13[[#This Row],[FY]] -> Q1, FY19
A15: =A14+7 -> 43367 | B15: =B14+7 -> 43373 | C15: Week 14 | D15: OCT | E15: =E2+1 -> 2 | F15: FY19 | G15: =Table13[[#This Row],[Month]]&", "&Table13[[#This Row],[FY]] -> OCT, FY19 | H15: =Table13[[#This Row],[Week]]&", "&Table13[[#This Row],[Month]]&" "&Table13[[#This Row],[FY]] -> Week 14, OCT FY19 | I15: =Table13[[#This Row],[Month]]&", "&Table13[[#This Row],[FY]] -> OCT, FY19 | J15: ="Q"&Table13[[#This Row],[QTR]]&", "&Table13[[#This Row],[FY]] -> Q2, FY19
A16: =A15+7 -> 43374 | B16: =B15+7 -> 43380 | C16: Week 15 | D16: OCT | E16: =E3+1 -> 2 | F16: FY19 | G16: =Table13[[#This Row],[Month]]&", "&Table13[[#This Row],[FY]] -> OCT, FY19 | H16: =Table13[[#This Row],[Week]]&", "&Table13[[#This Row],[Month]]&" "&Table13[[#This Row],[FY]] -> Week 15, OCT FY19 | I16: =Table13[[#This Row],[Month]]&", "&Table13[[#This Row],[FY]] -> OCT, FY19 | J16: ="Q"&Table13[[#This Row],[QTR]]&", "&Table13[[#This Row],[FY]] -> Q2, FY19
A17: =A16+7 -> 43381 | B17: =B16+7 -> 43387 | C17: Week 16 | D17: OCT | E17: =E4+1 -> 2 | F17: FY19 | G17: =Table13[[#This Row],[Month]]&", "&Table13[[#This Row],[FY]] -> OCT, FY19 | H17: =Table13[[#This Row],[Week]]&", "&Table13[[#This Row],[Month]]&" "&Table13[[#This Row],[FY]] -> Week 16, OCT FY19 | I17: =Table13[[#This Row],[Month]]&", "&Table13[[#This Row],[FY]] -> OCT, FY19 | J17: ="Q"&Table13[[#This Row],[QTR]]&", "&Table13[[#This Row],[FY]] -> Q2, FY19
A18: =A17+7 -> 43388 | B18: =B17+7 -> 43394 | C18: Week 17 | D18: OCT | E18: =E5+1 -> 2 | F18: FY19 | G18: =Table13[[#This Row],[Month]]&", "&Table13[[#This Row],[FY]] -> OCT, FY19 | H18: =Table13[[#This Row],[Week]]&", "&Table13[[#This Row],[Month]]&" "&Table13[[#This Row],[FY]] -> Week 17, OCT FY19 | I18: =Table13[[#This Row],[Month]]&", "&Table13[[#This Row],[FY]] -> OCT, FY19 | J18: ="Q"&Table13[[#This Row],[QTR]]&", "&Table13[[#This Row],[FY]] -> Q2, FY19
A19: =A18+7 -> 43395 | B19: =B18+7 -> 43401 | C19: Week 18 | D19: NOV | E19: =E6+1 -> 2 | F19: FY19 | G19: =Table13[[#This Row],[Month]]&", "&Table13[[#This Row],[FY]] -> NOV, FY19 | H19: =Table13[[#This Row],[Week]]&", "&Table13[[#This Row],[Month]]&" "&Table13[[#This Row],[FY]] -> Week 18, NOV FY19 | I19: =Table13[[#This Row],[Month]]&", "&Table13[[#This Row],[FY]] -> NOV, FY19 | J19: ="Q"&Table13[[#This Row],[QTR]]&", "&Table13[[#This Row],[FY]] -> Q2, FY19
A20: =A19+7 -> 43402 | B20: =B19+7 -> 43408 | C20: Week 19 | D20: NOV | E20: =E7+1 -> 2 | F20: FY19 | G20: =Table13[[#This Row],[Month]]&", "&Table13[[#This Row],[FY]] -> NOV, FY19 | H20: =Table13[[#This Row],[Week]]&", "&Table13[[#This Row],[Month]]&" "&Table13[[#This Row],[FY]] -> Week 19, NOV FY19 | I20: =Table13[[#This Row],[Month]]&", "&Table13[[#This Row],[FY]] -> NOV, FY19 | J20: ="Q"&Table13[[#This Row],[QTR]]&", "&Table13[[#This Row],[FY]] -> Q2, FY19
A21: =A20+7 -> 43409 | B21: =B20+7 -> 43415 | C21: Week 20 | D21: NOV | E21: =E8+1 -> 2 | F21: FY19 | G21: =Table13[[#This Row],[Month]]&", "&Table13[[#This Row],[FY]] -> NOV, FY19 | H21: =Table13[[#This Row],[Week]]&", "&Table13[[#This Row],[Month]]&" "&Table13[[#This Row],[FY]] -> Week 20, NOV FY19 | I21: =Table13[[#This Row],[Month]]&", "&Table13[[#This Row],[FY]] -> NOV, FY19 | J21: ="Q"&Table13[[#This Row],[QTR]]&", "&Table13[[#This Row],[FY]] -> Q2, FY19
A22: =A21+7 -> 43416 | B22: =B21+7 -> 43422 | C22: Week 21 | D22: NOV | E22: =E9+1 -> 2 | F22: FY19 | G22: =Table13[[#This Row],[Month]]&", "&Table13[[#This Row],[FY]] -> NOV, FY19 | H22: =Table13[[#This Row],[Week]]&", "&Table13[[#This Row],[Month]]&" "&Table13[[#This Row],[FY]] -> Week 21, NOV FY19 | I22: =Table13[[#This Row],[Month]]&", "&Table13[[#This Row],[FY]] -> NOV, FY19 | J22: ="Q"&Table13[[#This Row],[QTR]]&", "&Table13[[#This Row],[FY]] -> Q2, FY19
A23: =A22+7 -> 43423 | B23: =B22+7 -> 43429 | C23: Week 22 | D23: NOV | E23: =E10+1 -> 2 | F23: FY19 | G23: =Table13[[#This Row],[Month]]&", "&Table13[[#This Row],[FY]] -> NOV, FY19 | H23: =Table13[[#This Row],[Week]]&", "&Table13[[#This Row],[Month]]&" "&Table13[[#This Row],[FY]] -> Week 22, NOV FY19 | I23: =Table13[[#This Row],[Month]]&", "&Table13[[#This Row],[FY]] -> NOV, FY19 | J23: ="Q"&Table13[[#This Row],[QTR]]&", "&Table13[[#This Row],[FY]] -> Q2, FY19
A24: =A23+7 -> 43430 | B24: =B23+7 -> 43436 | C24: Week 23 | D24: DEC | E24: =E11+1 -> 2 | F24: FY19 | G24: =Table13[[#This Row],[Month]]&", "&Table13[[#This Row],[FY]] -> DEC, FY19 | H24: =Table13[[#This Row],[Week]]&", "&Table13[[#This Row],[Month]]&" "&Table13[[#This Row],[FY]] -> Week 23, DEC FY19 | I24: =Table13[[#This Row],[Month]]&", "&Table13[[#This Row],[FY]] -> DEC, FY19 | J24: ="Q"&Table13[[#This Row],[QTR]]&", "&Table13[[#This Row],[FY]] -> Q2, FY19
A25: =A24+7 -> 43437 | B25: =B24+7 -> 43443 | C25: Week 24 | D25: DEC | E25: =E12+1 -> 2 | F25: FY19 | G25: =Table13[[#This Row],[Month]]&", "&Table13[[#This Row],[FY]] -> DEC, FY19 | H25: =Table13[[#This Row],[Week]]&", "&Table13[[#This Row],[Month]]&" "&Table13[[#This Row],[FY]] -> Week 24, DEC FY19 | I25: =Table13[[#This Row],[Month]]&", "&Table13[[#This Row],[FY]] -> DEC, FY19 | J25: ="Q"&Table13[[#This Row],[QTR]]&", "&Table13[[#This Row],[FY]] -> Q2, FY19
A26: =A25+7 -> 43444 | B26: =B25+7 -> 43450 | C26: Week 25 | D26: DEC | E26: =E13+1 -> 2 | F26: FY19 | G26: =Table13[[#This Row],[Month]]&", "&Table13[[#This Row],[FY]] -> DEC, FY19 | H26: =Table13[[#This Row],[Week]]&", "&Table13[[#This Row],[Month]]&" "&Table13[[#This Row],[FY]] -> Week 25, DEC FY19 | I26: =Table13[[#This Row],[Month]]&", "&Table13[[#This Row],[FY]] -> DEC, FY19 | J26: ="Q"&Table13[[#This Row],[QTR]]&", "&Table13[[#This Row],[FY]] -> Q2, FY19
... A53: =A52+7 -> 43633 | B53: =B52+7 -> 43639 | C53: Week 52 | D53: JUN | E53: =E40+1 -> 4 | F53: FY19 | G53: =Table13[[#This Row],[Month]]&", "&Table13[[#This Row],[FY]] -> JUN, FY19 | H53: =Table13[[#This Row],[Week]]&", "&Table13[[#This Row],[Month]]&" "&Table13[[#This Row],[FY]] -> Week 52, JUN FY19 | I53: =Table13[[#This Row],[Month]]&", "&Table13[[#This Row],[FY]] -> JUN, FY19 | J53: ="Q"&Table13[[#This Row],[QTR]]&", "&Table13[[#This Row],[FY]] -> Q4, FY19
A54: =A53+7 -> 43640 | B54: =B53+7 -> 43646 | C54: Week 53 | D54: JUN | E54: 4 | F54: FY19 | G54: =Table13[[#This Row],[Month]]&", "&Table13[[#This Row],[FY]] -> JUN, FY19 | H54: =Table13[[#This Row],[Week]]&", "&Table13[[#This Row],[Month]]&" "&Table13[[#This Row],[FY]] -> Week 53, JUN FY19 | I54: =Table13[[#This Row],[Month]]&", "&Table13[[#This Row],[FY]] -> JUN, FY19 | J54: ="Q"&Table13[[#This Row],[QTR]]&", "&Table13[[#This Row],[FY]] -> Q4, FY19
A55: =A54+7 -> 43647 | B55: =B54+7 -> 43653 | C55: Week 1 | D55: JUL | E55: 1 | F55: FY20 | G55: =Table13[[#This Row],[Month]]&", "&Table13[[#This Row],[FY]] -> JUL, FY20 | H55: =Table13[[#This Row],[Week]]&", "&Table13[[#This Row],[Month]]&" "&Table13[[#This Row],[FY]] -> Week 1, JUL FY20 | I55: =Table13[[#This Row],[Month]]&", "&Table13[[#This Row],[FY]] -> JUL, FY20 | J55: ="Q"&Table13[[#This Row],[QTR]]&", "&Table13[[#This Row],[FY]] -> Q1, FY20
A56: =A55+7 -> 43654 | B56: =B55+7 -> 43660 | C56: Week 2 | D56: JUL | E56: 1 | F56: FY20 | G56: =Table13[[#This Row],[Month]]&", "&Table13[[#This Row],[FY]] -> JUL, FY20 | H56: =Table13[[#This Row],[Week]]&", "&Table13[[#This Row],[Month]]&" "&Table13[[#This Row],[FY]] -> Week 2, JUL FY20 | I56: =Table13[[#This Row],[Month]]&", "&Table13[[#This Row],[FY]] -> JUL, FY20 | J56: ="Q"&Table13[[#This Row],[QTR]]&", "&Table13[[#This Row],[FY]] -> Q1, FY20
A57: =A56+7 -> 43661 | B57: =B56+7 -> 43667 | C57: Week 3 | D57: JUL | E57: 1 | F57: FY20 | G57: =Table13[[#This Row],[Month]]&", "&Table13[[#This Row],[FY]] -> JUL, FY20 | H57: =Table13[[#This Row],[Week]]&", "&Table13[[#This Row],[Month]]&" "&Table13[[#This Row],[FY]] -> Week 3, JUL FY20 | I57: =Table13[[#This Row],[Month]]&", "&Table13[[#This Row],[FY]] -> JUL, FY20 | J57: ="Q"&Table13[[#This Row],[QTR]]&", "&Table13[[#This Row],[FY]] -> Q1, FY20
A58: =A57+7 -> 43668 | B58: =B57+7 -> 43674 | C58: Week 4 | D58: JUL | E58: 1 | F58: FY20 | G58: =Table13[[#This Row],[Month]]&", "&Table13[[#This Row],[FY]] -> JUL, FY20 | H58: =Table13[[#This Row],[Week]]&", "&Table13[[#This Row],[Month]]&" "&Table13[[#This Row],[FY]] -> Week 4, JUL FY20 | I58: =Table13[[#This Row],[Month]]&", "&Table13[[#This Row],[FY]] -> JUL, FY20 | J58: ="Q"&Table13[[#This Row],[QTR]]&", "&Table13[[#This Row],[FY]] -> Q1, FY20
A59: =A58+7 -> 43675 | B59: =B58+7 -> 43681 | C59: Week 5 | D59: AUG | E59: 1 | F59: FY20 | G59: =Table13[[#This Row],[Month]]&", "&Table13[[#This Row],[FY]] -> AUG, FY20 | H59: =Table13[[#This Row],[Week]]&", "&Table13[[#This Row],[Month]]&" "&Table13[[#This Row],[FY]] -> Week 5, AUG FY20 | I59: =Table13[[#This Row],[Month]]&", "&Table13[[#This Row],[FY]] -> AUG, FY20 | J59: ="Q"&Table13[[#This Row],[QTR]]&", "&Table13[[#This Row],[FY]] -> Q1, FY20
A60: =A59+7 -> 43682 | B60: =B59+7 -> 43688 | C60: Week 6 | D60: AUG | E60: 1 | F60: FY20 | G60: =Table13[[#This Row],[Month]]&", "&Table13[[#This Row],[FY]] -> AUG, FY20 | H60: =Table13[[#This Row],[Week]]&", "&Table13[[#This Row],[Month]]&" "&Table13[[#This Row],[FY]] -> Week 6, AUG FY20 | I60: =Table13[[#This Row],[Month]]&", "&Table13[[#This Row],[FY]] -> AUG, FY20 | J60: ="Q"&Table13[[#This Row],[QTR]]&", "&Table13[[#This Row],[FY]] -> Q1, FY20
A61: =A60+7 -> 43689 | B61: =B60+7 -> 43695 | C61: Week 7 | D61: AUG | E61: 1 | F61: FY20 | G61: =Table13[[#This Row],[Month]]&", "&Table13[[#This Row],[FY]] -> AUG, FY20 | H61: =Table13[[#This Row],[Week]]&", "&Table13[[#This Row],[Month]]&" "&Table13[[#This Row],[FY]] -> Week 7, AUG FY20 | I61: =Table13[[#This Row],[Month]]&", "&Table13[[#This Row],[FY]] -> AUG, FY20 | J61: ="Q"&Table13[[#This Row],[QTR]]&", "&Table13[[#This Row],[FY]] -> Q1, FY20
A62: =A61+7 -> 43696 | B62: =B61+7 -> 43702 | C62: Week 8 | D62: AUG | E62: 1 | F62: FY20 | G62: =Table13[[#This Row],[Month]]&", "&Table13[[#This Row],[FY]] -> AUG, FY20 | H62: =Table13[[#This Row],[Week]]&", "&Table13[[#This Row],[Month]]&" "&Table13[[#This Row],[FY]] -> Week 8, AUG FY20 | I62: =Table13[[#This Row],[Month]]&", "&Table13[[#This Row],[FY]] -> AUG, FY20 | J62: ="Q"&Table13[[#This Row],[QTR]]&", "&Table13[[#This Row],[FY]] -> Q1, FY20
A63: =A62+7 -> 43703 | B63: =B62+7 -> 43709 | C63: Week 9 | D63: AUG | E63: 1 | F63: FY20 | G63: =Table13[[#This Row],[Month]]&", "&Table13[[#This Row],[FY]] -> AUG, FY20 | H63: =Table13[[#This Row],[Week]]&", "&Table13[[#This Row],[Month]]&" "&Table13[[#This Row],[FY]] -> Week 9, AUG FY20 | I63: =Table13[[#This Row],[Month]]&", "&Table13[[#This Row],[FY]] -> AUG, FY20 | J63: ="Q"&Table13[[#This Row],[QTR]]&", "&Table13[[#This Row],[FY]] -> Q1, FY20
A64: =A63+7 -> 43710 | B64: =B63+7 -> 43716 | C64: Week 10 | D64: SEP | E64: 1 | F64: FY20 | G64: =Table13[[#This Row],[Month]]&", "&Table13[[#This Row],[FY]] -> SEP, FY20 | H64: =Table13[[#This Row],[Week]]&", "&Table13[[#This Row],[Month]]&" "&Table13[[#This Row],[FY]] -> Week 10, SEP FY20 | I64: =Table13[[#This Row],[Month]]&", "&Table13[[#This Row],[FY]] -> SEP, FY20 | J64: ="Q"&Table13[[#This Row],[QTR]]&", "&Table13[[#This Row],[FY]] -> Q1, FY20
A65: =A64+7 -> 43717 | B65: =B64+7 -> 43723 | C65: Week 11 | D65: SEP | E65: 1 | F65: FY20 | G65: =Table13[[#This Row],[Month]]&", "&Table13[[#This Row],[FY]] -> SEP, FY20 | H65: =Table13[[#This Row],[Week]]&", "&Table13[[#This Row],[Month]]&" "&Table13[[#This Row],[FY]] -> Week 11, SEP FY20 | I65: =Table13[[#This Row],[Month]]&", "&Table13[[#This Row],[FY]] -> SEP, FY20 | J65: ="Q"&Table13[[#This Row],[QTR]]&", "&Table13[[#This Row],[FY]] -> Q1, FY20
... A67: =A66+7 -> 43731 | B67: =B66+7 -> 43737 | C67: Week 13 | D67: SEP | E67: 1 | F67: FY20 | G67: =Table13[[#This Row],[Month]]&", "&Table13[[#This Row],[FY]] -> SEP, FY20 | H67: =Table13[[#This Row],[Week]]&", "&Table13[[#This Row],[Month]]&" "&Table13[[#This Row],[FY]] -> Week 13, SEP FY20 | I67: =Table13[[#This Row],[Month]]&", "&Table13[[#This Row],[FY]] -> SEP, FY20 | J67: ="Q"&Table13[[#This Row],[QTR]]&", "&Table13[[#This Row],[FY]] -> Q1, FY20
A68: =A67+7 -> 43738 | B68: =B67+7 -> 43744 | C68: Week 14 | D68: OCT | E68: =E55+1 -> 2 | F68: FY20 | G68: =Table13[[#This Row],[Month]]&", "&Table13[[#This Row],[FY]] -> OCT, FY20 | H68: =Table13[[#This Row],[Week]]&", "&Table13[[#This Row],[Month]]&" "&Table13[[#This Row],[FY]] -> Week 14, OCT FY20 | I68: =Table13[[#This Row],[Month]]&", "&Table13[[#This Row],[FY]] -> OCT, FY20 | J68: ="Q"&Table13[[#This Row],[QTR]]&", "&Table13[[#This Row],[FY]] -> Q2, FY20
A69: =A68+7 -> 43745 | B69: =B68+7 -> 43751 | C69: Week 15 | D69: OCT | E69: =E56+1 -> 2 | F69: FY20 | G69: =Table13[[#This Row],[Month]]&", "&Table13[[#This Row],[FY]] -> OCT, FY20 | H69: =Table13[[#This Row],[Week]]&", "&Table13[[#This Row],[Month]]&" "&Table13[[#This Row],[FY]] -> Week 15, OCT FY20 | I69: =Table13[[#This Row],[Month]]&", "&Table13[[#This Row],[FY]] -> OCT, FY20 | J69: ="Q"&Table13[[#This Row],[QTR]]&", "&Table13[[#This Row],[FY]] -> Q2, FY20
A70: =A69+7 -> 43752 | B70: =B69+7 -> 43758 | C70: Week 16 | D70: OCT | E70: =E57+1 -> 2 | F70: FY20 | G70: =Table13[[#This Row],[Month]]&", "&Table13[[#This Row],[FY]] -> OCT, FY20 | H70: =Table13[[#This Row],[Week]]&", "&Table13[[#This Row],[Month]]&" "&Table13[[#This Row],[FY]] -> Week 16, OCT FY20 | I70: =Table13[[#This Row],[Month]]&", "&Table13[[#This Row],[FY]] -> OCT, FY20 | J70: ="Q"&Table13[[#This Row],[QTR]]&", "&Table13[[#This Row],[FY]] -> Q2, FY20
A71: =A70+7 -> 43759 | B71: =B70+7 -> 43765 | C71: Week 17 | D71: OCT | E71: =E58+1 -> 2 | F71: FY20 | G71: =Table13[[#This Row],[Month]]&", "&Table13[[#This Row],[FY]] -> OCT, FY20 | H71: =Table13[[#This Row],[Week]]&", "&Table13[[#This Row],[Month]]&" "&Table13[[#This Row],[FY]] -> Week 17, OCT FY20 | I71: =Table13[[#This Row],[Month]]&", "&Table13[[#This Row],[FY]] -> OCT, FY20 | J71: ="Q"&Table13[[#This Row],[QTR]]&", "&Table13[[#This Row],[FY]] -> Q2, FY20
A72: =A71+7 -> 43766 | B72: =B71+7 -> 43772 | C72: Week 18 | D72: NOV | E72: =E59+1 -> 2 | F72: FY20 | G72: =Table13[[#This Row],[Month]]&", "&Table13[[#This Row],[FY]] -> NOV, FY20 | H72: =Table13[[#This Row],[Week]]&", "&Table13[[#This Row],[Month]]&" "&Table13[[#This Row],[FY]] -> Week 18, NOV FY20 | I72: =Table13[[#This Row],[Month]]&", "&Table13[[#This Row],[FY]] -> NOV, FY20 | J72: ="Q"&Table13[[#This Row],[QTR]]&", "&Table13[[#This Row],[FY]] -> Q2, FY20
A73: =A72+7 -> 43773 | B73: =B72+7 -> 43779 | C73: Week 19 | D73: NOV | E73: =E60+1 -> 2 | F73: FY20 | G73: =Table13[[#This Row],[Month]]&", "&Table13[[#This Row],[FY]] -> NOV, FY20 | H73: =Table13[[#This Row],[Week]]&", "&Table13[[#This Row],[Month]]&" "&Table13[[#This Row],[FY]] -> Week 19, NOV FY20 | I73: =Table13[[#This Row],[Month]]&", "&Table13[[#This Row],[FY]] -> NOV, FY20 | J73: ="Q"&Table13[[#This Row],[QTR]]&", "&Table13[[#This Row],[FY]] -> Q2, FY20
A74: =A73+7 -> 43780 | B74: =B73+7 -> 43786 | C74: Week 20 | D74: NOV | E74: =E61+1 -> 2 | F74: FY20 | G74: =Table13[[#This Row],[Month]]&", "&Table13[[#This Row],[FY]] -> NOV, FY20 | H74: =Table13[[#This Row],[Week]]&", "&Table13[[#This Row],[Month]]&" "&Table13[[#This Row],[FY]] -> Week 20, NOV FY20 | I74: =Table13[[#This Row],[Month]]&", "&Table13[[#This Row],[FY]] -> NOV, FY20 | J74: ="Q"&Table13[[#This Row],[QTR]]&", "&Table13[[#This Row],[FY]] -> Q2, FY20
A75: =A74+7 -> 43787 | B75: =B74+7 -> 43793 | C75: Week 21 | D75: NOV | E75: =E62+1 -> 2 | F75: FY20 | G75: =Table13[[#This Row],[Month]]&", "&Table13[[#This Row],[FY]] -> NOV, FY20 | H75: =Table13[[#This Row],[Week]]&", "&Table13[[#This Row],[Month]]&" "&Table13[[#This Row],[FY]] -> Week 21, NOV FY20 | I75: =Table13[[#This Row],[Month]]&", "&Table13[[#This Row],[FY]] -> NOV, FY20 | J75: ="Q"&Table13[[#This Row],[QTR]]&", "&Table13[[#This Row],[FY]] -> Q2, FY20
A76: =A75+7 -> 43794 | B76: =B75+7 -> 43800 | C76: Week 22 | D76: NOV | E76: =E63+1 -> 2 | F76: FY20 | G76: =Table13[[#This Row],[Month]]&", "&Table13[[#This Row],[FY]] -> NOV, FY20 | H76: =Table13[[#This Row],[Week]]&", "&Table13[[#This Row],[Month]]&" "&Table13[[#This Row],[FY]] -> Week 22, NOV FY20 | I76: =Table13[[#This Row],[Month]]&", "&Table13[[#This Row],[FY]] -> NOV, FY20 | J76: ="Q"&Table13[[#This Row],[QTR]]&", "&Table13[[#This Row],[FY]] -> Q2, FY20
A77: =A76+7 -> 43801 | B77: =B76+7 -> 43807 | C77: Week 23 | D77: DEC | E77: =E64+1 -> 2 | F77: FY20 | G77: =Table13[[#This Row],[Month]]&", "&Table13[[#This Row],[FY]] -> DEC, FY20 | H77: =Table13[[#This Row],[Week]]&", "&Table13[[#This Row],[Month]]&" "&Table13[[#This Row],[FY]] -> Week 23, DEC FY20 | I77: =Table13[[#This Row],[Month]]&", "&Table13[[#This Row],[FY]] -> DEC, FY20 | J77: ="Q"&Table13[[#This Row],[QTR]]&", "&Table13[[#This Row],[FY]] -> Q2, FY20
A78: =A77+7 -> 43808 | B78: =B77+7 -> 43814 | C78: Week 24 | D78: DEC | E78: =E65+1 -> 2 | F78: FY20 | G78: =Table13[[#This Row],[Month]]&", "&Table13[[#This Row],[FY]] -> DEC, FY20 | H78: =Table13[[#This Row],[Week]]&", "&Table13[[#This Row],[Month]]&" "&Table13[[#This Row],[FY]] -> Week 24, DEC FY20 | I78: =Table13[[#This Row],[Month]]&", "&Table13[[#This Row],[FY]] -> DEC, FY20 | J78: ="Q"&Table13[[#This Row],[QTR]]&", "&Table13[[#This Row],[FY]] -> Q2, FY20
A79: =A78+7 -> 43815 | B79: =B78+7 -> 43821 | C79: Week 25 | D79: DEC | E79: =E66+1 -> 2 | F79: FY20 | G79: =Table13[[#This Row],[Month]]&", "&Table13[[#This Row],[FY]] -> DEC, FY20 | H79: =Table13[[#This Row],[Week]]&", "&Table13[[#This Row],[Month]]&" "&Table13[[#This Row],[FY]] -> Week 25, DEC FY20 | I79: =Table13[[#This Row],[Month]]&", "&Table13[[#This Row],[FY]] -> DEC, FY20 | J79: ="Q"&Table13[[#This Row],[QTR]]&", "&Table13[[#This Row],[FY]] -> Q2, FY20
A80: =A79+7 -> 43822 | B80: =B79+7 -> 43828 | C80: Week 26 | D80: DEC | E80: 2 | F80: FY20 | G80: =Table13[[#This Row],[Month]]&", "&Table13[[#This Row],[FY]] -> DEC, FY20 | H80: =Table13[[#This Row],[Week]]&", "&Table13[[#This Row],[Month]]&" "&Table13[[#This Row],[FY]] -> Week 26, DEC FY20 | I80: =Table13[[#This Row],[Month]]&", "&Table13[[#This Row],[FY]] -> DEC, FY20 | J80: ="Q"&Table13[[#This Row],[QTR]]&", "&Table13[[#This Row],[FY]] -> Q2, FY20
A81: =A80+7 -> 43829 | B81: =B80+7 -> 43835 | C81: Week 27 | D81: JAN | E81: =E68+1 -> 3 | F81: FY20 | G81: =Table13[[#This Row],[Month]]&", "&Table13[[#This Row],[FY]] -> JAN, FY20 | H81: =Table13[[#This Row],[Week]]&", "&Table13[[#This Row],[Month]]&" "&Table13[[#This Row],[FY]] -> Week 27, JAN FY20 | I81: =Table13[[#This Row],[Month]]&", "&Table13[[#This Row],[FY]] -> JAN, FY20 | J81: ="Q"&Table13[[#This Row],[QTR]]&", "&Table13[[#This Row],[FY]] -> Q3, FY20
A82: =A81+7 -> 43836 | B82: =B81+7 -> 43842 | C82: Week 28 | D82: JAN | E82: =E69+1 -> 3 | F82: FY20 | G82: =Table13[[#This Row],[Month]]&", "&Table13[[#This Row],[FY]] -> JAN, FY20 | H82: =Table13[[#This Row],[Week]]&", "&Table13[[#This Row],[Month]]&" "&Table13[[#This Row],[FY]] -> Week 28, JAN FY20 | I82: =Table13[[#This Row],[Month]]&", "&Table13[[#This Row],[FY]] -> JAN, FY20 | J82: ="Q"&Table13[[#This Row],[QTR]]&", "&Table13[[#This Row],[FY]] -> Q3, FY20
A83: =A82+7 -> 43843 | B83: =B82+7 -> 43849 | C83: Week 29 | D83: JAN | E83: =E70+1 -> 3 | F83: FY20 | G83: =Table13[[#This Row],[Month]]&", "&Table13[[#This Row],[FY]] -> JAN, FY20 | H83: =Table13[[#This Row],[Week]]&", "&Table13[[#This Row],[Month]]&" "&Table13[[#This Row],[FY]] -> Week 29, JAN FY20 | I83: =Table13[[#This Row],[Month]]&", "&Table13[[#This Row],[FY]] -> JAN, FY20 | J83: ="Q"&Table13[[#This Row],[QTR]]&", "&Table13[[#This Row],[FY]] -> Q3, FY20
A84: =A83+7 -> 43850 | B84: =B83+7 -> 43856 | C84: Week 30 | D84: JAN | E84: =E71+1 -> 3 | F84: FY20 | G84: =Table13[[#This Row],[Month]]&", "&Table13[[#This Row],[FY]] -> JAN, FY20 | H84: =Table13[[#This Row],[Week]]&", "&Table13[[#This Row],[Month]]&" "&Table13[[#This Row],[FY]] -> Week 30, JAN FY20 | I84: =Table13[[#This Row],[Month]]&", "&Table13[[#This Row],[FY]] -> JAN, FY20 | J84: ="Q"&Table13[[#This Row],[QTR]]&", "&Table13[[#This Row],[FY]] -> Q3, FY20
A85: =A84+7 -> 43857 | B85: =B84+7 -> 43863 | C85: Week 31 | D85: FEB | E85: =E72+1 -> 3 | F85: FY20 | G85: =Table13[[#This Row],[Month]]&", "&Table13[[#This Row],[FY]] -> FEB, FY20 | H85: =Table13[[#This Row],[Week]]&", "&Table13[[#This Row],[Month]]&" "&Table13[[#This Row],[FY]] -> Week 31, FEB FY20 | I85: =Table13[[#This Row],[Month]]&", "&Table13[[#This Row],[FY]] -> FEB, FY20 | J85: ="Q"&Table13[[#This Row],[QTR]]&", "&Table13[[#This Row],[FY]] -> Q3, FY20
A86: =A85+7 -> 43864 | B86: =B85+7 -> 43870 | C86: Week 32 | D86: FEB | E86: =E73+1 -> 3 | F86: FY20 | G86: =Table13[[#This Row],[Month]]&", "&Table13[[#This Row],[FY]] -> FEB, FY20 | H86: =Table13[[#This Row],[Week]]&", "&Table13[[#This Row],[Month]]&" "&Table13[[#This Row],[FY]] -> Week 32, FEB FY20 | I86: =Table13[[#This Row],[Month]]&", "&Table13[[#This Row],[FY]] -> FEB, FY20 | J86: ="Q"&Table13[[#This Row],[QTR]]&", "&Table13[[#This Row],[FY]] -> Q3, FY20
A87: =A86+7 -> 43871 | B87: =B86+7 -> 43877 | C87: Week 33 | D87: FEB | E87: =E74+1 -> 3 | F87: FY20 | G87: =Table13[[#This Row],[Month]]&", "&Table13[[#This Row],[FY]] -> FEB, FY20 | H87: =Table13[[#This Row],[Week]]&", "&Table13[[#This Row],[Month]]&" "&Table13[[#This Row],[FY]] -> Week 33, FEB FY20 | I87: =Table13[[#This Row],[Month]]&", "&Table13[[#This Row],[FY]] -> FEB, FY20 | J87: ="Q"&Table13[[#This Row],[QTR]]&", "&Table13[[#This Row],[FY]] -> Q3, FY20
A88: =A87+7 -> 43878 | B88: =B87+7 -> 43884 | C88: Week 34 | D88: FEB | E88: =E75+1 -> 3 | F88: FY20 | G88: =Table13[[#This Row],[Month]]&", "&Table13[[#This Row],[FY]] -> FEB, FY20 | H88: =Table13[[#This Row],[Week]]&", "&Table13[[#This Row],[Month]]&" "&Table13[[#This Row],[FY]] -> Week 34, FEB FY20 | I88: =Table13[[#This Row],[Month]]&", "&Table13[[#This Row],[FY]] -> FEB, FY20 | J88: ="Q"&Table13[[#This Row],[QTR]]&", "&Table13[[#This Row],[FY]] -> Q3, FY20
A89: =A88+7 -> 43885 | B89: =B88+7 -> 43891 | C89: Week 35 | D89: FEB | E89: =E76+1 -> 3 | F89: FY20 | G89: =Table13[[#This Row],[Month]]&", "&Table13[[#This Row],[FY]] -> FEB, FY20 | H89: =Table13[[#This Row],[Week]]&", "&Table13[[#This Row],[Month]]&" "&Table13[[#This Row],[FY]] -> Week 35, FEB FY20 | I89: =Table13[[#This Row],[Month]]&", "&Table13[[#This Row],[FY]] -> FEB, FY20 | J89: ="Q"&Table13[[#This Row],[QTR]]&", "&Table13[[#This Row],[FY]] -> Q3, FY20
A90: =A89+7 -> 43892 | B90: =B89+7 -> 43898 | C90: Week 36 | D90: MAR | E90: =E77+1 -> 3 | F90: FY20 | G90: =Table13[[#This Row],[Month]]&", "&Table13[[#This Row],[FY]] -> MAR, FY20 | H90: =Table13[[#This Row],[Week]]&", "&Table13[[#This Row],[Month]]&" "&Table13[[#This Row],[FY]] -> Week 36, MAR FY20 | I90: =Table13[[#This Row],[Month]]&", "&Table13[[#This Row],[FY]] -> MAR, FY20 | J90: ="Q"&Table13[[#This Row],[QTR]]&", "&Table13[[#This Row],[FY]] -> Q3, FY20
A91: =A90+7 -> 43899 | B91: =B90+7 -> 43905 | C91: Week 37 | D91: MAR | E91: =E78+1 -> 3 | F91: FY20 | G91: =Table13[[#This Row],[Month]]&", "&Table13[[#This Row],[FY]] -> MAR, FY20 | H91: =Table13[[#This Row],[Week]]&", "&Table13[[#This Row],[Month]]&" "&Table13[[#This Row],[FY]] -> Week 37, MAR FY20 | I91: =Table13[[#This Row],[Month]]&", "&Table13[[#This Row],[FY]] -> MAR, FY20 | J91: ="Q"&Table13[[#This Row],[QTR]]&", "&Table13[[#This Row],[FY]] -> Q3, FY20
A92: =A91+7 -> 43906 | B92: =B91+7 -> 43912 | C92: Week 38 | D92: MAR | E92: =E79+1 -> 3 | F92: FY20 | G92: =Table13[[#This Row],[Month]]&", "&Table13[[#This Row],[FY]] -> MAR, FY20 | H92: =Table13[[#This Row],[Week]]&", "&Table13[[#This Row],[Month]]&" "&Table13[[#This Row],[FY]] -> Week 38, MAR FY20 | I92: =Table13[[#This Row],[Month]]&", "&Table13[[#This Row],[FY]] -> MAR, FY20 | J92: ="Q"&Table13[[#This Row],[QTR]]&", "&Table13[[#This Row],[FY]] -> Q3, FY20
A93: =A92+7 -> 43913 | B93: =B92+7 -> 43919 | C93: Week 39 | D93: MAR | E93: 3 | F93: FY20 | G93: =Table13[[#This Row],[Month]]&", "&Table13[[#This Row],[FY]] -> MAR, FY20 | H93: =Table13[[#This Row],[Week]]&", "&Table13[[#This Row],[Month]]&" "&Table13[[#This Row],[FY]] -> Week 39, MAR FY20 | I93: =Table13[[#This Row],[Month]]&", "&Table13[[#This Row],[FY]] -> MAR, FY20 | J93: ="Q"&Table13[[#This Row],[QTR]]&", "&Table13[[#This Row],[FY]] -> Q3, FY20
A94: =A93+7 -> 43920 | B94: =B93+7 -> 43926 | C94: Week 40 | D94: APR | E94: =E81+1 -> 4 | F94: FY20 | G94: =Table13[[#This Row],[Month]]&", "&Table13[[#This Row],[FY]] -> APR, FY20 | H94: =Table13[[#This Row],[Week]]&", "&Table13[[#This Row],[Month]]&" "&Table13[[#This Row],[FY]] -> Week 40, APR FY20 | I94: =Table13[[#This Row],[Month]]&", "&Table13[[#This Row],[FY]] -> APR, FY20 | J94: ="Q"&Table13[[#This Row],[QTR]]&", "&Table13[[#This Row],[FY]] -> Q4, FY20
A95: =A94+7 -> 43927 | B95: =B94+7 -> 43933 | C95: Week 41 | D95: APR | E95: =E82+1 -> 4 | F95: FY20 | G95: =Table13[[#This Row],[Month]]&", "&Table13[[#This Row],[FY]] -> APR, FY20 | H95: =Table13[[#This Row],[Week]]&", "&Table13[[#This Row],[Month]]&" "&Table13[[#This Row],[FY]] -> Week 41, APR FY20 | I95: =Table13[[#This Row],[Month]]&", "&Table13[[#This Row],[FY]] -> APR, FY20 | J95: ="Q"&Table13[[#This Row],[QTR]]&", "&Table13[[#This Row],[FY]] -> Q4, FY20
A96: =A95+7 -> 43934 | B96: =B95+7 -> 43940 | C96: Week 42 | D96: APR | E96: =E83+1 -> 4 | F96: FY20 | G96: =Table13[[#This Row],[Month]]&", "&Table13[[#This Row],[FY]] -> APR, FY20 | H96: =Table13[[#This Row],[Week]]&", "&Table13[[#This Row],[Month]]&" "&Table13[[#This Row],[FY]] -> Week 42, APR FY20 | I96: =Table13[[#This Row],[Month]]&", "&Table13[[#This Row],[FY]] -> APR, FY20 | J96: ="Q"&Table13[[#This Row],[QTR]]&", "&Table13[[#This Row],[FY]] -> Q4, FY20
A97: =A96+7 -> 43941 | B97: =B96+7 -> 43947 | C97: Week 43 | D97: APR | E97: =E84+1 -> 4 | F97: FY20 | G97: =Table13[[#This Row],[Month]]&", "&Table13[[#This Row],[FY]] -> APR, FY20 | H97: =Table13[[#This Row],[Week]]&", "&Table13[[#This Row],[Month]]&" "&Table13[[#This Row],[FY]] -> Week 43, APR FY20 | I97: =Table13[[#This Row],[Month]]&", "&Table13[[#This Row],[FY]] -> APR, FY20 | J97: ="Q"&Table13[[#This Row],[QTR]]&", "&Table13[[#This Row],[FY]] -> Q4, FY20
A98: =A97+7 -> 43948 | B98: =B97+7 -> 43954 | C98: Week 44 | D98: MAY | E98: =E85+1 -> 4 | F98: FY20 | G98: =Table13[[#This Row],[Month]]&", "&Table13[[#This Row],[FY]] -> MAY, FY20 | H98: =Table13[[#This Row],[Week]]&", "&Table13[[#This Row],[Month]]&" "&Table13[[#This Row],[FY]] -> Week 44, MAY FY20 | I98: =Table13[[#This Row],[Month]]&", "&Table13[[#This Row],[FY]] -> MAY, FY20 | J98: ="Q"&Table13[[#This Row],[QTR]]&", "&Table13[[#This Row],[FY]] -> Q4, FY20
A99: =A98+7 -> 43955 | B99: =B98+7 -> 43961 | C99: Week 45 | D99: MAY | E99: =E86+1 -> 4 | F99: FY20 | G99: =Table13[[#This Row],[Month]]&", "&Table13[[#This Row],[FY]] -> MAY, FY20 | H99: =Table13[[#This Row],[Week]]&", "&Table13[[#This Row],[Month]]&" "&Table13[[#This Row],[FY]] -> Week 45, MAY FY20 | I99: =Table13[[#This Row],[Month]]&", "&Table13[[#This Row],[FY]] -> MAY, FY20 | J99: ="Q"&Table13[[#This Row],[QTR]]&", "&Table13[[#This Row],[FY]] -> Q4, FY20
A100: =A99+7 -> 43962 | B100: =B99+7 -> 43968 | C100: Week 46 | D100: MAY | E100: =E87+1 -> 4 | F100: FY20 | G100: =Table13[[#This Row],[Month]]&", "&Table13[[#This Row],[FY]] -> MAY, FY20 | H100: =Table13[[#This Row],[Week]]&", "&Table13[[#This Row],[Month]]&" "&Table13[[#This Row],[FY]] -> Week 46, MAY FY20 | I100: =Table13[[#This Row],[Month]]&", "&Table13[[#This Row],[FY]] -> MAY, FY20 | J100: ="Q"&Table13[[#This Row],[QTR]]&", "&Table13[[#This Row],[FY]] -> Q4, FY20
A101: =A100+7 -> 43969 | B101: =B100+7 -> 43975 | C101: Week 47 | D101: MAY | E101: =E88+1 -> 4 | F101: FY20 | G101: =Table13[[#This Row],[Month]]&", "&Table13[[#This Row],[FY]] -> MAY, FY20 | H101: =Table13[[#This Row],[Week]]&", "&Table13[[#This Row],[Month]]&" "&Table13[[#This Row],[FY]] -> Week 47, MAY FY20 | I101: =Table13[[#This Row],[Month]]&", "&Table13[[#This Row],[FY]] -> MAY, FY20 | J101: ="Q"&Table13[[#This Row],[QTR]]&", "&Table13[[#This Row],[FY]] -> Q4, FY20
A102: =A101+7 -> 43976 | B102: =B101+7 -> 43982 | C102: Week 48 | D102: MAY | E102: =E89+1 -> 4 | F102: FY20 | G102: =Table13[[#This Row],[Month]]&", "&Table13[[#This Row],[FY]] -> MAY, FY20 | H102: =Table13[[#This Row],[Week]]&", "&Table13[[#This Row],[Month]]&" "&Table13[[#This Row],[FY]] -> Week 48, MAY FY20 | I102: =Table13[[#This Row],[Month]]&", "&Table13[[#This Row],[FY]] -> MAY, FY20 | J102: ="Q"&Table13[[#This Row],[QTR]]&", "&Table13[[#This Row],[FY]] -> Q4, FY20
A103: =A102+7 -> 43983 | B103: =B102+7 -> 43989 | C103: Week 49 | D103: JUN | E103: =E90+1 -> 4 | F103: FY20 | G103: =Table13[[#This Row],[Month]]&", "&Table13[[#This Row],[FY]] -> JUN, FY20 | H103: =Table13[[#This Row],[Week]]&", "&Table13[[#This Row],[Month]]&" "&Table13[[#This Row],[FY]] -> Week 49, JUN FY20 | I103: =Table13[[#This Row],[Month]]&", "&Table13[[#This Row],[FY]] -> JUN, FY20 | J103: ="Q"&Table13[[#This Row],[QTR]]&", "&Table13[[#This Row],[FY]] -> Q4, FY20
A104: =A103+7 -> 43990 | B104: =B103+7 -> 43996 | C104: Week 50 | D104: JUN | E104: =E91+1 -> 4 | F104: FY20 | G104: =Table13[[#This Row],[Month]]&", "&Table13[[#This Row],[FY]] -> JUN, FY20 | H104: =Table13[[#This Row],[Week]]&", "&Table13[[#This Row],[Month]]&" "&Table13[[#This Row],[FY]] -> Week 50, JUN FY20 | I104: =Table13[[#This Row],[Month]]&", "&Table13[[#This Row],[FY]] -> JUN, FY20 | J104: ="Q"&Table13[[#This Row],[QTR]]&", "&Table13[[#This Row],[FY]] -> Q4, FY20
A105: =A104+7 -> 43997 | B105: =B104+7 -> 44003 | C105: Week 51 | D105: JUN | E105: =E92+1 -> 4 | F105: FY20 | G105: =Table13[[#This Row],[Month]]&", "&Table13[[#This Row],[FY]] -> JUN, FY20 | H105: =Table13[[#This Row],[Week]]&", "&Table13[[#This Row],[Month]]&" "&Table13[[#This Row],[FY]] -> Week 51, JUN FY20 | I105: =Table13[[#This Row],[Month]]&", "&Table13[[#This Row],[FY]] -> JUN, FY20 | J105: ="Q"&Table13[[#This Row],[QTR]]&", "&Table13[[#This Row],[FY]] -> Q4, FY20
A106: =A105+7 -> 44004 | B106: =B105+7 -> 44010 | C106: Week 52 | D106: JUN | E106: 4 | F106: FY21 | G106: =Table13[[#This Row],[Month]]&", "&Table13[[#This Row],[FY]] -> JUN, FY21 | H106: =Table13[[#This Row],[Week]]&", "&Table13[[#This Row],[Month]]&" "&Table13[[#This Row],[FY]] -> Week 52, JUN FY21 | I106: =Table13[[#This Row],[Month]]&", "&Table13[[#This Row],[FY]] -> JUN, FY21 | J106: ="Q"&Table13[[#This Row],[QTR]]&", "&Table13[[#This Row],[FY]] -> Q4, FY21
A107: =A106+7 -> 44011 | B107: =B106+7 -> 44017 | C107: Week 1 | D107: JUL | E107: 1 | F107: FY21 | G107: =Table13[[#This Row],[Month]]&", "&Table13[[#This Row],[FY]] -> JUL, FY21 | H107: =Table13[[#This Row],[Week]]&", "&Table13[[#This Row],[Month]]&" "&Table13[[#This Row],[FY]] -> Week 1, JUL FY21 | I107: =Table13[[#This Row],[Month]]&", "&Table13[[#This Row],[FY]] -> JUL, FY21 | J107: ="Q"&Table13[[#This Row],[QTR]]&", "&Table13[[#This Row],[FY]] -> Q1, FY21
A108: =A107+7 -> 44018 | B108: =B107+7 -> 44024 | C108: Week 2 | D108: JUL | E108: 1 | F108: FY21 | G108: =Table13[[#This Row],[Month]]&", "&Table13[[#This Row],[FY]] -> JUL, FY21 | H108: =Table13[[#This Row],[Week]]&", "&Table13[[#This Row],[Month]]&" "&Table13[[#This Row],[FY]] -> Week 2, JUL FY21 | I108: =Table13[[#This Row],[Month]]&", "&Table13[[#This Row],[FY]] -> JUL, FY21 | J108: ="Q"&Table13[[#This Row],[QTR]]&", "&Table13[[#This Row],[FY]] -> Q1, FY21
A109: =A108+7 -> 44025 | B109: =B108+7 -> 44031 | C109: Week 3 | D109: JUL | E109: 1 | F109: FY21 | G109: =Table13[[#This Row],[Month]]&", "&Table13[[#This Row],[FY]] -> JUL, FY21 | H109: =Table13[[#This Row],[Week]]&", "&Table13[[#This Row],[Month]]&" "&Table13[[#This Row],[FY]] -> Week 3, JUL FY21 | I109: =Table13[[#This Row],[Month]]&", "&Table13[[#This Row],[FY]] -> JUL, FY21 | J109: ="Q"&Table13[[#This Row],[QTR]]&", "&Table13[[#This Row],[FY]] -> Q1, FY21
A110: =A109+7 -> 44032 | B110: =B109+7 -> 44038 | C110: Week 4 | D110: JUL | E110: 1 | F110: FY21 | G110: =Table13[[#This Row],[Month]]&", "&Table13[[#This Row],[FY]] -> JUL, FY21 | H110: =Table13[[#This Row],[Week]]&", "&Table13[[#This Row],[Month]]&" "&Table13[[#This Row],[FY]] -> Week 4, JUL FY21 | I110: =Table13[[#This Row],[Month]]&", "&Table13[[#This Row],[FY]] -> JUL, FY21 | J110: ="Q"&Table13[[#This Row],[QTR]]&", "&Table13[[#This Row],[FY]] -> Q1, FY21
A111: =A110+7 -> 44039 | B111: =B110+7 -> 44045 | C111: Week 5 | D111: AUG | E111: 1 | F111: FY21 | G111: =Table13[[#This Row],[Month]]&", "&Table13[[#This Row],[FY]] -> AUG, FY21 | H111: =Table13[[#This Row],[Week]]&", "&Table13[[#This Row],[Month]]&" "&Table13[[#This Row],[FY]] -> Week 5, AUG FY21 | I111: =Table13[[#This Row],[Month]]&", "&Table13[[#This Row],[FY]] -> AUG, FY21 | J111: ="Q"&Table13[[#This Row],[QTR]]&", "&Table13[[#This Row],[FY]] -> Q1, FY21
A112: =A111+7 -> 44046 | B112: =B111+7 -> 44052 | C112: Week 6 | D112: AUG | E112: 1 | F112: FY21 | G112: =Table13[[#This Row],[Month]]&", "&Table13[[#This Row],[FY]] -> AUG, FY21 | H112: =Table13[[#This Row],[Week]]&", "&Table13[[#This Row],[Month]]&" "&Table13[[#This Row],[FY]] -> Week 6, AUG FY21 | I112: =Table13[[#This Row],[Month]]&", "&Table13[[#This Row],[FY]] -> AUG, FY21 | J112: ="Q"&Table13[[#This Row],[QTR]]&", "&Table13[[#This Row],[FY]] -> Q1, FY21
A113: =A112+7 -> 44053 | B113: =B112+7 -> 44059 | C113: Week 7 | D113: AUG | E113: 1 | F113: FY21 | G113: =Table13[[#This Row],[Month]]&", "&Table13[[#This Row],[FY]] -> AUG, FY21 | H113: =Table13[[#This Row],[Week]]&", "&Table13[[#This Row],[Month]]&" "&Table13[[#This Row],[FY]] -> Week 7, AUG FY21 | I113: =Table13[[#This Row],[Month]]&", "&Table13[[#This Row],[FY]] -> AUG, FY21 | J113: ="Q"&Table13[[#This Row],[QTR]]&", "&Table13[[#This Row],[FY]] -> Q1, FY21
A114: =A113+7 -> 44060 | B114: =B113+7 -> 44066 | C114: Week 8 | D114: AUG | E114: 1 | F114: FY21 | G114: =Table13[[#This Row],[Month]]&", "&Table13[[#This Row],[FY]] -> AUG, FY21 | H114: =Table13[[#This Row],[Week]]&", "&Table13[[#This Row],[Month]]&" "&Table13[[#This Row],[FY]] -> Week 8, AUG FY21 | I114: =Table13[[#This Row],[Month]]&", "&Table13[[#This Row],[FY]] -> AUG, FY21 | J114: ="Q"&Table13[[#This Row],[QTR]]&", "&Table13[[#This Row],[FY]] -> Q1, FY21
A115: =A114+7 -> 44067 | B115: =B114+7 -> 44073 | C115: Week 9 | D115: AUG | E115: 1 | F115: FY21 | G115: =Table13[[#This Row],[Month]]&", "&Table13[[#This Row],[FY]] -> AUG, FY21 | H115: =Table13[[#This Row],[Week]]&", "&Table13[[#This Row],[Month]]&" "&Table13[[#This Row],[FY]] -> Week 9, AUG FY21 | I115: =Table13[[#This Row],[Month]]&", "&Table13[[#This Row],[FY]] -> AUG, FY21 | J115: ="Q"&Table13[[#This Row],[QTR]]&", "&Table13[[#This Row],[FY]] -> Q1, FY21
A116: =A115+7 -> 44074 | B116: =B115+7 -> 44080 | C116: Week 10 | D116: SEP | E116: 1 | F116: FY21 | G116: =Table13[[#This Row],[Month]]&", "&Table13[[#This Row],[FY]] -> SEP, FY21 | H116: =Table13[[#This Row],[Week]]&", "&Table13[[#This Row],[Month]]&" "&Table13[[#This Row],[FY]] -> Week 10, SEP FY21 | I116: =Table13[[#This Row],[Month]]&", "&Table13[[#This Row],[FY]] -> SEP, FY21 | J116: ="Q"&Table13[[#This Row],[QTR]]&", "&Table13[[#This Row],[FY]] -> Q1, FY21
A117: =A116+7 -> 44081 | B117: =B116+7 -> 44087 | C117: Week 11 | D117: SEP | E117: 1 | F117: FY21 | G117: =Table13[[#This Row],[Month]]&", "&Table13[[#This Row],[FY]] -> SEP, FY21 | H117: =Table13[[#This Row],[Week]]&", "&Table13[[#This Row],[Month]]&" "&Table13[[#This Row],[FY]] -> Week 11, SEP FY21 | I117: =Table13[[#This Row],[Month]]&", "&Table13[[#This Row],[FY]] -> SEP, FY21 | J117: ="Q"&Table13[[#This Row],[QTR]]&", "&Table13[[#This Row],[FY]] -> Q1, FY21
... A119: =A118+7 -> 44095 | B119: =B118+7 -> 44101 | C119: Week 13 | D119: SEP | E119: 2 | F119: FY21 | G119: =Table13[[#This Row],[Month]]&", "&Table13[[#This Row],[FY]] -> SEP, FY21 | H119: =Table13[[#This Row],[Week]]&", "&Table13[[#This Row],[Month]]&" "&Table13[[#This Row],[FY]] -> Week 13, SEP FY21 | I119: =Table13[[#This Row],[Month]]&", "&Table13[[#This Row],[FY]] -> SEP, FY21 | J119: ="Q"&Table13[[#This Row],[QTR]]&", "&Table13[[#This Row],[FY]] -> Q2, FY21
A120: =A119+7 -> 44102 | B120: =B119+7 -> 44108 | C120: Week 14 | D120: OCT | E120: =E107+1 -> 2 | F120: FY21 | G120: =Table13[[#This Row],[Month]]&", "&Table13[[#This Row],[FY]] -> OCT, FY21 | H120: =Table13[[#This Row],[Week]]&", "&Table13[[#This Row],[Month]]&" "&Table13[[#This Row],[FY]] -> Week 14, OCT FY21 | I120: =Table13[[#This Row],[Month]]&", "&Table13[[#This Row],[FY]] -> OCT, FY21 | J120: ="Q"&Table13[[#This Row],[QTR]]&", "&Table13[[#This Row],[FY]] -> Q2, FY21
A121: =A120+7 -> 44109 | B121: =B120+7 -> 44115 | C121: Week 15 | D121: OCT | E121: =E108+1 -> 2 | F121: FY21 | G121: =Table13[[#This Row],[Month]]&", "&Table13[[#This Row],[FY]] -> OCT, FY21 | H121: =Table13[[#This Row],[Week]]&", "&Table13[[#This Row],[Month]]&" "&Table13[[#This Row],[FY]] -> Week 15, OCT FY21 | I121: =Table13[[#This Row],[Month]]&", "&Table13[[#This Row],[FY]] -> OCT, FY21 | J121: ="Q"&Table13[[#This Row],[QTR]]&", "&Table13[[#This Row],[FY]] -> Q2, FY21
A122: =A121+7 -> 44116 | B122: =B121+7 -> 44122 | C122: Week 16 | D122: OCT | E122: =E109+1 -> 2 | F122: FY21 | G122: =Table13[[#This Row],[Month]]&", "&Table13[[#This Row],[FY]] -> OCT, FY21 | H122: =Table13[[#This Row],[Week]]&", "&Table13[[#This Row],[Month]]&" "&Table13[[#This Row],[FY]] -> Week 16, OCT FY21 | I122: =Table13[[#This Row],[Month]]&", "&Table13[[#This Row],[FY]] -> OCT, FY21 | J122: ="Q"&Table13[[#This Row],[QTR]]&", "&Table13[[#This Row],[FY]] -> Q2, FY21
A123: =A122+7 -> 44123 | B123: =B122+7 -> 44129 | C123: Week 17 | D123: OCT | E123: =E110+1 -> 2 | F123: FY21 | G123: =Table13[[#This Row],[Month]]&", "&Table13[[#This Row],[FY]] -> OCT, FY21 | H123: =Table13[[#This Row],[Week]]&", "&Table13[[#This Row],[Month]]&" "&Table13[[#This Row],[FY]] -> Week 17, OCT FY21 | I123: =Table13[[#This Row],[Month]]&", "&Table13[[#This Row],[FY]] -> OCT, FY21 | J123: ="Q"&Table13[[#This Row],[QTR]]&", "&Table13[[#This Row],[FY]] -> Q2, FY21
A124: =A123+7 -> 44130 | B124: =B123+7 -> 44136 | C124: Week 18 | D124: NOV | E124: =E111+1 -> 2 | F124: FY21 | G124: =Table13[[#This Row],[Month]]&", "&Table13[[#This Row],[FY]] -> NOV, FY21 | H124: =Table13[[#This Row],[Week]]&", "&Table13[[#This Row],[Month]]&" "&Table13[[#This Row],[FY]] -> Week 18, NOV FY21 | I124: =Table13[[#This Row],[Month]]&", "&Table13[[#This Row],[FY]] -> NOV, FY21 | J124: ="Q"&Table13[[#This Row],[QTR]]&", "&Table13[[#This Row],[FY]] -> Q2, FY21
A125: =A124+7 -> 44137 | B125: =B124+7 -> 44143 | C125: Week 19 | D125: NOV | E125: =E112+1 -> 2 | F125: FY21 | G125: =Table13[[#This Row],[Month]]&", "&Table13[[#This Row],[FY]] -> NOV, FY21 | H125: =Table13[[#This Row],[Week]]&", "&Table13[[#This Row],[Month]]&" "&Table13[[#This Row],[FY]] -> Week 19, NOV FY21 | I125: =Table13[[#This Row],[Month]]&", "&Table13[[#This Row],[FY]] -> NOV, FY21 | J125: ="Q"&Table13[[#This Row],[QTR]]&", "&Table13[[#This Row],[FY]] -> Q2, FY21
A126: =A125+7 -> 44144 | B126: =B125+7 -> 44150 | C126: Week 20 | D126: NOV | E126: =E113+1 -> 2 | F126: FY21 | G126: =Table13[[#This Row],[Month]]&", "&Table13[[#This Row],[FY]] -> NOV, FY21 | H126: =Table13[[#This Row],[Week]]&", "&Table13[[#This Row],[Month]]&" "&Table13[[#This Row],[FY]] -> Week 20, NOV FY21 | I126: =Table13[[#This Row],[Month]]&", "&Table13[[#This Row],[FY]] -> NOV, FY21 | J126: ="Q"&Table13[[#This Row],[QTR]]&", "&Table13[[#This Row],[FY]] -> Q2, FY21
A127: =A126+7 -> 44151 | B127: =B126+7 -> 44157 | C127: Week 21 | D127: NOV | E127: =E114+1 -> 2 | F127: FY21 | G127: =Table13[[#This Row],[Month]]&", "&Table13[[#This Row],[FY]] -> NOV, FY21 | H127: =Table13[[#This Row],[Week]]&", "&Table13[[#This Row],[Month]]&" "&Table13[[#This Row],[FY]] -> Week 21, NOV FY21 | I127: =Table13[[#This Row],[Month]]&", "&Table13[[#This Row],[FY]] -> NOV, FY21 | J127: ="Q"&Table13[[#This Row],[QTR]]&", "&Table13[[#This Row],[FY]] -> Q2, FY21
A128: =A127+7 -> 44158 | B128: =B127+7 -> 44164 | C128: Week 22 | D128: NOV | E128: =E115+1 -> 2 | F128: FY21 | G128: =Table13[[#This Row],[Month]]&", "&Table13[[#This Row],[FY]] -> NOV, FY21 | H128: =Table13[[#This Row],[Week]]&", "&Table13[[#This Row],[Month]]&" "&Table13[[#This Row],[FY]] -> Week 22, NOV FY21 | I128: =Table13[[#This Row],[Month]]&", "&Table13[[#This Row],[FY]] -> NOV, FY21 | J128: ="Q"&Table13[[#This Row],[QTR]]&", "&Table13[[#This Row],[FY]] -> Q2, FY21
...
