Workbook

Sheet MLA REPORT_Monthly View
B2: Mandatory Learning Activity | D2: Mandatory Learning Activities - Booked | J2: Mandatory Learning Activities - In Progress | P2: Mandatory Learning Activities - Complete | V2: Mandatory Learning Activities - Month
D3: MLA FEED 2 | E3: MLA FEED 2 | F3: MLA FEED 2 | G3: MLA FEED 2 | H3: MLA FEED 2 | J3: MLA FEED 2 | K3: MLA FEED 2 | L3: MLA FEED 2 | M3: MLA FEED 2 | N3: MLA FEED 2 | P3: MLA FEED 2 | Q3: MLA FEED 2 | R3: MLA FEED 2 | S3: MLA FEED 2 | T3: MLA FEED 2 | V3: MLA FEED | W3: MLA FEED | X3: MLA FEED | Y3: MLA FEED | Z3: MLA FEED
D4: FY24 | F4: FY25 | J4: FY24 | L4: FY25 | P4: FY24 | R4: FY25 | V4: FY24 | X4: FY25
D5: =D6&", "&D4 -> MAY, FY24 | E5: =D6&", "&D4 -> MAY, FY24 | F5: =F6&", "&F4 -> MAY, FY25 | G5: =F6&", "&F4 -> MAY, FY25 | J5: =J6&", "&J4 -> MAY, FY24 | K5: =J6&", "&J4 -> MAY, FY24 | L5: =L6&", "&L4 -> MAY, FY25 | M5: =L6&", "&L4 -> MAY, FY25 | P5: =P6&", "&P4 -> MAY, FY24 | Q5: =P6&", "&P4 -> MAY, FY24 | R5: =R6&", "&R4 -> MAY, FY25 | S5: =R6&", "&R4 -> MAY, FY25 | V5: =V6&", "&V4 -> MAY, FY24 | W5: =V6&", "&V4 -> MAY, FY24 | X5: =X6&", "&X4 -> MAY, FY25 | Y5: =X6&", "&X4 -> MAY, FY25
B6: Shared Services, FFM, SPG | D6: MAY | E6: YTD | F6: MAY | G6: YTD | H6: VAR | J6: MAY | K6: YTD | L6: MAY | M6: YTD | N6: VAR | P6: MAY | Q6: YTD | R6: MAY | S6: YTD | T6: VAR | V6: MAY | W6: YTD | X6: MAY | Y6: YTD | Z6: VAR
B7: Bullying, Harassment and Discrimination - Module 1 | D7: {=_xlfn.XLOOKUP($B7,INDIRECT("'"&D$3&"'!"&"$B3:$B14"),_xlfn.XLOOKUP(D$5,INDIRECT("'"&D$3&"'!"&"$C2:$AZ2"),INDIRECT("'"&D$3&"'!"&"$C3:$AZ14")))} -> 0 | E7: {=_xlfn.XLOOKUP(E$6&" "&$B7,INDIRECT("'"&E$3&"'!"&"$B17:$B28"),_xlfn.XLOOKUP(E$5,INDIRECT("'"&E$3&"'!"&"$C2:$AZ2"),INDIRECT("'"&E$3&"'!"&"$C17:$AZ28")))} -> 0 | F7: {=_xlfn.XLOOKUP($B7,INDIRECT("'"&F$3&"'!"&"$B3:$B14"),_xlfn.XLOOKUP(F$5,INDIRECT("'"&F$3&"'!"&"$C2:$AZ2"),INDIRECT("'"&F$3&"'!"&"$C3:$AZ14")))} -> 1 | G7: {=_xlfn.XLOOKUP(G$6&" "&$B7,INDIRECT("'"&G$3&"'!"&"$B17:$B28"),_xlfn.XLOOKUP(G$5,INDIRECT("'"&G$3&"'!"&"$C2:$AZ2"),INDIRECT("'"&G$3&"'!"&"$C17:$AZ28")))} -> 5 | H7: =G7-E7 -> 5 | J7: {=_xlfn.XLOOKUP($B7,INDIRECT("'"&J$3&"'!"&"$B32:$B43"),_xlfn.XLOOKUP(J$5,INDIRECT("'"&J$3&"'!"&"$C2:$AZ2"),INDIRECT("'"&J$3&"'!"&"$C32:$AZ43")))} -> 0 | K7: {=_xlfn.XLOOKUP(K$6&" "&$B7,INDIRECT("'"&K$3&"'!"&"$B46:$B57"),_xlfn.XLOOKUP(K$5,INDIRECT("'"&K$3&"'!"&"$C2:$AZ2"),INDIRECT("'"&K$3&"'!"&"$C46:$AZ57")))} -> 0 | L7: {=_xlfn.XLOOKUP($B7,INDIRECT("'"&L$3&"'!"&"$B32:$B43"),_xlfn.XLOOKUP(L$5,INDIRECT("'"&L$3&"'!"&"$C2:$AZ2"),INDIRECT("'"&L$3&"'!"&"$C32:$AZ43")))} -> 0 | M7: {=_xlfn.XLOOKUP(M$6&" "&$B7,INDIRECT("'"&M$3&"'!"&"$B46:$B57"),_xlfn.XLOOKUP(M$5,INDIRECT("'"&M$3&"'!"&"$C2:$AZ2"),INDIRECT("'"&M$3&"'!"&"$C46:$AZ57")))} -> 0 | N7: =M7-K7 -> 0 | P7: {=_xlfn.XLOOKUP($B7,INDIRECT("'"&P$3&"'!"&"$B61:$B72"),_xlfn.XLOOKUP(P$5,INDIRECT("'"&P$3&"'!"&"$C2:$AZ2"),INDIRECT("'"&P$3&"'!"&"$C61:$AZ72")))} -> 8 | Q7: {=_xlfn.XLOOKUP(Q$6&" "&$B7,INDIRECT("'"&Q$3&"'!"&"$B75:$B86"),_xlfn.XLOOKUP(Q$5,INDIRECT("'"&Q$3&"'!"&"$C2:$AZ2"),INDIRECT("'"&Q$3&"'!"&"$C75:$AZ86")))} -> 69 | R7: {=_xlfn.XLOOKUP($B7,INDIRECT("'"&R$3&"'!"&"$B61:$B72"),_xlfn.XLOOKUP(R$5,INDIRECT("'"&R$3&"'!"&"$C2:$AZ2"),INDIRECT("'"&R$3&"'!"&"$C61:$AZ72")))} -> 9 | S7: {=_xlfn.XLOOKUP(S$6&" "&$B7,INDIRECT("'"&S$3&"'!"&"$B75:$B86"),_xlfn.XLOOKUP(S$5,INDIRECT("'"&S$3&"'!"&"$C2:$AZ2"),INDIRECT("'"&S$3&"'!"&"$C75:$AZ86")))} -> 92 | T7: =S7-Q7 -> 23 | V7: {=_xlfn.XLOOKUP($B7,INDIRECT("'"&V$3&"'!"&"$B3:$B14"),_xlfn.XLOOKUP(V$5,INDIRECT("'"&V$3&"'!"&"$C2:$AZ2"),INDIRECT("'"&V$3&"'!"&"$C3:$AZ14")))} -> 8 | W7: {=_xlfn.XLOOKUP(W$6&" "&$B7,INDIRECT("'"&W$3&"'!"&"$B16:$B27"),_xlfn.XLOOKUP(W$5,INDIRECT("'"&W$3&"'!"&"$C2:$AZ2"),INDIRECT("'"&W$3&"'!"&"$C16:$AZ27")))} -> 69 | X7: {=_xlfn.XLOOKUP($B7,INDIRECT("'"&X$3&"'!"&"$B3:$B14"),_xlfn.XLOOKUP(X$5,INDIRECT("'"&X$3&"'!"&"$C2:$AZ2"),INDIRECT("'"&X$3&"'!"&"$C3:$AZ14")))} -> 10 | Y7: {=_xlfn.XLOOKUP(Y$6&" "&$B7,INDIRECT("'"&Y$3&"'!"&"$B16:$B27"),_xlfn.XLOOKUP(Y$5,INDIRECT("'"&Y$3&"'!"&"$C2:$AZ2"),INDIRECT("'"&Y$3&"'!"&"$C16:$AZ27")))} -> 97 | Z7: =Y7-W7 -> 28
B8: Bullying, Harassment and Discrimination - Module 2 | D8: {=_xlfn.XLOOKUP($B8,INDIRECT("'"&D$3&"'!"&"$B3:$B14"),_xlfn.XLOOKUP(D$5,INDIRECT("'"&D$3&"'!"&"$C2:$AZ2"),INDIRECT("'"&D$3&"'!"&"$C3:$AZ14")))} -> 0 | E8: {=_xlfn.XLOOKUP(E$6&" "&$B8,INDIRECT("'"&E$3&"'!"&"$B17:$B28"),_xlfn.XLOOKUP(E$5,INDIRECT("'"&E$3&"'!"&"$C2:$AZ2"),INDIRECT("'"&E$3&"'!"&"$C17:$AZ28")))} -> 0 | F8: {=_xlfn.XLOOKUP($B8,INDIRECT("'"&F$3&"'!"&"$B3:$B14"),_xlfn.XLOOKUP(F$5,INDIRECT("'"&F$3&"'!"&"$C2:$AZ2"),INDIRECT("'"&F$3&"'!"&"$C3:$AZ14")))} -> 1 | G8: {=_xlfn.XLOOKUP(G$6&" "&$B8,INDIRECT("'"&G$3&"'!"&"$B17:$B28"),_xlfn.XLOOKUP(G$5,INDIRECT("'"&G$3&"'!"&"$C2:$AZ2"),INDIRECT("'"&G$3&"'!"&"$C17:$AZ28")))} -> 5 | H8: =G8-E8 -> 5 | J8: {=_xlfn.XLOOKUP($B8,INDIRECT("'"&J$3&"'!"&"$B32:$B43"),_xlfn.XLOOKUP(J$5,INDIRECT("'"&J$3&"'!"&"$C2:$AZ2"),INDIRECT("'"&J$3&"'!"&"$C32:$AZ43")))} -> 0 | K8: {=_xlfn.XLOOKUP(K$6&" "&$B8,INDIRECT("'"&K$3&"'!"&"$B46:$B57"),_xlfn.XLOOKUP(K$5,INDIRECT("'"&K$3&"'!"&"$C2:$AZ2"),INDIRECT("'"&K$3&"'!"&"$C46:$AZ57")))} -> 0 | L8: {=_xlfn.XLOOKUP($B8,INDIRECT("'"&L$3&"'!"&"$B32:$B43"),_xlfn.XLOOKUP(L$5,INDIRECT("'"&L$3&"'!"&"$C2:$AZ2"),INDIRECT("'"&L$3&"'!"&"$C32:$AZ43")))} -> 0 | M8: {=_xlfn.XLOOKUP(M$6&" "&$B8,INDIRECT("'"&M$3&"'!"&"$B46:$B57"),_xlfn.XLOOKUP(M$5,INDIRECT("'"&M$3&"'!"&"$C2:$AZ2"),INDIRECT("'"&M$3&"'!"&"$C46:$AZ57")))} -> 0 | N8: =M8-K8 -> 0 | P8: {=_xlfn.XLOOKUP($B8,INDIRECT("'"&P$3&"'!"&"$B61:$B72"),_xlfn.XLOOKUP(P$5,INDIRECT("'"&P$3&"'!"&"$C2:$AZ2"),INDIRECT("'"&P$3&"'!"&"$C61:$AZ72")))} -> 9 | Q8: {=_xlfn.XLOOKUP(Q$6&" "&$B8,INDIRECT("'"&Q$3&"'!"&"$B75:$B86"),_xlfn.XLOOKUP(Q$5,INDIRECT("'"&Q$3&"'!"&"$C2:$AZ2"),INDIRECT("'"&Q$3&"'!"&"$C75:$AZ86")))} -> 74 | R8: {=_xlfn.XLOOKUP($B8,INDIRECT("'"&R$3&"'!"&"$B61:$B72"),_xlfn.XLOOKUP(R$5,INDIRECT("'"&R$3&"'!"&"$C2:$AZ2"),INDIRECT("'"&R$3&"'!"&"$C61:$AZ72")))} -> 9 | S8: {=_xlfn.XLOOKUP(S$6&" "&$B8,INDIRECT("'"&S$3&"'!"&"$B75:$B86"),_xlfn.XLOOKUP(S$5,INDIRECT("'"&S$3&"'!"&"$C2:$AZ2"),INDIRECT("'"&S$3&"'!"&"$C75:$AZ86")))} -> 91 | T8: =S8-Q8 -> 17 | V8: {=_xlfn.XLOOKUP($B8,INDIRECT("'"&V$3&"'!"&"$B3:$B14"),_xlfn.XLOOKUP(V$5,INDIRECT("'"&V$3&"'!"&"$C2:$AZ2"),INDIRECT("'"&V$3&"'!"&"$C3:$AZ14")))} -> 9 | W8: {=_xlfn.XLOOKUP(W$6&" "&$B8,INDIRECT("'"&W$3&"'!"&"$B16:$B27"),_xlfn.XLOOKUP(W$5,INDIRECT("'"&W$3&"'!"&"$C2:$AZ2"),INDIRECT("'"&W$3&"'!"&"$C16:$AZ27")))} -> 74 | X8: {=_xlfn.XLOOKUP($B8,INDIRECT("'"&X$3&"'!"&"$B3:$B14"),_xlfn.XLOOKUP(X$5,INDIRECT("'"&X$3&"'!"&"$C2:$AZ2"),INDIRECT("'"&X$3&"'!"&"$C3:$AZ14")))} -> 10 | Y8: {=_xlfn.XLOOKUP(Y$6&" "&$B8,INDIRECT("'"&Y$3&"'!"&"$B16:$B27"),_xlfn.XLOOKUP(Y$5,INDIRECT("'"&Y$3&"'!"&"$C2:$AZ2"),INDIRECT("'"&Y$3&"'!"&"$C16:$AZ27")))} -> 96 | Z8: =Y8-W8 -> 22
B9: Bullying, Harassment and Discrimination for Team Leaders/Line Managers | D9: {=_xlfn.XLOOKUP($B9,INDIRECT("'"&D$3&"'!"&"$B3:$B14"),_xlfn.XLOOKUP(D$5,INDIRECT("'"&D$3&"'!"&"$C2:$AZ2"),INDIRECT("'"&D$3&"'!"&"$C3:$AZ14")))} -> 0 | E9: {=_xlfn.XLOOKUP(E$6&" "&$B9,INDIRECT("'"&E$3&"'!"&"$B17:$B28"),_xlfn.XLOOKUP(E$5,INDIRECT("'"&E$3&"'!"&"$C2:$AZ2"),INDIRECT("'"&E$3&"'!"&"$C17:$AZ28")))} -> 0 | F9: {=_xlfn.XLOOKUP($B9,INDIRECT("'"&F$3&"'!"&"$B3:$B14"),_xlfn.XLOOKUP(F$5,INDIRECT("'"&F$3&"'!"&"$C2:$AZ2"),INDIRECT("'"&F$3&"'!"&"$C3:$AZ14")))} -> 0 | G9: {=_xlfn.XLOOKUP(G$6&" "&$B9,INDIRECT("'"&G$3&"'!"&"$B17:$B28"),_xlfn.XLOOKUP(G$5,INDIRECT("'"&G$3&"'!"&"$C2:$AZ2"),INDIRECT("'"&G$3&"'!"&"$C17:$AZ28")))} -> 0 | H9: =G9-E9 -> 0 | J9: {=_xlfn.XLOOKUP($B9,INDIRECT("'"&J$3&"'!"&"$B32:$B43"),_xlfn.XLOOKUP(J$5,INDIRECT("'"&J$3&"'!"&"$C2:$AZ2"),INDIRECT("'"&J$3&"'!"&"$C32:$AZ43")))} -> 0 | K9: {=_xlfn.XLOOKUP(K$6&" "&$B9,INDIRECT("'"&K$3&"'!"&"$B46:$B57"),_xlfn.XLOOKUP(K$5,INDIRECT("'"&K$3&"'!"&"$C2:$AZ2"),INDIRECT("'"&K$3&"'!"&"$C46:$AZ57")))} -> 0 | L9: {=_xlfn.XLOOKUP($B9,INDIRECT("'"&L$3&"'!"&"$B32:$B43"),_xlfn.XLOOKUP(L$5,INDIRECT("'"&L$3&"'!"&"$C2:$AZ2"),INDIRECT("'"&L$3&"'!"&"$C32:$AZ43")))} -> 0 | M9: {=_xlfn.XLOOKUP(M$6&" "&$B9,INDIRECT("'"&M$3&"'!"&"$B46:$B57"),_xlfn.XLOOKUP(M$5,INDIRECT("'"&M$3&"'!"&"$C2:$AZ2"),INDIRECT("'"&M$3&"'!"&"$C46:$AZ57")))} -> 0 | N9: =M9-K9 -> 0 | P9: {=_xlfn.XLOOKUP($B9,INDIRECT("'"&P$3&"'!"&"$B61:$B72"),_xlfn.XLOOKUP(P$5,INDIRECT("'"&P$3&"'!"&"$C2:$AZ2"),INDIRECT("'"&P$3&"'!"&"$C61:$AZ72")))} -> 0 | Q9: {=_xlfn.XLOOKUP(Q$6&" "&$B9,INDIRECT("'"&Q$3&"'!"&"$B75:$B86"),_xlfn.XLOOKUP(Q$5,INDIRECT("'"&Q$3&"'!"&"$C2:$AZ2"),INDIRECT("'"&Q$3&"'!"&"$C75:$AZ86")))} -> 3 | R9: {=_xlfn.XLOOKUP($B9,INDIRECT("'"&R$3&"'!"&"$B61:$B72"),_xlfn.XLOOKUP(R$5,INDIRECT("'"&R$3&"'!"&"$C2:$AZ2"),INDIRECT("'"&R$3&"'!"&"$C61:$AZ72")))} -> 0 | S9: {=_xlfn.XLOOKUP(S$6&" "&$B9,INDIRECT("'"&S$3&"'!"&"$B75:$B86"),_xlfn.XLOOKUP(S$5,INDIRECT("'"&S$3&"'!"&"$C2:$AZ2"),INDIRECT("'"&S$3&"'!"&"$C75:$AZ86")))} -> 6 | T9: =S9-Q9 -> 3 | V9: {=_xlfn.XLOOKUP($B9,INDIRECT("'"&V$3&"'!"&"$B3:$B14"),_xlfn.XLOOKUP(V$5,INDIRECT("'"&V$3&"'!"&"$C2:$AZ2"),INDIRECT("'"&V$3&"'!"&"$C3:$AZ14")))} -> 0 | W9: {=_xlfn.XLOOKUP(W$6&" "&$B9,INDIRECT("'"&W$3&"'!"&"$B16:$B27"),_xlfn.XLOOKUP(W$5,INDIRECT("'"&W$3&"'!"&"$C2:$AZ2"),INDIRECT("'"&W$3&"'!"&"$C16:$AZ27")))} -> 3 | X9: {=_xlfn.XLOOKUP($B9,INDIRECT("'"&X$3&"'!"&"$B3:$B14"),_xlfn.XLOOKUP(X$5,INDIRECT("'"&X$3&"'!"&"$C2:$AZ2"),INDIRECT("'"&X$3&"'!"&"$C3:$AZ14")))} -> 0 | Y9: {=_xlfn.XLOOKUP(Y$6&" "&$B9,INDIRECT("'"&Y$3&"'!"&"$B16:$B27"),_xlfn.XLOOKUP(Y$5,INDIRECT("'"&Y$3&"'!"&"$C2:$AZ2"),INDIRECT("'"&Y$3&"'!"&"$C16:$AZ27")))} -> 6 | Z9: =Y9-W9 -> 3
B10: Cyber Security Awareness - Business Email Compromise Scams | D10: {=_xlfn.XLOOKUP($B10,INDIRECT("'"&D$3&"'!"&"$B3:$B14"),_xlfn.XLOOKUP(D$5,INDIRECT("'"&D$3&"'!"&"$C2:$AZ2"),INDIRECT("'"&D$3&"'!"&"$C3:$AZ14")))} -> 0 | E10: {=_xlfn.XLOOKUP(E$6&" "&$B10,INDIRECT("'"&E$3&"'!"&"$B17:$B28"),_xlfn.XLOOKUP(E$5,INDIRECT("'"&E$3&"'!"&"$C2:$AZ2"),INDIRECT("'"&E$3&"'!"&"$C17:$AZ28")))} -> 100 | F10: {=_xlfn.XLOOKUP($B10,INDIRECT("'"&F$3&"'!"&"$B3:$B14"),_xlfn.XLOOKUP(F$5,INDIRECT("'"&F$3&"'!"&"$C2:$AZ2"),INDIRECT("'"&F$3&"'!"&"$C3:$AZ14")))} -> 28 | G10: {=_xlfn.XLOOKUP(G$6&" "&$B10,INDIRECT("'"&G$3&"'!"&"$B17:$B28"),_xlfn.XLOOKUP(G$5,INDIRECT("'"&G$3&"'!"&"$C2:$AZ2"),INDIRECT("'"&G$3&"'!"&"$C17:$AZ28")))} -> 61 | H10: =G10-E10 -> -39 | J10: {=_xlfn.XLOOKUP($B10,INDIRECT("'"&J$3&"'!"&"$B32:$B43"),_xlfn.XLOOKUP(J$5,INDIRECT("'"&J$3&"'!"&"$C2:$AZ2"),INDIRECT("'"&J$3&"'!"&"$C32:$AZ43")))} -> 0 | K10: {=_xlfn.XLOOKUP(K$6&" "&$B10,INDIRECT("'"&K$3&"'!"&"$B46:$B57"),_xlfn.XLOOKUP(K$5,INDIRECT("'"&K$3&"'!"&"$C2:$AZ2"),INDIRECT("'"&K$3&"'!"&"$C46:$AZ57")))} -> 1 | L10: {=_xlfn.XLOOKUP($B10,INDIRECT("'"&L$3&"'!"&"$B32:$B43"),_xlfn.XLOOKUP(L$5,INDIRECT("'"&L$3&"'!"&"$C2:$AZ2"),INDIRECT("'"&L$3&"'!"&"$C32:$AZ43")))} -> 0 | M10: {=_xlfn.XLOOKUP(M$6&" "&$B10,INDIRECT("'"&M$3&"'!"&"$B46:$B57"),_xlfn.XLOOKUP(M$5,INDIRECT("'"&M$3&"'!"&"$C2:$AZ2"),INDIRECT("'"&M$3&"'!"&"$C46:$AZ57")))} -> 5 | N10: =M10-K10 -> 4 | P10: {=_xlfn.XLOOKUP($B10,INDIRECT("'"&P$3&"'!"&"$B61:$B72"),_xlfn.XLOOKUP(P$5,INDIRECT("'"&P$3&"'!"&"$C2:$AZ2"),INDIRECT("'"&P$3&"'!"&"$C61:$AZ72")))} -> 61 | Q10: {=_xlfn.XLOOKUP(Q$6&" "&$B10,INDIRECT("'"&Q$3&"'!"&"$B75:$B86"),_xlfn.XLOOKUP(Q$5,INDIRECT("'"&Q$3&"'!"&"$C2:$AZ2"),INDIRECT("'"&Q$3&"'!"&"$C75:$AZ86")))} -> 117 | R10: {=_xlfn.XLOOKUP($B10,INDIRECT("'"&R$3&"'!"&"$B61:$B72"),_xlfn.XLOOKUP(R$5,INDIRECT("'"&R$3&"'!"&"$C2:$AZ2"),INDIRECT("'"&R$3&"'!"&"$C61:$AZ72")))} -> 60 | S10: {=_xlfn.XLOOKUP(S$6&" "&$B10,INDIRECT("'"&S$3&"'!"&"$B75:$B86"),_xlfn.XLOOKUP(S$5,INDIRECT("'"&S$3&"'!"&"$C2:$AZ2"),INDIRECT("'"&S$3&"'!"&"$C75:$AZ86")))} -> 188 | T10: =S10-Q10 -> 71 | V10: {=_xlfn.XLOOKUP($B10,INDIRECT("'"&V$3&"'!"&"$B3:$B14"),_xlfn.XLOOKUP(V$5,INDIRECT("'"&V$3&"'!"&"$C2:$AZ2"),INDIRECT("'"&V$3&"'!"&"$C3:$AZ14")))} -> 61 | W10: {=_xlfn.XLOOKUP(W$6&" "&$B10,INDIRECT("'"&W$3&"'!"&"$B16:$B27"),_xlfn.XLOOKUP(W$5,INDIRECT("'"&W$3&"'!"&"$C2:$AZ2"),INDIRECT("'"&W$3&"'!"&"$C16:$AZ27")))} -> 218 | X10: {=_xlfn.XLOOKUP($B10,INDIRECT("'"&X$3&"'!"&"$B3:$B14"),_xlfn.XLOOKUP(X$5,INDIRECT("'"&X$3&"'!"&"$C2:$AZ2"),INDIRECT("'"&X$3&"'!"&"$C3:$AZ14")))} -> 88 | Y10: {=_xlfn.XLOOKUP(Y$6&" "&$B10,INDIRECT("'"&Y$3&"'!"&"$B16:$B27"),_xlfn.XLOOKUP(Y$5,INDIRECT("'"&Y$3&"'!"&"$C2:$AZ2"),INDIRECT("'"&Y$3&"'!"&"$C16:$AZ27")))} -> 254 | Z10: =Y10-W10 -> 36
B11: Cyber Security Awareness - Introduction | D11: {=_xlfn.XLOOKUP($B11,INDIRECT("'"&D$3&"'!"&"$B3:$B14"),_xlfn.XLOOKUP(D$5,INDIRECT("'"&D$3&"'!"&"$C2:$AZ2"),INDIRECT("'"&D$3&"'!"&"$C3:$AZ14")))} -> 0 | E11: {=_xlfn.XLOOKUP(E$6&" "&$B11,INDIRECT("'"&E$3&"'!"&"$B17:$B28"),_xlfn.XLOOKUP(E$5,INDIRECT("'"&E$3&"'!"&"$C2:$AZ2"),INDIRECT("'"&E$3&"'!"&"$C17:$AZ28")))} -> 89 | F11: {=_xlfn.XLOOKUP($B11,INDIRECT("'"&F$3&"'!"&"$B3:$B14"),_xlfn.XLOOKUP(F$5,INDIRECT("'"&F$3&"'!"&"$C2:$AZ2"),INDIRECT("'"&F$3&"'!"&"$C3:$AZ14")))} -> 24 | G11: {=_xlfn.XLOOKUP(G$6&" "&$B11,INDIRECT("'"&G$3&"'!"&"$B17:$B28"),_xlfn.XLOOKUP(G$5,INDIRECT("'"&G$3&"'!"&"$C2:$AZ2"),INDIRECT("'"&G$3&"'!"&"$C17:$AZ28")))} -> 57 | H11: =G11-E11 -> -32 | J11: {=_xlfn.XLOOKUP($B11,INDIRECT("'"&J$3&"'!"&"$B32:$B43"),_xlfn.XLOOKUP(J$5,INDIRECT("'"&J$3&"'!"&"$C2:$AZ2"),INDIRECT("'"&J$3&"'!"&"$C32:$AZ43")))} -> 0 | K11: {=_xlfn.XLOOKUP(K$6&" "&$B11,INDIRECT("'"&K$3&"'!"&"$B46:$B57"),_xlfn.XLOOKUP(K$5,INDIRECT("'"&K$3&"'!"&"$C2:$AZ2"),INDIRECT("'"&K$3&"'!"&"$C46:$AZ57")))} -> 2 | L11: {=_xlfn.XLOOKUP($B11,INDIRECT("'"&L$3&"'!"&"$B32:$B43"),_xlfn.XLOOKUP(L$5,INDIRECT("'"&L$3&"'!"&"$C2:$AZ2"),INDIRECT("'"&L$3&"'!"&"$C32:$AZ43")))} -> 0 | M11: {=_xlfn.XLOOKUP(M$6&" "&$B11,INDIRECT("'"&M$3&"'!"&"$B46:$B57"),_xlfn.XLOOKUP(M$5,INDIRECT("'"&M$3&"'!"&"$C2:$AZ2"),INDIRECT("'"&M$3&"'!"&"$C46:$AZ57")))} -> 3 | N11: =M11-K11 -> 1 | P11: {=_xlfn.XLOOKUP($B11,INDIRECT("'"&P$3&"'!"&"$B61:$B72"),_xlfn.XLOOKUP(P$5,INDIRECT("'"&P$3&"'!"&"$C2:$AZ2"),INDIRECT("'"&P$3&"'!"&"$C61:$AZ72")))} -> 62 | Q11: {=_xlfn.XLOOKUP(Q$6&" "&$B11,INDIRECT("'"&Q$3&"'!"&"$B75:$B86"),_xlfn.XLOOKUP(Q$5,INDIRECT("'"&Q$3&"'!"&"$C2:$AZ2"),INDIRECT("'"&Q$3&"'!"&"$C75:$AZ86")))} -> 125 | R11: {=_xlfn.XLOOKUP($B11,INDIRECT("'"&R$3&"'!"&"$B61:$B72"),_xlfn.XLOOKUP(R$5,INDIRECT("'"&R$3&"'!"&"$C2:$AZ2"),INDIRECT("'"&R$3&"'!"&"$C61:$AZ72")))} -> 66 | S11: {=_xlfn.XLOOKUP(S$6&" "&$B11,INDIRECT("'"&S$3&"'!"&"$B75:$B86"),_xlfn.XLOOKUP(S$5,INDIRECT("'"&S$3&"'!"&"$C2:$AZ2"),INDIRECT("'"&S$3&"'!"&"$C75:$AZ86")))} -> 196 | T11: =S11-Q11 -> 71 | V11: {=_xlfn.XLOOKUP($B11,INDIRECT("'"&V$3&"'!"&"$B3:$B14"),_xlfn.XLOOKUP(V$5,INDIRECT("'"&V$3&"'!"&"$C2:$AZ2"),INDIRECT("'"&V$3&"'!"&"$C3:$AZ14")))} -> 62 | W11: {=_xlfn.XLOOKUP(W$6&" "&$B11,INDIRECT("'"&W$3&"'!"&"$B16:$B27"),_xlfn.XLOOKUP(W$5,INDIRECT("'"&W$3&"'!"&"$C2:$AZ2"),INDIRECT("'"&W$3&"'!"&"$C16:$AZ27")))} -> 216 | X11: {=_xlfn.XLOOKUP($B11,INDIRECT("'"&X$3&"'!"&"$B3:$B14"),_xlfn.XLOOKUP(X$5,INDIRECT("'"&X$3&"'!"&"$C2:$AZ2"),INDIRECT("'"&X$3&"'!"&"$C3:$AZ14")))} -> 90 | Y11: {=_xlfn.XLOOKUP(Y$6&" "&$B11,INDIRECT("'"&Y$3&"'!"&"$B16:$B27"),_xlfn.XLOOKUP(Y$5,INDIRECT("'"&Y$3&"'!"&"$C2:$AZ2"),INDIRECT("'"&Y$3&"'!"&"$C16:$AZ27")))} -> 256 | Z11: =Y11-W11 -> 40
B12: Cyber Security Awareness - Malicious Links | D12: {=_xlfn.XLOOKUP($B12,INDIRECT("'"&D$3&"'!"&"$B3:$B14"),_xlfn.XLOOKUP(D$5,INDIRECT("'"&D$3&"'!"&"$C2:$AZ2"),INDIRECT("'"&D$3&"'!"&"$C3:$AZ14")))} -> 0 | E12: {=_xlfn.XLOOKUP(E$6&" "&$B12,INDIRECT("'"&E$3&"'!"&"$B17:$B28"),_xlfn.XLOOKUP(E$5,INDIRECT("'"&E$3&"'!"&"$C2:$AZ2"),INDIRECT("'"&E$3&"'!"&"$C17:$AZ28")))} -> 102 | F12: {=_xlfn.XLOOKUP($B12,INDIRECT("'"&F$3&"'!"&"$B3:$B14"),_xlfn.XLOOKUP(F$5,INDIRECT("'"&F$3&"'!"&"$C2:$AZ2"),INDIRECT("'"&F$3&"'!"&"$C3:$AZ14")))} -> 27 | G12: {=_xlfn.XLOOKUP(G$6&" "&$B12,INDIRECT("'"&G$3&"'!"&"$B17:$B28"),_xlfn.XLOOKUP(G$5,INDIRECT("'"&G$3&"'!"&"$C2:$AZ2"),INDIRECT("'"&G$3&"'!"&"$C17:$AZ28")))} -> 60 | H12: =G12-E12 -> -42 | J12: {=_xlfn.XLOOKUP($B12,INDIRECT("'"&J$3&"'!"&"$B32:$B43"),_xlfn.XLOOKUP(J$5,INDIRECT("'"&J$3&"'!"&"$C2:$AZ2"),INDIRECT("'"&J$3&"'!"&"$C32:$AZ43")))} -> 0 | K12: {=_xlfn.XLOOKUP(K$6&" "&$B12,INDIRECT("'"&K$3&"'!"&"$B46:$B57"),_xlfn.XLOOKUP(K$5,INDIRECT("'"&K$3&"'!"&"$C2:$AZ2"),INDIRECT("'"&K$3&"'!"&"$C46:$AZ57")))} -> 0 | L12: {=_xlfn.XLOOKUP($B12,INDIRECT("'"&L$3&"'!"&"$B32:$B43"),_xlfn.XLOOKUP(L$5,INDIRECT("'"&L$3&"'!"&"$C2:$AZ2"),INDIRECT("'"&L$3&"'!"&"$C32:$AZ43")))} -> 0 | M12: {=_xlfn.XLOOKUP(M$6&" "&$B12,INDIRECT("'"&M$3&"'!"&"$B46:$B57"),_xlfn.XLOOKUP(M$5,INDIRECT("'"&M$3&"'!"&"$C2:$AZ2"),INDIRECT("'"&M$3&"'!"&"$C46:$AZ57")))} -> 3 | N12: =M12-K12 -> 3 | P12: {=_xlfn.XLOOKUP($B12,INDIRECT("'"&P$3&"'!"&"$B61:$B72"),_xlfn.XLOOKUP(P$5,INDIRECT("'"&P$3&"'!"&"$C2:$AZ2"),INDIRECT("'"&P$3&"'!"&"$C61:$AZ72")))} -> 59 | Q12: {=_xlfn.XLOOKUP(Q$6&" "&$B12,INDIRECT("'"&Q$3&"'!"&"$B75:$B86"),_xlfn.XLOOKUP(Q$5,INDIRECT("'"&Q$3&"'!"&"$C2:$AZ2"),INDIRECT("'"&Q$3&"'!"&"$C75:$AZ86")))} -> 118 | R12: {=_xlfn.XLOOKUP($B12,INDIRECT("'"&R$3&"'!"&"$B61:$B72"),_xlfn.XLOOKUP(R$5,INDIRECT("'"&R$3&"'!"&"$C2:$AZ2"),INDIRECT("'"&R$3&"'!"&"$C61:$AZ72")))} -> 64 | S12: {=_xlfn.XLOOKUP(S$6&" "&$B12,INDIRECT("'"&S$3&"'!"&"$B75:$B86"),_xlfn.XLOOKUP(S$5,INDIRECT("'"&S$3&"'!"&"$C2:$AZ2"),INDIRECT("'"&S$3&"'!"&"$C75:$AZ86")))} -> 187 | T12: =S12-Q12 -> 69 | V12: {=_xlfn.XLOOKUP($B12,INDIRECT("'"&V$3&"'!"&"$B3:$B14"),_xlfn.XLOOKUP(V$5,INDIRECT("'"&V$3&"'!"&"$C2:$AZ2"),INDIRECT("'"&V$3&"'!"&"$C3:$AZ14")))} -> 59 | W12: {=_xlfn.XLOOKUP(W$6&" "&$B12,INDIRECT("'"&W$3&"'!"&"$B16:$B27"),_xlfn.XLOOKUP(W$5,INDIRECT("'"&W$3&"'!"&"$C2:$AZ2"),INDIRECT("'"&W$3&"'!"&"$C16:$AZ27")))} -> 220 | X12: {=_xlfn.XLOOKUP($B12,INDIRECT("'"&X$3&"'!"&"$B3:$B14"),_xlfn.XLOOKUP(X$5,INDIRECT("'"&X$3&"'!"&"$C2:$AZ2"),INDIRECT("'"&X$3&"'!"&"$C3:$AZ14")))} -> 91 | Y12: {=_xlfn.XLOOKUP(Y$6&" "&$B12,INDIRECT("'"&Y$3&"'!"&"$B16:$B27"),_xlfn.XLOOKUP(Y$5,INDIRECT("'"&Y$3&"'!"&"$C2:$AZ2"),INDIRECT("'"&Y$3&"'!"&"$C16:$AZ27")))} -> 250 | Z12: =Y12-W12 -> 30
B13: Cyber Security Awareness - Surfing the Web | D13: {=_xlfn.XLOOKUP($B13,INDIRECT("'"&D$3&"'!"&"$B3:$B14"),_xlfn.XLOOKUP(D$5,INDIRECT("'"&D$3&"'!"&"$C2:$AZ2"),INDIRECT("'"&D$3&"'!"&"$C3:$AZ14")))} -> 0 | E13: {=_xlfn.XLOOKUP(E$6&" "&$B13,INDIRECT("'"&E$3&"'!"&"$B17:$B28"),_xlfn.XLOOKUP(E$5,INDIRECT("'"&E$3&"'!"&"$C2:$AZ2"),INDIRECT("'"&E$3&"'!"&"$C17:$AZ28")))} -> 108 | F13: {=_xlfn.XLOOKUP($B13,INDIRECT("'"&F$3&"'!"&"$B3:$B14"),_xlfn.XLOOKUP(F$5,INDIRECT("'"&F$3&"'!"&"$C2:$AZ2"),INDIRECT("'"&F$3&"'!"&"$C3:$AZ14")))} -> 26 | G13: {=_xlfn.XLOOKUP(G$6&" "&$B13,INDIRECT("'"&G$3&"'!"&"$B17:$B28"),_xlfn.XLOOKUP(G$5,INDIRECT("'"&G$3&"'!"&"$C2:$AZ2"),INDIRECT("'"&G$3&"'!"&"$C17:$AZ28")))} -> 62 | H13: =G13-E13 -> -46 | J13: {=_xlfn.XLOOKUP($B13,INDIRECT("'"&J$3&"'!"&"$B32:$B43"),_xlfn.XLOOKUP(J$5,INDIRECT("'"&J$3&"'!"&"$C2:$AZ2"),INDIRECT("'"&J$3&"'!"&"$C32:$AZ43")))} -> 1 | K13: {=_xlfn.XLOOKUP(K$6&" "&$B13,INDIRECT("'"&K$3&"'!"&"$B46:$B57"),_xlfn.XLOOKUP(K$5,INDIRECT("'"&K$3&"'!"&"$C2:$AZ2"),INDIRECT("'"&K$3&"'!"&"$C46:$AZ57")))} -> 1 | L13: {=_xlfn.XLOOKUP($B13,INDIRECT("'"&L$3&"'!"&"$B32:$B43"),_xlfn.XLOOKUP(L$5,INDIRECT("'"&L$3&"'!"&"$C2:$AZ2"),INDIRECT("'"&L$3&"'!"&"$C32:$AZ43")))} -> 0 | M13: {=_xlfn.XLOOKUP(M$6&" "&$B13,INDIRECT("'"&M$3&"'!"&"$B46:$B57"),_xlfn.XLOOKUP(M$5,INDIRECT("'"&M$3&"'!"&"$C2:$AZ2"),INDIRECT("'"&M$3&"'!"&"$C46:$AZ57")))} -> 3 | N13: =M13-K13 -> 2 | P13: {=_xlfn.XLOOKUP($B13,INDIRECT("'"&P$3&"'!"&"$B61:$B72"),_xlfn.XLOOKUP(P$5,INDIRECT("'"&P$3&"'!"&"$C2:$AZ2"),INDIRECT("'"&P$3&"'!"&"$C61:$AZ72")))} -> 58 | Q13: {=_xlfn.XLOOKUP(Q$6&" "&$B13,INDIRECT("'"&Q$3&"'!"&"$B75:$B86"),_xlfn.XLOOKUP(Q$5,INDIRECT("'"&Q$3&"'!"&"$C2:$AZ2"),INDIRECT("'"&Q$3&"'!"&"$C75:$AZ86")))} -> 115 | R13: {=_xlfn.XLOOKUP($B13,INDIRECT("'"&R$3&"'!"&"$B61:$B72"),_xlfn.XLOOKUP(R$5,INDIRECT("'"&R$3&"'!"&"$C2:$AZ2"),INDIRECT("'"&R$3&"'!"&"$C61:$AZ72")))} -> 59 | S13: {=_xlfn.XLOOKUP(S$6&" "&$B13,INDIRECT("'"&S$3&"'!"&"$B75:$B86"),_xlfn.XLOOKUP(S$5,INDIRECT("'"&S$3&"'!"&"$C2:$AZ2"),INDIRECT("'"&S$3&"'!"&"$C75:$AZ86")))} -> 180 | T13: =S13-Q13 -> 65 | V13: {=_xlfn.XLOOKUP($B13,INDIRECT("'"&V$3&"'!"&"$B3:$B14"),_xlfn.XLOOKUP(V$5,INDIRECT("'"&V$3&"'!"&"$C2:$AZ2"),INDIRECT("'"&V$3&"'!"&"$C3:$AZ14")))} -> 59 | W13: {=_xlfn.XLOOKUP(W$6&" "&$B13,INDIRECT("'"&W$3&"'!"&"$B16:$B27"),_xlfn.XLOOKUP(W$5,INDIRECT("'"&W$3&"'!"&"$C2:$AZ2"),INDIRECT("'"&W$3&"'!"&"$C16:$AZ27")))} -> 224 | X13: {=_xlfn.XLOOKUP($B13,INDIRECT("'"&X$3&"'!"&"$B3:$B14"),_xlfn.XLOOKUP(X$5,INDIRECT("'"&X$3&"'!"&"$C2:$AZ2"),INDIRECT("'"&X$3&"'!"&"$C3:$AZ14")))} -> 85 | Y13: {=_xlfn.XLOOKUP(Y$6&" "&$B13,INDIRECT("'"&Y$3&"'!"&"$B16:$B27"),_xlfn.XLOOKUP(Y$5,INDIRECT("'"&Y$3&"'!"&"$C2:$AZ2"),INDIRECT("'"&Y$3&"'!"&"$C16:$AZ27")))} -> 245 | Z13: =Y13-W13 -> 21
B14: Cyber Security Toolkit | D14: {=_xlfn.XLOOKUP($B14,INDIRECT("'"&D$3&"'!"&"$B3:$B14"),_xlfn.XLOOKUP(D$5,INDIRECT("'"&D$3&"'!"&"$C2:$AZ2"),INDIRECT("'"&D$3&"'!"&"$C3:$AZ14")))} -> 0 | E14: {=_xlfn.XLOOKUP(E$6&" "&$B14,INDIRECT("'"&E$3&"'!"&"$B17:$B28"),_xlfn.XLOOKUP(E$5,INDIRECT("'"&E$3&"'!"&"$C2:$AZ2"),INDIRECT("'"&E$3&"'!"&"$C17:$AZ28")))} -> 111 | F14: {=_xlfn.XLOOKUP($B14,INDIRECT("'"&F$3&"'!"&"$B3:$B14"),_xlfn.XLOOKUP(F$5,INDIRECT("'"&F$3&"'!"&"$C2:$AZ2"),INDIRECT("'"&F$3&"'!"&"$C3:$AZ14")))} -> 25 | G14: {=_xlfn.XLOOKUP(G$6&" "&$B14,INDIRECT("'"&G$3&"'!"&"$B17:$B28"),_xlfn.XLOOKUP(G$5,INDIRECT("'"&G$3&"'!"&"$C2:$AZ2"),INDIRECT("'"&G$3&"'!"&"$C17:$AZ28")))} -> 63 | H14: =G14-E14 -> -48 | J14: {=_xlfn.XLOOKUP($B14,INDIRECT("'"&J$3&"'!"&"$B32:$B43"),_xlfn.XLOOKUP(J$5,INDIRECT("'"&J$3&"'!"&"$C2:$AZ2"),INDIRECT("'"&J$3&"'!"&"$C32:$AZ43")))} -> 0 | K14: {=_xlfn.XLOOKUP(K$6&" "&$B14,INDIRECT("'"&K$3&"'!"&"$B46:$B57"),_xlfn.XLOOKUP(K$5,INDIRECT("'"&K$3&"'!"&"$C2:$AZ2"),INDIRECT("'"&K$3&"'!"&"$C46:$AZ57")))} -> 0 | L14: {=_xlfn.XLOOKUP($B14,INDIRECT("'"&L$3&"'!"&"$B32:$B43"),_xlfn.XLOOKUP(L$5,INDIRECT("'"&L$3&"'!"&"$C2:$AZ2"),INDIRECT("'"&L$3&"'!"&"$C32:$AZ43")))} -> 0 | M14: {=_xlfn.XLOOKUP(M$6&" "&$B14,INDIRECT("'"&M$3&"'!"&"$B46:$B57"),_xlfn.XLOOKUP(M$5,INDIRECT("'"&M$3&"'!"&"$C2:$AZ2"),INDIRECT("'"&M$3&"'!"&"$C46:$AZ57")))} -> 0 | N14: =M14-K14 -> 0 | P14: {=_xlfn.XLOOKUP($B14,INDIRECT("'"&P$3&"'!"&"$B61:$B72"),_xlfn.XLOOKUP(P$5,INDIRECT("'"&P$3&"'!"&"$C2:$AZ2"),INDIRECT("'"&P$3&"'!"&"$C61:$AZ72")))} -> 57 | Q14: {=_xlfn.XLOOKUP(Q$6&" "&$B14,INDIRECT("'"&Q$3&"'!"&"$B75:$B86"),_xlfn.XLOOKUP(Q$5,INDIRECT("'"&Q$3&"'!"&"$C2:$AZ2"),INDIRECT("'"&Q$3&"'!"&"$C75:$AZ86")))} -> 113 | R14: {=_xlfn.XLOOKUP($B14,INDIRECT("'"&R$3&"'!"&"$B61:$B72"),_xlfn.XLOOKUP(R$5,INDIRECT("'"&R$3&"'!"&"$C2:$AZ2"),INDIRECT("'"&R$3&"'!"&"$C61:$AZ72")))} -> 63 | S14: {=_xlfn.XLOOKUP(S$6&" "&$B14,INDIRECT("'"&S$3&"'!"&"$B75:$B86"),_xlfn.XLOOKUP(S$5,INDIRECT("'"&S$3&"'!"&"$C2:$AZ2"),INDIRECT("'"&S$3&"'!"&"$C75:$AZ86")))} -> 194 | T14: =S14-Q14 -> 81 | V14: {=_xlfn.XLOOKUP($B14,INDIRECT("'"&V$3&"'!"&"$B3:$B14"),_xlfn.XLOOKUP(V$5,INDIRECT("'"&V$3&"'!"&"$C2:$AZ2"),INDIRECT("'"&V$3&"'!"&"$C3:$AZ14")))} -> 57 | W14: {=_xlfn.XLOOKUP(W$6&" "&$B14,INDIRECT("'"&W$3&"'!"&"$B16:$B27"),_xlfn.XLOOKUP(W$5,INDIRECT("'"&W$3&"'!"&"$C2:$AZ2"),INDIRECT("'"&W$3&"'!"&"$C16:$AZ27")))} -> 224 | X14: {=_xlfn.XLOOKUP($B14,INDIRECT("'"&X$3&"'!"&"$B3:$B14"),_xlfn.XLOOKUP(X$5,INDIRECT("'"&X$3&"'!"&"$C2:$AZ2"),INDIRECT("'"&X$3&"'!"&"$C3:$AZ14")))} -> 88 | Y14: {=_xlfn.XLOOKUP(Y$6&" "&$B14,INDIRECT("'"&Y$3&"'!"&"$B16:$B27"),_xlfn.XLOOKUP(Y$5,INDIRECT("'"&Y$3&"'!"&"$C2:$AZ2"),INDIRECT("'"&Y$3&"'!"&"$C16:$AZ27")))} -> 257 | Z14: =Y14-W14 -> 33
B15: Flexible Working Guidelines | D15: {=_xlfn.XLOOKUP($B15,INDIRECT("'"&D$3&"'!"&"$B3:$B14"),_xlfn.XLOOKUP(D$5,INDIRECT("'"&D$3&"'!"&"$C2:$AZ2"),INDIRECT("'"&D$3&"'!"&"$C3:$AZ14")))} -> 0 | E15: {=_xlfn.XLOOKUP(E$6&" "&$B15,INDIRECT("'"&E$3&"'!"&"$B17:$B28"),_xlfn.XLOOKUP(E$5,INDIRECT("'"&E$3&"'!"&"$C2:$AZ2"),INDIRECT("'"&E$3&"'!"&"$C17:$AZ28")))} -> 0 | F15: {=_xlfn.XLOOKUP($B15,INDIRECT("'"&F$3&"'!"&"$B3:$B14"),_xlfn.XLOOKUP(F$5,INDIRECT("'"&F$3&"'!"&"$C2:$AZ2"),INDIRECT("'"&F$3&"'!"&"$C3:$AZ14")))} -> 1 | G15: {=_xlfn.XLOOKUP(G$6&" "&$B15,INDIRECT("'"&G$3&"'!"&"$B17:$B28"),_xlfn.XLOOKUP(G$5,INDIRECT("'"&G$3&"'!"&"$C2:$AZ2"),INDIRECT("'"&G$3&"'!"&"$C17:$AZ28")))} -> 4 | H15: =G15-E15 -> 4 | J15: {=_xlfn.XLOOKUP($B15,INDIRECT("'"&J$3&"'!"&"$B32:$B43"),_xlfn.XLOOKUP(J$5,INDIRECT("'"&J$3&"'!"&"$C2:$AZ2"),INDIRECT("'"&J$3&"'!"&"$C32:$AZ43")))} -> 0 | K15: {=_xlfn.XLOOKUP(K$6&" "&$B15,INDIRECT("'"&K$3&"'!"&"$B46:$B57"),_xlfn.XLOOKUP(K$5,INDIRECT("'"&K$3&"'!"&"$C2:$AZ2"),INDIRECT("'"&K$3&"'!"&"$C46:$AZ57")))} -> 0 | L15: {=_xlfn.XLOOKUP($B15,INDIRECT("'"&L$3&"'!"&"$B32:$B43"),_xlfn.XLOOKUP(L$5,INDIRECT("'"&L$3&"'!"&"$C2:$AZ2"),INDIRECT("'"&L$3&"'!"&"$C32:$AZ43")))} -> 0 | M15: {=_xlfn.XLOOKUP(M$6&" "&$B15,INDIRECT("'"&M$3&"'!"&"$B46:$B57"),_xlfn.XLOOKUP(M$5,INDIRECT("'"&M$3&"'!"&"$C2:$AZ2"),INDIRECT("'"&M$3&"'!"&"$C46:$AZ57")))} -> 2 | N15: =M15-K15 -> 2 | P15: {=_xlfn.XLOOKUP($B15,INDIRECT("'"&P$3&"'!"&"$B61:$B72"),_xlfn.XLOOKUP(P$5,INDIRECT("'"&P$3&"'!"&"$C2:$AZ2"),INDIRECT("'"&P$3&"'!"&"$C61:$AZ72")))} -> 9 | Q15: {=_xlfn.XLOOKUP(Q$6&" "&$B15,INDIRECT("'"&Q$3&"'!"&"$B75:$B86"),_xlfn.XLOOKUP(Q$5,INDIRECT("'"&Q$3&"'!"&"$C2:$AZ2"),INDIRECT("'"&Q$3&"'!"&"$C75:$AZ86")))} -> 47 | R15: {=_xlfn.XLOOKUP($B15,INDIRECT("'"&R$3&"'!"&"$B61:$B72"),_xlfn.XLOOKUP(R$5,INDIRECT("'"&R$3&"'!"&"$C2:$AZ2"),INDIRECT("'"&R$3&"'!"&"$C61:$AZ72")))} -> 10 | S15: {=_xlfn.XLOOKUP(S$6&" "&$B15,INDIRECT("'"&S$3&"'!"&"$B75:$B86"),_xlfn.XLOOKUP(S$5,INDIRECT("'"&S$3&"'!"&"$C2:$AZ2"),INDIRECT("'"&S$3&"'!"&"$C75:$AZ86")))} -> 83 | T15: =S15-Q15 -> 36 | V15: {=_xlfn.XLOOKUP($B15,INDIRECT("'"&V$3&"'!"&"$B3:$B14"),_xlfn.XLOOKUP(V$5,INDIRECT("'"&V$3&"'!"&"$C2:$AZ2"),INDIRECT("'"&V$3&"'!"&"$C3:$AZ14")))} -> 9 | W15: {=_xlfn.XLOOKUP(W$6&" "&$B15,INDIRECT("'"&W$3&"'!"&"$B16:$B27"),_xlfn.XLOOKUP(W$5,INDIRECT("'"&W$3&"'!"&"$C2:$AZ2"),INDIRECT("'"&W$3&"'!"&"$C16:$AZ27")))} -> 47 | X15: {=_xlfn.XLOOKUP($B15,INDIRECT("'"&X$3&"'!"&"$B3:$B14"),_xlfn.XLOOKUP(X$5,INDIRECT("'"&X$3&"'!"&"$C2:$AZ2"),INDIRECT("'"&X$3&"'!"&"$C3:$AZ14")))} -> 11 | Y15: {=_xlfn.XLOOKUP(Y$6&" "&$B15,INDIRECT("'"&Y$3&"'!"&"$B16:$B27"),_xlfn.XLOOKUP(Y$5,INDIRECT("'"&Y$3&"'!"&"$C2:$AZ2"),INDIRECT("'"&Y$3&"'!"&"$C16:$AZ27")))} -> 89 | Z15: =Y15-W15 -> 42
B16: Getting to know SGH | D16: {=_xlfn.XLOOKUP($B16,INDIRECT("'"&D$3&"'!"&"$B3:$B14"),_xlfn.XLOOKUP(D$5,INDIRECT("'"&D$3&"'!"&"$C2:$AZ2"),INDIRECT("'"&D$3&"'!"&"$C3:$AZ14")))} -> 0 | E16: {=_xlfn.XLOOKUP(E$6&" "&$B16,INDIRECT("'"&E$3&"'!"&"$B17:$B28"),_xlfn.XLOOKUP(E$5,INDIRECT("'"&E$3&"'!"&"$C2:$AZ2"),INDIRECT("'"&E$3&"'!"&"$C17:$AZ28")))} -> 0 | F16: {=_xlfn.XLOOKUP($B16,INDIRECT("'"&F$3&"'!"&"$B3:$B14"),_xlfn.XLOOKUP(F$5,INDIRECT("'"&F$3&"'!"&"$C2:$AZ2"),INDIRECT("'"&F$3&"'!"&"$C3:$AZ14")))} -> 1 | G16: {=_xlfn.XLOOKUP(G$6&" "&$B16,INDIRECT("'"&G$3&"'!"&"$B17:$B28"),_xlfn.XLOOKUP(G$5,INDIRECT("'"&G$3&"'!"&"$C2:$AZ2"),INDIRECT("'"&G$3&"'!"&"$C17:$AZ28")))} -> 6 | H16: =G16-E16 -> 6 | J16: {=_xlfn.XLOOKUP($B16,INDIRECT("'"&J$3&"'!"&"$B32:$B43"),_xlfn.XLOOKUP(J$5,INDIRECT("'"&J$3&"'!"&"$C2:$AZ2"),INDIRECT("'"&J$3&"'!"&"$C32:$AZ43")))} -> 0 | K16: {=_xlfn.XLOOKUP(K$6&" "&$B16,INDIRECT("'"&K$3&"'!"&"$B46:$B57"),_xlfn.XLOOKUP(K$5,INDIRECT("'"&K$3&"'!"&"$C2:$AZ2"),INDIRECT("'"&K$3&"'!"&"$C46:$AZ57")))} -> 0 | L16: {=_xlfn.XLOOKUP($B16,INDIRECT("'"&L$3&"'!"&"$B32:$B43"),_xlfn.XLOOKUP(L$5,INDIRECT("'"&L$3&"'!"&"$C2:$AZ2"),INDIRECT("'"&L$3&"'!"&"$C32:$AZ43")))} -> 0 | M16: {=_xlfn.XLOOKUP(M$6&" "&$B16,INDIRECT("'"&M$3&"'!"&"$B46:$B57"),_xlfn.XLOOKUP(M$5,INDIRECT("'"&M$3&"'!"&"$C2:$AZ2"),INDIRECT("'"&M$3&"'!"&"$C46:$AZ57")))} -> 0 | N16: =M16-K16 -> 0 | P16: {=_xlfn.XLOOKUP($B16,INDIRECT("'"&P$3&"'!"&"$B61:$B72"),_xlfn.XLOOKUP(P$5,INDIRECT("'"&P$3&"'!"&"$C2:$AZ2"),INDIRECT("'"&P$3&"'!"&"$C61:$AZ72")))} -> 11 | Q16: {=_xlfn.XLOOKUP(Q$6&" "&$B16,INDIRECT("'"&Q$3&"'!"&"$B75:$B86"),_xlfn.XLOOKUP(Q$5,INDIRECT("'"&Q$3&"'!"&"$C2:$AZ2"),INDIRECT("'"&Q$3&"'!"&"$C75:$AZ86")))} -> 67 | R16: {=_xlfn.XLOOKUP($B16,INDIRECT("'"&R$3&"'!"&"$B61:$B72"),_xlfn.XLOOKUP(R$5,INDIRECT("'"&R$3&"'!"&"$C2:$AZ2"),INDIRECT("'"&R$3&"'!"&"$C61:$AZ72")))} -> 14 | S16: {=_xlfn.XLOOKUP(S$6&" "&$B16,INDIRECT("'"&S$3&"'!"&"$B75:$B86"),_xlfn.XLOOKUP(S$5,INDIRECT("'"&S$3&"'!"&"$C2:$AZ2"),INDIRECT("'"&S$3&"'!"&"$C75:$AZ86")))} -> 99 | T16: =S16-Q16 -> 32 | V16: {=_xlfn.XLOOKUP($B16,INDIRECT("'"&V$3&"'!"&"$B3:$B14"),_xlfn.XLOOKUP(V$5,INDIRECT("'"&V$3&"'!"&"$C2:$AZ2"),INDIRECT("'"&V$3&"'!"&"$C3:$AZ14")))} -> 11 | W16: {=_xlfn.XLOOKUP(W$6&" "&$B16,INDIRECT("'"&W$3&"'!"&"$B16:$B27"),_xlfn.XLOOKUP(W$5,INDIRECT("'"&W$3&"'!"&"$C2:$AZ2"),INDIRECT("'"&W$3&"'!"&"$C16:$AZ27")))} -> 67 | X16: {=_xlfn.XLOOKUP($B16,INDIRECT("'"&X$3&"'!"&"$B3:$B14"),_xlfn.XLOOKUP(X$5,INDIRECT("'"&X$3&"'!"&"$C2:$AZ2"),INDIRECT("'"&X$3&"'!"&"$C3:$AZ14")))} -> 15 | Y16: {=_xlfn.XLOOKUP(Y$6&" "&$B16,INDIRECT("'"&Y$3&"'!"&"$B16:$B27"),_xlfn.XLOOKUP(Y$5,INDIRECT("'"&Y$3&"'!"&"$C2:$AZ2"),INDIRECT("'"&Y$3&"'!"&"$C16:$AZ27")))} -> 105 | Z16: =Y16-W16 -> 38
B17: Health and Safety Begins with You | D17: {=_xlfn.XLOOKUP($B17,INDIRECT("'"&D$3&"'!"&"$B3:$B14"),_xlfn.XLOOKUP(D$5,INDIRECT("'"&D$3&"'!"&"$C2:$AZ2"),INDIRECT("'"&D$3&"'!"&"$C3:$AZ14")))} -> 0 | E17: {=_xlfn.XLOOKUP(E$6&" "&$B17,INDIRECT("'"&E$3&"'!"&"$B17:$B28"),_xlfn.XLOOKUP(E$5,INDIRECT("'"&E$3&"'!"&"$C2:$AZ2"),INDIRECT("'"&E$3&"'!"&"$C17:$AZ28")))} -> 0 | F17: {=_xlfn.XLOOKUP($B17,INDIRECT("'"&F$3&"'!"&"$B3:$B14"),_xlfn.XLOOKUP(F$5,INDIRECT("'"&F$3&"'!"&"$C2:$AZ2"),INDIRECT("'"&F$3&"'!"&"$C3:$AZ14")))} -> 1 | G17: {=_xlfn.XLOOKUP(G$6&" "&$B17,INDIRECT("'"&G$3&"'!"&"$B17:$B28"),_xlfn.XLOOKUP(G$5,INDIRECT("'"&G$3&"'!"&"$C2:$AZ2"),INDIRECT("'"&G$3&"'!"&"$C17:$AZ28")))} -> 5 | H17: =G17-E17 -> 5 | J17: {=_xlfn.XLOOKUP($B17,INDIRECT("'"&J$3&"'!"&"$B32:$B43"),_xlfn.XLOOKUP(J$5,INDIRECT("'"&J$3&"'!"&"$C2:$AZ2"),INDIRECT("'"&J$3&"'!"&"$C32:$AZ43")))} -> 0 | K17: {=_xlfn.XLOOKUP(K$6&" "&$B17,INDIRECT("'"&K$3&"'!"&"$B46:$B57"),_xlfn.XLOOKUP(K$5,INDIRECT("'"&K$3&"'!"&"$C2:$AZ2"),INDIRECT("'"&K$3&"'!"&"$C46:$AZ57")))} -> 0 | L17: {=_xlfn.XLOOKUP($B17,INDIRECT("'"&L$3&"'!"&"$B32:$B43"),_xlfn.XLOOKUP(L$5,INDIRECT("'"&L$3&"'!"&"$C2:$AZ2"),INDIRECT("'"&L$3&"'!"&"$C32:$AZ43")))} -> 1 | M17: {=_xlfn.XLOOKUP(M$6&" "&$B17,INDIRECT("'"&M$3&"'!"&"$B46:$B57"),_xlfn.XLOOKUP(M$5,INDIRECT("'"&M$3&"'!"&"$C2:$AZ2"),INDIRECT("'"&M$3&"'!"&"$C46:$AZ57")))} -> 4 | N17: =M17-K17 -> 4 | P17: {=_xlfn.XLOOKUP($B17,INDIRECT("'"&P$3&"'!"&"$B61:$B72"),_xlfn.XLOOKUP(P$5,INDIRECT("'"&P$3&"'!"&"$C2:$AZ2"),INDIRECT("'"&P$3&"'!"&"$C61:$AZ72")))} -> 10 | Q17: {=_xlfn.XLOOKUP(Q$6&" "&$B17,INDIRECT("'"&Q$3&"'!"&"$B75:$B86"),_xlfn.XLOOKUP(Q$5,INDIRECT("'"&Q$3&"'!"&"$C2:$AZ2"),INDIRECT("'"&Q$3&"'!"&"$C75:$AZ86")))} -> 89 | R17: {=_xlfn.XLOOKUP($B17,INDIRECT("'"&R$3&"'!"&"$B61:$B72"),_xlfn.XLOOKUP(R$5,INDIRECT("'"&R$3&"'!"&"$C2:$AZ2"),INDIRECT("'"&R$3&"'!"&"$C61:$AZ72")))} -> 16 | S17: {=_xlfn.XLOOKUP(S$6&" "&$B17,INDIRECT("'"&S$3&"'!"&"$B75:$B86"),_xlfn.XLOOKUP(S$5,INDIRECT("'"&S$3&"'!"&"$C2:$AZ2"),INDIRECT("'"&S$3&"'!"&"$C75:$AZ86")))} -> 101 | T17: =S17-Q17 -> 12 | V17: {=_xlfn.XLOOKUP($B17,INDIRECT("'"&V$3&"'!"&"$B3:$B14"),_xlfn.XLOOKUP(V$5,INDIRECT("'"&V$3&"'!"&"$C2:$AZ2"),INDIRECT("'"&V$3&"'!"&"$C3:$AZ14")))} -> 10 | W17: {=_xlfn.XLOOKUP(W$6&" "&$B17,INDIRECT("'"&W$3&"'!"&"$B16:$B27"),_xlfn.XLOOKUP(W$5,INDIRECT("'"&W$3&"'!"&"$C2:$AZ2"),INDIRECT("'"&W$3&"'!"&"$C16:$AZ27")))} -> 89 | X17: {=_xlfn.XLOOKUP($B17,INDIRECT("'"&X$3&"'!"&"$B3:$B14"),_xlfn.XLOOKUP(X$5,INDIRECT("'"&X$3&"'!"&"$C2:$AZ2"),INDIRECT("'"&X$3&"'!"&"$C3:$AZ14")))} -> 18 | Y17: {=_xlfn.XLOOKUP(Y$6&" "&$B17,INDIRECT("'"&Y$3&"'!"&"$B16:$B27"),_xlfn.XLOOKUP(Y$5,INDIRECT("'"&Y$3&"'!"&"$C2:$AZ2"),INDIRECT("'"&Y$3&"'!"&"$C16:$AZ27")))} -> 110 | Z17: =Y17-W17 -> 21
B18: Technology Usage - PCI Compliance | D18: {=_xlfn.XLOOKUP($B18,INDIRECT("'"&D$3&"'!"&"$B3:$B14"),_xlfn.XLOOKUP(D$5,INDIRECT("'"&D$3&"'!"&"$C2:$AZ2"),INDIRECT("'"&D$3&"'!"&"$C3:$AZ14")))} -> 0 | E18: {=_xlfn.XLOOKUP(E$6&" "&$B18,INDIRECT("'"&E$3&"'!"&"$B17:$B28"),_xlfn.XLOOKUP(E$5,INDIRECT("'"&E$3&"'!"&"$C2:$AZ2"),INDIRECT("'"&E$3&"'!"&"$C17:$AZ28")))} -> 0 | F18: {=_xlfn.XLOOKUP($B18,INDIRECT("'"&F$3&"'!"&"$B3:$B14"),_xlfn.XLOOKUP(F$5,INDIRECT("'"&F$3&"'!"&"$C2:$AZ2"),INDIRECT("'"&F$3&"'!"&"$C3:$AZ14")))} -> 7 | G18: {=_xlfn.XLOOKUP(G$6&" "&$B18,INDIRECT("'"&G$3&"'!"&"$B17:$B28"),_xlfn.XLOOKUP(G$5,INDIRECT("'"&G$3&"'!"&"$C2:$AZ2"),INDIRECT("'"&G$3&"'!"&"$C17:$AZ28")))} -> 12 | H18: =G18-E18 -> 12 | J18: {=_xlfn.XLOOKUP($B18,INDIRECT("'"&J$3&"'!"&"$B32:$B43"),_xlfn.XLOOKUP(J$5,INDIRECT("'"&J$3&"'!"&"$C2:$AZ2"),INDIRECT("'"&J$3&"'!"&"$C32:$AZ43")))} -> 0 | K18: {=_xlfn.XLOOKUP(K$6&" "&$B18,INDIRECT("'"&K$3&"'!"&"$B46:$B57"),_xlfn.XLOOKUP(K$5,INDIRECT("'"&K$3&"'!"&"$C2:$AZ2"),INDIRECT("'"&K$3&"'!"&"$C46:$AZ57")))} -> 0 | L18: {=_xlfn.XLOOKUP($B18,INDIRECT("'"&L$3&"'!"&"$B32:$B43"),_xlfn.XLOOKUP(L$5,INDIRECT("'"&L$3&"'!"&"$C2:$AZ2"),INDIRECT("'"&L$3&"'!"&"$C32:$AZ43")))} -> 0 | M18: {=_xlfn.XLOOKUP(M$6&" "&$B18,INDIRECT("'"&M$3&"'!"&"$B46:$B57"),_xlfn.XLOOKUP(M$5,INDIRECT("'"&M$3&"'!"&"$C2:$AZ2"),INDIRECT("'"&M$3&"'!"&"$C46:$AZ57")))} -> 0 | N18: =M18-K18 -> 0 | P18: {=_xlfn.XLOOKUP($B18,INDIRECT("'"&P$3&"'!"&"$B61:$B72"),_xlfn.XLOOKUP(P$5,INDIRECT("'"&P$3&"'!"&"$C2:$AZ2"),INDIRECT("'"&P$3&"'!"&"$C61:$AZ72")))} -> 10 | Q18: {=_xlfn.XLOOKUP(Q$6&" "&$B18,INDIRECT("'"&Q$3&"'!"&"$B75:$B86"),_xlfn.XLOOKUP(Q$5,INDIRECT("'"&Q$3&"'!"&"$C2:$AZ2"),INDIRECT("'"&Q$3&"'!"&"$C75:$AZ86")))} -> 55 | R18: {=_xlfn.XLOOKUP($B18,INDIRECT("'"&R$3&"'!"&"$B61:$B72"),_xlfn.XLOOKUP(R$5,INDIRECT("'"&R$3&"'!"&"$C2:$AZ2"),INDIRECT("'"&R$3&"'!"&"$C61:$AZ72")))} -> 14 | S18: {=_xlfn.XLOOKUP(S$6&" "&$B18,INDIRECT("'"&S$3&"'!"&"$B75:$B86"),_xlfn.XLOOKUP(S$5,INDIRECT("'"&S$3&"'!"&"$C2:$AZ2"),INDIRECT("'"&S$3&"'!"&"$C75:$AZ86")))} -> 88 | T18: =S18-Q18 -> 33 | V18: {=_xlfn.XLOOKUP($B18,INDIRECT("'"&V$3&"'!"&"$B3:$B14"),_xlfn.XLOOKUP(V$5,INDIRECT("'"&V$3&"'!"&"$C2:$AZ2"),INDIRECT("'"&V$3&"'!"&"$C3:$AZ14")))} -> 10 | W18: {=_xlfn.XLOOKUP(W$6&" "&$B18,INDIRECT("'"&W$3&"'!"&"$B16:$B27"),_xlfn.XLOOKUP(W$5,INDIRECT("'"&W$3&"'!"&"$C2:$AZ2"),INDIRECT("'"&W$3&"'!"&"$C16:$AZ27")))} -> 55 | X18: {=_xlfn.XLOOKUP($B18,INDIRECT("'"&X$3&"'!"&"$B3:$B14"),_xlfn.XLOOKUP(X$5,INDIRECT("'"&X$3&"'!"&"$C2:$AZ2"),INDIRECT("'"&X$3&"'!"&"$C3:$AZ14")))} -> 21 | Y18: {=_xlfn.XLOOKUP(Y$6&" "&$B18,INDIRECT("'"&Y$3&"'!"&"$B16:$B27"),_xlfn.XLOOKUP(Y$5,INDIRECT("'"&Y$3&"'!"&"$C2:$AZ2"),INDIRECT("'"&Y$3&"'!"&"$C16:$AZ27")))} -> 100 | Z18: =Y18-W18 -> 45
B19: *Var denotes the Variance in YTD Columns

Sheet Pivot_StatusByModule
A1: Fiscal Month | B1: (Multiple Items)
A3: Count of Learning Activity Title | B3: Column Labels
A4: Row Labels | B4: Booked | C4: Complete | D4: In progress | E4: Grand Total
A5: Bullying, Harassment and Discrimination - Module 1 | B5: 5 | C5: 92 | E5: 97
A6: Bullying, Harassment and Discrimination - Module 2 | B6: 5 | C6: 91 | E6: 96
A7: Bullying, Harassment and Discrimination for Team Leaders/Line Managers | C7: 6 | E7: 6
A8: Flexible Working Guidelines | B8: 4 | C8: 83 | D8: 2 | E8: 89
A9: Getting to know SGH | B9: 6 | C9: 99 | E9: 105
A10: Health and Safety Begins with You | B10: 5 | C10: 101 | D10: 4 | E10: 110
A11: Technology Usage - PCI Compliance | B11: 12 | C11: 88 | E11: 100
A12: Cyber Security Awareness - Business Email Compromise Scams | B12: 61 | C12: 188 | D12: 5 | E12: 254
A13: Cyber Security Awareness - Introduction | B13: 57 | C13: 196 | D13: 3 | E13: 256
A14: Cyber Security Awareness - Malicious Links | B14: 60 | C14: 187 | D14: 3 | E14: 250
A15: Cyber Security Awareness - Surfing the Web | B15: 62 | C15: 180 | D15: 3 | E15: 245
A16: Cyber Security Toolkit | B16: 63 | C16: 194 | E16: 257
A17: Grand Total | B17: 340 | C17: 1505 | D17: 20 | E17: 1865
B22: Complete | C22: Booked | D22: In progress
A23: Bullying, Harassment and Discrimination - Module 1 | B23: =GETPIVOTDATA("Learning Activity Title",$A$3,"Learning Activity Title","Bullying, Harassment and Discrimination - Module 1","Activity status","Complete") -> 92 | C23: =GETPIVOTDATA("Learning Activity Title",$A$3,"Learning Activity Title","Bullying, Harassment and Discrimination - Module 1","Activity status","Booked") -> 5 | D23: =GETPIVOTDATA("Learning Activity Title",$A$3,"Learning Activity Title","Bullying, Harassment and Discrimination - Module 1","Activity status","In progress") -> 0
B25: Complete | C25: Booked | D25: In progress
A26: Bullying, Harassment and Discrimination - Module 2 | B26: =GETPIVOTDATA("Learning Activity Title",$A$3,"Learning Activity Title","Bullying, Harassment and Discrimination - Module 2","Activity status","Complete") -> 91 | C26: =GETPIVOTDATA("Learning Activity Title",$A$3,"Learning Activity Title","Bullying, Harassment and Discrimination - Module 2","Activity status","Booked") -> 5 | D26: =GETPIVOTDATA("Learning Activity Title",$A$3,"Learning Activity Title","Bullying, Harassment and Discrimination - Module 2","Activity status","In progress") -> 0
B28: Complete | C28: Booked | D28: In progress
A29: Bullying, Harassment and Discrimination for Team Leaders/Line Managers | B29: =GETPIVOTDATA("Learning Activity Title",$A$3,"Learning Activity Title","Bullying, Harassment and Discrimination for Team Leaders/Line Managers","Activity status","Complete") -> 6 | C29: =GETPIVOTDATA("Learning Activity Title",$A$3,"Learning Activity Title","Bullying, Harassment and Discrimination for Team Leaders/Line Managers","Activity status","Booked") -> 0 | D29: =GETPIVOTDATA("Learning Activity Title",$A$3,"Learning Activity Title","Bullying, Harassment and Discrimination for Team Leaders/Line Managers","Activity status","In progress") -> 0
B31: Complete | C31: Booked | D31: In progress
A32: Flexible Working Guidelines | B32: =GETPIVOTDATA("Learning Activity Title",$A$3,"Learning Activity Title","Flexible Working Guidelines","Activity status","Complete") -> 83 | C32: =GETPIVOTDATA("Learning Activity Title",$A$3,"Learning Activity Title","Flexible Working Guidelines","Activity status","Booked") -> 4 | D32: =GETPIVOTDATA("Learning Activity Title",$A$3,"Learning Activity Title","Flexible Working Guidelines","Activity status","In progress") -> 2
B34: Complete | C34: Booked | D34: In progress
A35: Getting to know SGH | B35: =GETPIVOTDATA("Learning Activity Title",$A$3,"Learning Activity Title","Getting to know SGH","Activity status","Complete") -> 99 | C35: =GETPIVOTDATA("Learning Activity Title",$A$3,"Learning Activity Title","Getting to know SGH","Activity status","Booked") -> 6 | D35: =GETPIVOTDATA("Learning Activity Title",$A$3,"Learning Activity Title","Getting to know SGH","Activity status","In progress") -> 0
B37: Complete | C37: Booked | D37: In progress
A38: Health and Safety Begins with You | B38: =GETPIVOTDATA("Learning Activity Title",$A$3,"Learning Activity Title","Health and Safety Begins with You","Activity status","Complete") -> 101 | C38: =GETPIVOTDATA("Learning Activity Title",$A$3,"Learning Activity Title","Health and Safety Begins with You","Activity status","Booked") -> 5 | D38: =GETPIVOTDATA("Learning Activity Title",$A$3,"Learning Activity Title","Health and Safety Begins with You","Activity status","In progress") -> 4
B40: Complete | C40: Booked | D40: In progress
A41: Technology Usage - PCI Compliance | B41: =GETPIVOTDATA("Learning Activity Title",$A$3,"Learning Activity Title","Technology Usage - PCI Compliance","Activity status","Complete") -> 88 | C41: =GETPIVOTDATA("Learning Activity Title",$A$3,"Learning Activity Title","Technology Usage - PCI Compliance","Activity status","Booked") -> 12 | D41: =GETPIVOTDATA("Learning Activity Title",$A$3,"Learning Activity Title","Technology Usage - PCI Compliance","Activity status","In progress") -> 0
B43: Complete | C43: Booked | D43: In progress
A44: Cyber Security Awareness - Business Email Compromise Scams | B44: =GETPIVOTDATA("Learning Activity Title",$A$3,"Learning Activity Title","Cyber Security Awareness - Business Email Compromise Scams","Activity status","Complete") -> 188 | C44: =GETPIVOTDATA("Learning Activity Title",$A$3,"Learning Activity Title","Cyber Security Awareness - Business Email Compromise Scams","Activity status","Booked") -> 61 | D44: =GETPIVOTDATA("Learning Activity Title",$A$3,"Learning Activity Title","Cyber Security Awareness - Business Email Compromise Scams","Activity status","In progress") -> 5
B46: Complete | C46: Booked | D46: In progress
A47: Cyber Security Awareness - Introduction | B47: =GETPIVOTDATA("Learning Activity Title",$A$3,"Learning Activity Title","Cyber Security Awareness - Introduction","Activity status","Complete") -> 196 | C47: =GETPIVOTDATA("Learning Activity Title",$A$3,"Learning Activity Title","Cyber Security Awareness - Introduction","Activity status","Booked") -> 57 | D47: =GETPIVOTDATA("Learning Activity Title",$A$3,"Learning Activity Title","Cyber Security Awareness - Introduction","Activity status","In progress") -> 3
B49: Complete | C49: Booked | D49: In progress
A50: Cyber Security Awareness - Malicious Links | B50: =GETPIVOTDATA("Learning Activity Title",$A$3,"Learning Activity Title","Cyber Security Awareness - Malicious Links","Activity status","Complete") -> 187 | C50: =GETPIVOTDATA("Learning Activity Title",$A$3,"Learning Activity Title","Cyber Security Awareness - Malicious Links","Activity status","Booked") -> 60 | D50: =GETPIVOTDATA("Learning Activity Title",$A$3,"Learning Activity Title","Cyber Security Awareness - Malicious Links","Activity status","In progress") -> 3
B52: Complete | C52: Booked | D52: In progress
A53: Cyber Security Awareness - Surfing the Web | B53: =GETPIVOTDATA("Learning Activity Title",$A$3,"Learning Activity Title","Cyber Security Awareness - Surfing the Web","Activity status","Complete") -> 180 | C53: =GETPIVOTDATA("Learning Activity Title",$A$3,"Learning Activity Title","Cyber Security Awareness - Surfing the Web","Activity status","Booked") -> 62 | D53: =GETPIVOTDATA("Learning Activity Title",$A$3,"Learning Activity Title","Cyber Security Awareness - Surfing the Web","Activity status","In progress") -> 3
B55: Complete | C55: Booked | D55: In progress
A56: Cyber Security Toolkit | B56: =GETPIVOTDATA("Learning Activity Title",$A$3,"Learning Activity Title","Cyber Security Toolkit","Activity status","Complete") -> 194 | C56: =GETPIVOTDATA("Learning Activity Title",$A$3,"Learning Activity Title","Cyber Security Toolkit","Activity status","Booked") -> 63 | D56: =GETPIVOTDATA("Learning Activity Title",$A$3,"Learning Activity Title","Cyber Security Toolkit","Activity status","In progress") -> 0

Sheet PieCharts_Modules

Sheet Pivot_StatusByBrand
A1: Fiscal Month | B1: (Multiple Items)
A3: Count of Learning Activity Title | B3: Column Labels
A4: Row Labels | B4: Booked | C4: Complete | D4: In progress | E4: Grand Total
A5: ANALYTICS & INSIGHTS | B5: 22 | C5: 16 | E5: 38
A6: eCommerce Management | B6: 34 | C6: 165 | D6: 1 | E6: 200
A7: Finance | C7: 5 | E7: 5
A8: HR MANAGEMENT | B8: 38 | C8: 160 | D8: 5 | E8: 203
A9: IT | B9: 115 | C9: 272 | D9: 2 | E9: 389
A10: Marketing | B10: 48 | C10: 298 | D10: 5 | E10: 351
A11: Property | B11: 16 | C11: 133 | D11: 1 | E11: 150
A12: SG AVIATION TM | C12: 12 | E12: 12
A13: SPG DEV | C13: 22 | E13: 22
A14: SS Finance | B14: 39 | C14: 215 | D14: 2 | E14: 256
A15: Supply Chain | B15: 21 | C15: 109 | E15: 130
A16: Grand Total | B16: 333 | C16: 1407 | D16: 16 | E16: 1756
B22: Complete | C22: Booked | D22: In progress
A23: ANALYTICS & INSIGHTS | B23: =GETPIVOTDATA("Learning Activity Title",$A$3,"Brand/Function","ANALYTICS & INSIGHTS","Activity status","Complete") -> 16 | C23: =GETPIVOTDATA("Learning Activity Title",$A$3,"Brand/Function","ANALYTICS & INSIGHTS","Activity status","Booked") -> 22 | D23: =GETPIVOTDATA("Learning Activity Title",$A$3,"Brand/Function","ANALYTICS & INSIGHTS","Activity status","In progress") -> 0
B25: Complete | C25: Booked | D25: In progress
A26: eCommerce Management | B26: =GETPIVOTDATA("Learning Activity Title",$A$3,"Brand/Function","eCommerce Management","Activity status","Complete") -> 165 | C26: =GETPIVOTDATA("Learning Activity Title",$A$3,"Brand/Function","eCommerce Management","Activity status","Booked") -> 34 | D26: =GETPIVOTDATA("Learning Activity Title",$A$3,"Brand/Function","eCommerce Management","Activity status","In progress") -> 1
B28: Complete | C28: Booked | D28: In progress
A29: Finance | B29: =GETPIVOTDATA("Learning Activity Title",$A$3,"Brand/Function","Finance","Activity status","Complete") -> 5 | C29: =GETPIVOTDATA("Learning Activity Title",$A$3,"Brand/Function","Finance","Activity status","Booked") -> 0 | D29: =GETPIVOTDATA("Learning Activity Title",$A$3,"Brand/Function","Finance","Activity status","In progress") -> 0
B31: Complete | C31: Booked | D31: In progress
A32: HR MANAGEMENT | B32: =GETPIVOTDATA("Learning Activity Title",$A$3,"Brand/Function","HR MANAGEMENT","Activity status","Complete") -> 160 | C32: =GETPIVOTDATA("Learning Activity Title",$A$3,"Brand/Function","HR MANAGEMENT","Activity status","Booked") -> 38 | D32: =GETPIVOTDATA("Learning Activity Title",$A$3,"Brand/Function","HR MANAGEMENT","Activity status","In progress") -> 5
B34: Complete | C34: Booked | D34: In progress
A35: IT | B35: =GETPIVOTDATA("Learning Activity Title",$A$3,"Brand/Function","IT","Activity status","Complete") -> 272 | C35: =GETPIVOTDATA("Learning Activity Title",$A$3,"Brand/Function","IT","Activity status","Booked") -> 115 | D35: =GETPIVOTDATA("Learning Activity Title",$A$3,"Brand/Function","IT","Activity status","In progress") -> 2
B37: Complete | C37: Booked | D37: In progress
A38: Marketing | B38: =GETPIVOTDATA("Learning Activity Title",$A$3,"Brand/Function","Marketing","Activity status","Complete") -> 298 | C38: =GETPIVOTDATA("Learning Activity Title",$A$3,"Brand/Function","Marketing","Activity status","Booked") -> 48 | D38: =GETPIVOTDATA("Learning Activity Title",$A$3,"Brand/Function","Marketing","Activity status","In progress") -> 5
B40: Complete | C40: Booked | D40: In progress
A41: Property | B41: =GETPIVOTDATA("Learning Activity Title",$A$3,"Brand/Function","Property","Activity status","Complete") -> 133 | C41: =GETPIVOTDATA("Learning Activity Title",$A$3,"Brand/Function","Property","Activity status","Booked") -> 16 | D41: =GETPIVOTDATA("Learning Activity Title",$A$3,"Brand/Function","Property","Activity status","In progress") -> 1
B43: Complete | C43: Booked | D43: In progress
A44: SG AVIATION TM | B44: =GETPIVOTDATA("Learning Activity Title",$A$3,"Brand/Function","SG AVIATION TM","Activity status","Complete") -> 12 | C44: =GETPIVOTDATA("Learning Activity Title",$A$3,"Brand/Function","SG AVIATION TM","Activity status","Booked") -> 0 | D44: =GETPIVOTDATA("Learning Activity Title",$A$3,"Brand/Function","SG AVIATION TM","Activity status","In progress") -> 0
B46: Complete | C46: Booked | D46: In progress
A47: SPG DEV | B47: =GETPIVOTDATA("Learning Activity Title",$A$3,"Brand/Function","SPG DEV","Activity status","Complete") -> 22 | C47: =GETPIVOTDATA("Learning Activity Title",$A$3,"Brand/Function","SPG DEV","Activity status","Booked") -> 0 | D47: =GETPIVOTDATA("Learning Activity Title",$A$3,"Brand/Function","SPG DEV","Activity status","In progress") -> 0
B49: Complete | C49: Booked | D49: In progress
A50: SS Finance | B50: =GETPIVOTDATA("Learning Activity Title",$A$3,"Brand/Function","SS Finance","Activity status","Complete") -> 215 | C50: =GETPIVOTDATA("Learning Activity Title",$A$3,"Brand/Function","SS Finance","Activity status","Booked") -> 39 | D50: =GETPIVOTDATA("Learning Activity Title",$A$3,"Brand/Function","SS Finance","Activity status","In progress") -> 2
B52: Complete | C52: Booked | D52: In progress
A53: Supply Chain | B53: =GETPIVOTDATA("Learning Activity Title",$A$3,"Brand/Function","Supply Chain","Activity status","Complete") -> 109 | C53: =GETPIVOTDATA("Learning Activity Title",$A$3,"Brand/Function","Supply Chain","Activity status","Booked") -> 21 | D53: =GETPIVOTDATA("Learning Activity Title",$A$3,"Brand/Function","Supply Chain","Activity status","In progress") -> 0

Sheet PieCharts_Brands

Sheet MLA FEED
B1: Mandatory Learning Activity | C1: FY24 | T1: FY25
B2: Shared Services, FFM, SPG | C2: ="JUL, "&C1 -> JUL, FY24 | D2: ="AUG, "&C1 -> AUG, FY24 | E2: ="SEP, "&C1 -> SEP, FY24 | F2: ="Q1, "&C1 -> Q1, FY24 | G2: ="OCT, "&C1 -> OCT, FY24 | H2: ="NOV, "&C1 -> NOV, FY24 | I2: ="DEC, "&C1 -> DEC, FY24 | J2: ="Q2, "&C1 -> Q2, FY24 | K2: ="JAN, "&C1 -> JAN, FY24 | L2: ="FEB, "&C1 -> FEB, FY24 | M2: ="MAR, "&C1 -> MAR, FY24 | N2: ="Q3, "&C1 -> Q3, FY24 | O2: ="APR, "&C1 -> APR, FY24 | P2: ="MAY, "&C1 -> MAY, FY24 | Q2: ="JUN, "&C1 -> JUN, FY24 | R2: ="Q4, "&C1 -> Q4, FY24 | S2: ="Full Year, "&C1 -> Full Year, FY24 | T2: ="JUL, "&T1 -> JUL, FY25 | U2: ="AUG, "&T1 -> AUG, FY25 | V2: ="SEP, "&T1 -> SEP, FY25 | W2: ="Q1, "&T1 -> Q1, FY25 | X2: ="OCT, "&T1 -> OCT, FY25 | Y2: ="NOV, "&T1 -> NOV, FY25 | Z2: ="DEC, "&T1 -> DEC, FY25 | AA2: ="Q2, "&T1 -> Q2, FY25 | AB2: ="JAN, "&T1 -> JAN, FY25 | AC2: ="FEB, "&T1 -> FEB, FY25 | AD2: ="MAR, "&T1 -> MAR, FY25 | AE2: ="Q3, "&T1 -> Q3, FY25 | AF2: ="APR, "&T1 -> APR, FY25 | AG2: ="MAY, "&T1 -> MAY, FY25 | AH2: ="JUN, "&T1 -> JUN, FY25 | AI2: ="Q4, "&T1 -> Q4, FY25 | AJ2: ="Full Year, "&T1 -> Full Year, FY25
A3: Mandatory Learning Activity | B3: Bullying, Harassment and Discrimination - Module 1 | C3: =COUNTIFS('MLA Data Dump'!$H:$H,'MLA FEED'!$B3,'MLA Data Dump'!$M:$M,'MLA FEED'!C$2) -> 5 | D3: =COUNTIFS('MLA Data Dump'!$H:$H,'MLA FEED'!$B3,'MLA Data Dump'!$M:$M,'MLA FEED'!D$2) -> 17 | E3: =COUNTIFS('MLA Data Dump'!$H:$H,'MLA FEED'!$B3,'MLA Data Dump'!$M:$M,'MLA FEED'!E$2) -> 0 | F3: =SUBTOTAL(9,C3:E3) -> 22 | G3: =COUNTIFS('MLA Data Dump'!$H:$H,'MLA FEED'!$B3,'MLA Data Dump'!$M:$M,'MLA FEED'!G$2) -> 3 | H3: =COUNTIFS('MLA Data Dump'!$H:$H,'MLA FEED'!$B3,'MLA Data Dump'!$M:$M,'MLA FEED'!H$2) -> 2 | I3: =COUNTIFS('MLA Data Dump'!$H:$H,'MLA FEED'!$B3,'MLA Data Dump'!$M:$M,'MLA FEED'!I$2) -> 7 | J3: =SUBTOTAL(9,G3:I3) -> 12 | K3: =COUNTIFS('MLA Data Dump'!$H:$H,'MLA FEED'!$B3,'MLA Data Dump'!$M:$M,'MLA FEED'!K$2) -> 4 | L3: =COUNTIFS('MLA Data Dump'!$H:$H,'MLA FEED'!$B3,'MLA Data Dump'!$M:$M,'MLA FEED'!L$2) -> 5 | M3: =COUNTIFS('MLA Data Dump'!$H:$H,'MLA FEED'!$B3,'MLA Data Dump'!$M:$M,'MLA FEED'!M$2) -> 3 | N3: =SUBTOTAL(9,K3:M3) -> 12 | O3: =COUNTIFS('MLA Data Dump'!$H:$H,'MLA FEED'!$B3,'MLA Data Dump'!$M:$M,'MLA FEED'!O$2) -> 15 | P3: =COUNTIFS('MLA Data Dump'!$H:$H,'MLA FEED'!$B3,'MLA Data Dump'!$M:$M,'MLA FEED'!P$2) -> 8 | Q3: =COUNTIFS('MLA Data Dump'!$H:$H,'MLA FEED'!$B3,'MLA Data Dump'!$M:$M,'MLA FEED'!Q$2) -> 9 | R3: =SUBTOTAL(9,O3:Q3) -> 32 | S3: =SUBTOTAL(9,C3:R3) -> 78 | T3: =COUNTIFS('MLA Data Dump'!$H:$H,'MLA FEED'!$B3,'MLA Data Dump'!$M:$M,'MLA FEED'!T$2) -> 9 | U3: =COUNTIFS('MLA Data Dump'!$H:$H,'MLA FEED'!$B3,'MLA Data Dump'!$M:$M,'MLA FEED'!U$2) -> 10 | V3: =COUNTIFS('MLA Data Dump'!$H:$H,'MLA FEED'!$B3,'MLA Data Dump'!$M:$M,'MLA FEED'!V$2) -> 6 | W3: =SUBTOTAL(9,T3:V3) -> 25 | X3: =COUNTIFS('MLA Data Dump'!$H:$H,'MLA FEED'!$B3,'MLA Data Dump'!$M:$M,'MLA FEED'!X$2) -> 3 | Y3: =COUNTIFS('MLA Data Dump'!$H:$H,'MLA FEED'!$B3,'MLA Data Dump'!$M:$M,'MLA FEED'!Y$2) -> 11 | Z3: =COUNTIFS('MLA Data Dump'!$H:$H,'MLA FEED'!$B3,'MLA Data Dump'!$M:$M,'MLA FEED'!Z$2) -> 4 | AA3: =SUBTOTAL(9,X3:Z3) -> 18 | AB3: =COUNTIFS('MLA Data Dump'!$H:$H,'MLA FEED'!$B3,'MLA Data Dump'!$M:$M,'MLA FEED'!AB$2) -> 6 | AC3: =COUNTIFS('MLA Data Dump'!$H:$H,'MLA FEED'!$B3,'MLA Data Dump'!$M:$M,'MLA FEED'!AC$2) -> 16 | AD3: =COUNTIFS('MLA Data Dump'!$H:$H,'MLA FEED'!$B3,'MLA Data Dump'!$M:$M,'MLA FEED'!AD$2) -> 14 | AE3: =SUBTOTAL(9,AB3:AD3) -> 36 | AF3: =COUNTIFS('MLA Data Dump'!$H:$H,'MLA FEED'!$B3,'MLA Data Dump'!$M:$M,'MLA FEED'!AF$2) -> 8 | AG3: =COUNTIFS('MLA Data Dump'!$H:$H,'MLA FEED'!$B3,'MLA Data Dump'!$M:$M,'MLA FEED'!AG$2) -> 10 | AH3: =COUNTIFS('MLA Data Dump'!$H:$H,'MLA FEED'!$B3,'MLA Data Dump'!$M:$M,'MLA FEED'!AH$2) -> 0 | AI3: =SUBTOTAL(9,AF3:AH3) -> 18 | AJ3: =SUBTOTAL(9,T3:AI3) -> 97
B4: Bullying, Harassment and Discrimination - Module 2 | C4: =COUNTIFS('MLA Data Dump'!$H:$H,'MLA FEED'!$B4,'MLA Data Dump'!$M:$M,'MLA FEED'!C$2) -> 8 | D4: =COUNTIFS('MLA Data Dump'!$H:$H,'MLA FEED'!$B4,'MLA Data Dump'!$M:$M,'MLA FEED'!D$2) -> 19 | E4: =COUNTIFS('MLA Data Dump'!$H:$H,'MLA FEED'!$B4,'MLA Data Dump'!$M:$M,'MLA FEED'!E$2) -> 1 | F4: =SUBTOTAL(9,C4:E4) -> 28 | G4: =COUNTIFS('MLA Data Dump'!$H:$H,'MLA FEED'!$B4,'MLA Data Dump'!$M:$M,'MLA FEED'!G$2) -> 3 | H4: =COUNTIFS('MLA Data Dump'!$H:$H,'MLA FEED'!$B4,'MLA Data Dump'!$M:$M,'MLA FEED'!H$2) -> 1 | I4: =COUNTIFS('MLA Data Dump'!$H:$H,'MLA FEED'!$B4,'MLA Data Dump'!$M:$M,'MLA FEED'!I$2) -> 7 | J4: =SUBTOTAL(9,G4:I4) -> 11 | K4: =COUNTIFS('MLA Data Dump'!$H:$H,'MLA FEED'!$B4,'MLA Data Dump'!$M:$M,'MLA FEED'!K$2) -> 4 | L4: =COUNTIFS('MLA Data Dump'!$H:$H,'MLA FEED'!$B4,'MLA Data Dump'!$M:$M,'MLA FEED'!L$2) -> 5 | M4: =COUNTIFS('MLA Data Dump'!$H:$H,'MLA FEED'!$B4,'MLA Data Dump'!$M:$M,'MLA FEED'!M$2) -> 3 | N4: =SUBTOTAL(9,K4:M4) -> 12 | O4: =COUNTIFS('MLA Data Dump'!$H:$H,'MLA FEED'!$B4,'MLA Data Dump'!$M:$M,'MLA FEED'!O$2) -> 14 | P4: =COUNTIFS('MLA Data Dump'!$H:$H,'MLA FEED'!$B4,'MLA Data Dump'!$M:$M,'MLA FEED'!P$2) -> 9 | Q4: =COUNTIFS('MLA Data Dump'!$H:$H,'MLA FEED'!$B4,'MLA Data Dump'!$M:$M,'MLA FEED'!Q$2) -> 9 | R4: =SUBTOTAL(9,O4:Q4) -> 32 | S4: =SUBTOTAL(9,C4:R4) -> 83 | T4: =COUNTIFS('MLA Data Dump'!$H:$H,'MLA FEED'!$B4,'MLA Data Dump'!$M:$M,'MLA FEED'!T$2) -> 11 | U4: =COUNTIFS('MLA Data Dump'!$H:$H,'MLA FEED'!$B4,'MLA Data Dump'!$M:$M,'MLA FEED'!U$2) -> 10 | V4: =COUNTIFS('MLA Data Dump'!$H:$H,'MLA FEED'!$B4,'MLA Data Dump'!$M:$M,'MLA FEED'!V$2) -> 6 | W4: =SUBTOTAL(9,T4:V4) -> 27 | X4: =COUNTIFS('MLA Data Dump'!$H:$H,'MLA FEED'!$B4,'MLA Data Dump'!$M:$M,'MLA FEED'!X$2) -> 3 | Y4: =COUNTIFS('MLA Data Dump'!$H:$H,'MLA FEED'!$B4,'MLA Data Dump'!$M:$M,'MLA FEED'!Y$2) -> 11 | Z4: =COUNTIFS('MLA Data Dump'!$H:$H,'MLA FEED'!$B4,'MLA Data Dump'!$M:$M,'MLA FEED'!Z$2) -> 4 | AA4: =SUBTOTAL(9,X4:Z4) -> 18 | AB4: =COUNTIFS('MLA Data Dump'!$H:$H,'MLA FEED'!$B4,'MLA Data Dump'!$M:$M,'MLA FEED'!AB$2) -> 5 | AC4: =COUNTIFS('MLA Data Dump'!$H:$H,'MLA FEED'!$B4,'MLA Data Dump'!$M:$M,'MLA FEED'!AC$2) -> 15 | AD4: =COUNTIFS('MLA Data Dump'!$H:$H,'MLA FEED'!$B4,'MLA Data Dump'!$M:$M,'MLA FEED'!AD$2) -> 14 | AE4: =SUBTOTAL(9,AB4:AD4) -> 34 | AF4: =COUNTIFS('MLA Data Dump'!$H:$H,'MLA FEED'!$B4,'MLA Data Dump'!$M:$M,'MLA FEED'!AF$2) -> 7 | AG4: =COUNTIFS('MLA Data Dump'!$H:$H,'MLA FEED'!$B4,'MLA Data Dump'!$M:$M,'MLA FEED'!AG$2) -> 10 | AH4: =COUNTIFS('MLA Data Dump'!$H:$H,'MLA FEED'!$B4,'MLA Data Dump'!$M:$M,'MLA FEED'!AH$2) -> 0 | AI4: =SUBTOTAL(9,AF4:AH4) -> 17 | AJ4: =SUBTOTAL(9,T4:AI4) -> 96
B5: Bullying, Harassment and Discrimination for Team Leaders/Line Managers | C5: =COUNTIFS('MLA Data Dump'!$H:$H,'MLA FEED'!$B5,'MLA Data Dump'!$M:$M,'MLA FEED'!C$2) -> 2 | D5: =COUNTIFS('MLA Data Dump'!$H:$H,'MLA FEED'!$B5,'MLA Data Dump'!$M:$M,'MLA FEED'!D$2) -> 0 | E5: =COUNTIFS('MLA Data Dump'!$H:$H,'MLA FEED'!$B5,'MLA Data Dump'!$M:$M,'MLA FEED'!E$2) -> 0 | F5: =SUBTOTAL(9,C5:E5) -> 2 | G5: =COUNTIFS('MLA Data Dump'!$H:$H,'MLA FEED'!$B5,'MLA Data Dump'!$M:$M,'MLA FEED'!G$2) -> 1 | H5: =COUNTIFS('MLA Data Dump'!$H:$H,'MLA FEED'!$B5,'MLA Data Dump'!$M:$M,'MLA FEED'!H$2) -> 0 | I5: =COUNTIFS('MLA Data Dump'!$H:$H,'MLA FEED'!$B5,'MLA Data Dump'!$M:$M,'MLA FEED'!I$2) -> 0 | J5: =SUBTOTAL(9,G5:I5) -> 1 | K5: =COUNTIFS('MLA Data Dump'!$H:$H,'MLA FEED'!$B5,'MLA Data Dump'!$M:$M,'MLA FEED'!K$2) -> 0 | L5: =COUNTIFS('MLA Data Dump'!$H:$H,'MLA FEED'!$B5,'MLA Data Dump'!$M:$M,'MLA FEED'!L$2) -> 0 | M5: =COUNTIFS('MLA Data Dump'!$H:$H,'MLA FEED'!$B5,'MLA Data Dump'!$M:$M,'MLA FEED'!M$2) -> 0 | N5: =SUBTOTAL(9,K5:M5) -> 0 | O5: =COUNTIFS('MLA Data Dump'!$H:$H,'MLA FEED'!$B5,'MLA Data Dump'!$M:$M,'MLA FEED'!O$2) -> 0 | P5: =COUNTIFS('MLA Data Dump'!$H:$H,'MLA FEED'!$B5,'MLA Data Dump'!$M:$M,'MLA FEED'!P$2) -> 0 | Q5: =COUNTIFS('MLA Data Dump'!$H:$H,'MLA FEED'!$B5,'MLA Data Dump'!$M:$M,'MLA FEED'!Q$2) -> 0 | R5: =SUBTOTAL(9,O5:Q5) -> 0 | S5: =SUBTOTAL(9,C5:R5) -> 3 | T5: =COUNTIFS('MLA Data Dump'!$H:$H,'MLA FEED'!$B5,'MLA Data Dump'!$M:$M,'MLA FEED'!T$2) -> 1 | U5: =COUNTIFS('MLA Data Dump'!$H:$H,'MLA FEED'!$B5,'MLA Data Dump'!$M:$M,'MLA FEED'!U$2) -> 0 | V5: =COUNTIFS('MLA Data Dump'!$H:$H,'MLA FEED'!$B5,'MLA Data Dump'!$M:$M,'MLA FEED'!V$2) -> 0 | W5: =SUBTOTAL(9,T5:V5) -> 1 | X5: =COUNTIFS('MLA Data Dump'!$H:$H,'MLA FEED'!$B5,'MLA Data Dump'!$M:$M,'MLA FEED'!X$2) -> 0 | Y5: =COUNTIFS('MLA Data Dump'!$H:$H,'MLA FEED'!$B5,'MLA Data Dump'!$M:$M,'MLA FEED'!Y$2) -> 0 | Z5: =COUNTIFS('MLA Data Dump'!$H:$H,'MLA FEED'!$B5,'MLA Data Dump'!$M:$M,'MLA FEED'!Z$2) -> 0 | AA5: =SUBTOTAL(9,X5:Z5) -> 0 | AB5: =COUNTIFS('MLA Data Dump'!$H:$H,'MLA FEED'!$B5,'MLA Data Dump'!$M:$M,'MLA FEED'!AB$2) -> 0 | AC5: =COUNTIFS('MLA Data Dump'!$H:$H,'MLA FEED'!$B5,'MLA Data Dump'!$M:$M,'MLA FEED'!AC$2) -> 5 | AD5: =COUNTIFS('MLA Data Dump'!$H:$H,'MLA FEED'!$B5,'MLA Data Dump'!$M:$M,'MLA FEED'!AD$2) -> 0 | AE5: =SUBTOTAL(9,AB5:AD5) -> 5 | AF5: =COUNTIFS('MLA Data Dump'!$H:$H,'MLA FEED'!$B5,'MLA Data Dump'!$M:$M,'MLA FEED'!AF$2) -> 0 | AG5: =COUNTIFS('MLA Data Dump'!$H:$H,'MLA FEED'!$B5,'MLA Data Dump'!$M:$M,'MLA FEED'!AG$2) -> 0 | AH5: =COUNTIFS('MLA Data Dump'!$H:$H,'MLA FEED'!$B5,'MLA Data Dump'!$M:$M,'MLA FEED'!AH$2) -> 0 | AI5: =SUBTOTAL(9,AF5:AH5) -> 0 | AJ5: =SUBTOTAL(9,T5:AI5) -> 6
B6: Cyber Security Awareness - Business Email Compromise Scams | C6: =COUNTIFS('MLA Data Dump'!$H:$H,'MLA FEED'!$B6,'MLA Data Dump'!$M:$M,'MLA FEED'!C$2) -> 0 | D6: =COUNTIFS('MLA Data Dump'!$H:$H,'MLA FEED'!$B6,'MLA Data Dump'!$M:$M,'MLA FEED'!D$2) -> 0 | E6: =COUNTIFS('MLA Data Dump'!$H:$H,'MLA FEED'!$B6,'MLA Data Dump'!$M:$M,'MLA FEED'!E$2) -> 0 | F6: =SUBTOTAL(9,C6:E6) -> 0 | G6: =COUNTIFS('MLA Data Dump'!$H:$H,'MLA FEED'!$B6,'MLA Data Dump'!$M:$M,'MLA FEED'!G$2) -> 0 | H6: =COUNTIFS('MLA Data Dump'!$H:$H,'MLA FEED'!$B6,'MLA Data Dump'!$M:$M,'MLA FEED'!H$2) -> 0 | I6: =COUNTIFS('MLA Data Dump'!$H:$H,'MLA FEED'!$B6,'MLA Data Dump'!$M:$M,'MLA FEED'!I$2) -> 0 | J6: =SUBTOTAL(9,G6:I6) -> 0 | K6: =COUNTIFS('MLA Data Dump'!$H:$H,'MLA FEED'!$B6,'MLA Data Dump'!$M:$M,'MLA FEED'!K$2) -> 1 | L6: =COUNTIFS('MLA Data Dump'!$H:$H,'MLA FEED'!$B6,'MLA Data Dump'!$M:$M,'MLA FEED'!L$2) -> 0 | M6: =COUNTIFS('MLA Data Dump'!$H:$H,'MLA FEED'!$B6,'MLA Data Dump'!$M:$M,'MLA FEED'!M$2) -> 114 | N6: =SUBTOTAL(9,K6:M6) -> 115 | O6: =COUNTIFS('MLA Data Dump'!$H:$H,'MLA FEED'!$B6,'MLA Data Dump'!$M:$M,'MLA FEED'!O$2) -> 42 | P6: =COUNTIFS('MLA Data Dump'!$H:$H,'MLA FEED'!$B6,'MLA Data Dump'!$M:$M,'MLA FEED'!P$2) -> 61 | Q6: =COUNTIFS('MLA Data Dump'!$H:$H,'MLA FEED'!$B6,'MLA Data Dump'!$M:$M,'MLA FEED'!Q$2) -> 36 | R6: =SUBTOTAL(9,O6:Q6) -> 139 | S6: =SUBTOTAL(9,C6:R6) -> 254 | T6: =COUNTIFS('MLA Data Dump'!$H:$H,'MLA FEED'!$B6,'MLA Data Dump'!$M:$M,'MLA FEED'!T$2) -> 22 | U6: =COUNTIFS('MLA Data Dump'!$H:$H,'MLA FEED'!$B6,'MLA Data Dump'!$M:$M,'MLA FEED'!U$2) -> 20 | V6: =COUNTIFS('MLA Data Dump'!$H:$H,'MLA FEED'!$B6,'MLA Data Dump'!$M:$M,'MLA FEED'!V$2) -> 6 | W6: =SUBTOTAL(9,T6:V6) -> 48 | X6: =COUNTIFS('MLA Data Dump'!$H:$H,'MLA FEED'!$B6,'MLA Data Dump'!$M:$M,'MLA FEED'!X$2) -> 14 | Y6: =COUNTIFS('MLA Data Dump'!$H:$H,'MLA FEED'!$B6,'MLA Data Dump'!$M:$M,'MLA FEED'!Y$2) -> 9 | Z6: =COUNTIFS('MLA Data Dump'!$H:$H,'MLA FEED'!$B6,'MLA Data Dump'!$M:$M,'MLA FEED'!Z$2) -> 6 | AA6: =SUBTOTAL(9,X6:Z6) -> 29 | AB6: =COUNTIFS('MLA Data Dump'!$H:$H,'MLA FEED'!$B6,'MLA Data Dump'!$M:$M,'MLA FEED'!AB$2) -> 6 | AC6: =COUNTIFS('MLA Data Dump'!$H:$H,'MLA FEED'!$B6,'MLA Data Dump'!$M:$M,'MLA FEED'!AC$2) -> 13 | AD6: =COUNTIFS('MLA Data Dump'!$H:$H,'MLA FEED'!$B6,'MLA Data Dump'!$M:$M,'MLA FEED'!AD$2) -> 31 | AE6: =SUBTOTAL(9,AB6:AD6) -> 50 | AF6: =COUNTIFS('MLA Data Dump'!$H:$H,'MLA FEED'!$B6,'MLA Data Dump'!$M:$M,'MLA FEED'!AF$2) -> 39 | AG6: =COUNTIFS('MLA Data Dump'!$H:$H,'MLA FEED'!$B6,'MLA Data Dump'!$M:$M,'MLA FEED'!AG$2) -> 88 | AH6: =COUNTIFS('MLA Data Dump'!$H:$H,'MLA FEED'!$B6,'MLA Data Dump'!$M:$M,'MLA FEED'!AH$2) -> 0 | AI6: =SUBTOTAL(9,AF6:AH6) -> 127 | AJ6: =SUBTOTAL(9,T6:AI6) -> 254
B7: Cyber Security Awareness - Introduction | C7: =COUNTIFS('MLA Data Dump'!$H:$H,'MLA FEED'!$B7,'MLA Data Dump'!$M:$M,'MLA FEED'!C$2) -> 0 | D7: =COUNTIFS('MLA Data Dump'!$H:$H,'MLA FEED'!$B7,'MLA Data Dump'!$M:$M,'MLA FEED'!D$2) -> 0 | E7: =COUNTIFS('MLA Data Dump'!$H:$H,'MLA FEED'!$B7,'MLA Data Dump'!$M:$M,'MLA FEED'!E$2) -> 0 | F7: =SUBTOTAL(9,C7:E7) -> 0 | G7: =COUNTIFS('MLA Data Dump'!$H:$H,'MLA FEED'!$B7,'MLA Data Dump'!$M:$M,'MLA FEED'!G$2) -> 0 | H7: =COUNTIFS('MLA Data Dump'!$H:$H,'MLA FEED'!$B7,'MLA Data Dump'!$M:$M,'MLA FEED'!H$2) -> 0 | I7: =COUNTIFS('MLA Data Dump'!$H:$H,'MLA FEED'!$B7,'MLA Data Dump'!$M:$M,'MLA FEED'!I$2) -> 1 | J7: =SUBTOTAL(9,G7:I7) -> 1 | K7: =COUNTIFS('MLA Data Dump'!$H:$H,'MLA FEED'!$B7,'MLA Data Dump'!$M:$M,'MLA FEED'!K$2) -> 0 | L7: =COUNTIFS('MLA Data Dump'!$H:$H,'MLA FEED'!$B7,'MLA Data Dump'!$M:$M,'MLA FEED'!L$2) -> 0 | M7: =COUNTIFS('MLA Data Dump'!$H:$H,'MLA FEED'!$B7,'MLA Data Dump'!$M:$M,'MLA FEED'!M$2) -> 106 | N7: =SUBTOTAL(9,K7:M7) -> 106 | O7: =COUNTIFS('MLA Data Dump'!$H:$H,'MLA FEED'!$B7,'MLA Data Dump'!$M:$M,'MLA FEED'!O$2) -> 47 | P7: =COUNTIFS('MLA Data Dump'!$H:$H,'MLA FEED'!$B7,'MLA Data Dump'!$M:$M,'MLA FEED'!P$2) -> 62 | Q7: =COUNTIFS('MLA Data Dump'!$H:$H,'MLA FEED'!$B7,'MLA Data Dump'!$M:$M,'MLA FEED'!Q$2) -> 40 | R7: =SUBTOTAL(9,O7:Q7) -> 149 | S7: =SUBTOTAL(9,C7:R7) -> 256 | T7: =COUNTIFS('MLA Data Dump'!$H:$H,'MLA FEED'!$B7,'MLA Data Dump'!$M:$M,'MLA FEED'!T$2) -> 23 | U7: =COUNTIFS('MLA Data Dump'!$H:$H,'MLA FEED'!$B7,'MLA Data Dump'!$M:$M,'MLA FEED'!U$2) -> 16 | V7: =COUNTIFS('MLA Data Dump'!$H:$H,'MLA FEED'!$B7,'MLA Data Dump'!$M:$M,'MLA FEED'!V$2) -> 5 | W7: =SUBTOTAL(9,T7:V7) -> 44 | X7: =COUNTIFS('MLA Data Dump'!$H:$H,'MLA FEED'!$B7,'MLA Data Dump'!$M:$M,'MLA FEED'!X$2) -> 15 | Y7: =COUNTIFS('MLA Data Dump'!$H:$H,'MLA FEED'!$B7,'MLA Data Dump'!$M:$M,'MLA FEED'!Y$2) -> 10 | Z7: =COUNTIFS('MLA Data Dump'!$H:$H,'MLA FEED'!$B7,'MLA Data Dump'!$M:$M,'MLA FEED'!Z$2) -> 4 | AA7: =SUBTOTAL(9,X7:Z7) -> 29 | AB7: =COUNTIFS('MLA Data Dump'!$H:$H,'MLA FEED'!$B7,'MLA Data Dump'!$M:$M,'MLA FEED'!AB$2) -> 5 | AC7: =COUNTIFS('MLA Data Dump'!$H:$H,'MLA FEED'!$B7,'MLA Data Dump'!$M:$M,'MLA FEED'!AC$2) -> 13 | AD7: =COUNTIFS('MLA Data Dump'!$H:$H,'MLA FEED'!$B7,'MLA Data Dump'!$M:$M,'MLA FEED'!AD$2) -> 36 | AE7: =SUBTOTAL(9,AB7:AD7) -> 54 | AF7: =COUNTIFS('MLA Data Dump'!$H:$H,'MLA FEED'!$B7,'MLA Data Dump'!$M:$M,'MLA FEED'!AF$2) -> 39 | AG7: =COUNTIFS('MLA Data Dump'!$H:$H,'MLA FEED'!$B7,'MLA Data Dump'!$M:$M,'MLA FEED'!AG$2) -> 90 | AH7: =COUNTIFS('MLA Data Dump'!$H:$H,'MLA FEED'!$B7,'MLA Data Dump'!$M:$M,'MLA FEED'!AH$2) -> 0 | AI7: =SUBTOTAL(9,AF7:AH7) -> 129 | AJ7: =SUBTOTAL(9,T7:AI7) -> 256
B8: Cyber Security Awareness - Malicious Links | C8: =COUNTIFS('MLA Data Dump'!$H:$H,'MLA FEED'!$B8,'MLA Data Dump'!$M:$M,'MLA FEED'!C$2) -> 0 | D8: =COUNTIFS('MLA Data Dump'!$H:$H,'MLA FEED'!$B8,'MLA Data Dump'!$M:$M,'MLA FEED'!D$2) -> 0 | E8: =COUNTIFS('MLA Data Dump'!$H:$H,'MLA FEED'!$B8,'MLA Data Dump'!$M:$M,'MLA FEED'!E$2) -> 0 | F8: =SUBTOTAL(9,C8:E8) -> 0 | G8: =COUNTIFS('MLA Data Dump'!$H:$H,'MLA FEED'!$B8,'MLA Data Dump'!$M:$M,'MLA FEED'!G$2) -> 0 | H8: =COUNTIFS('MLA Data Dump'!$H:$H,'MLA FEED'!$B8,'MLA Data Dump'!$M:$M,'MLA FEED'!H$2) -> 0 | I8: =COUNTIFS('MLA Data Dump'!$H:$H,'MLA FEED'!$B8,'MLA Data Dump'!$M:$M,'MLA FEED'!I$2) -> 0 | J8: =SUBTOTAL(9,G8:I8) -> 0 | K8: =COUNTIFS('MLA Data Dump'!$H:$H,'MLA FEED'!$B8,'MLA Data Dump'!$M:$M,'MLA FEED'!K$2) -> 0 | L8: =COUNTIFS('MLA Data Dump'!$H:$H,'MLA FEED'!$B8,'MLA Data Dump'!$M:$M,'MLA FEED'!L$2) -> 0 | M8: =COUNTIFS('MLA Data Dump'!$H:$H,'MLA FEED'!$B8,'MLA Data Dump'!$M:$M,'MLA FEED'!M$2) -> 118 | N8: =SUBTOTAL(9,K8:M8) -> 118 | O8: =COUNTIFS('MLA Data Dump'!$H:$H,'MLA FEED'!$B8,'MLA Data Dump'!$M:$M,'MLA FEED'!O$2) -> 43 | P8: =COUNTIFS('MLA Data Dump'!$H:$H,'MLA FEED'!$B8,'MLA Data Dump'!$M:$M,'MLA FEED'!P$2) -> 59 | Q8: =COUNTIFS('MLA Data Dump'!$H:$H,'MLA FEED'!$B8,'MLA Data Dump'!$M:$M,'MLA FEED'!Q$2) -> 39 | R8: =SUBTOTAL(9,O8:Q8) -> 141 | S8: =SUBTOTAL(9,C8:R8) -> 259 | T8: =COUNTIFS('MLA Data Dump'!$H:$H,'MLA FEED'!$B8,'MLA Data Dump'!$M:$M,'MLA FEED'!T$2) -> 24 | U8: =COUNTIFS('MLA Data Dump'!$H:$H,'MLA FEED'!$B8,'MLA Data Dump'!$M:$M,'MLA FEED'!U$2) -> 16 | V8: =COUNTIFS('MLA Data Dump'!$H:$H,'MLA FEED'!$B8,'MLA Data Dump'!$M:$M,'MLA FEED'!V$2) -> 5 | W8: =SUBTOTAL(9,T8:V8) -> 45 | X8: =COUNTIFS('MLA Data Dump'!$H:$H,'MLA FEED'!$B8,'MLA Data Dump'!$M:$M,'MLA FEED'!X$2) -> 16 | Y8: =COUNTIFS('MLA Data Dump'!$H:$H,'MLA FEED'!$B8,'MLA Data Dump'!$M:$M,'MLA FEED'!Y$2) -> 8 | Z8: =COUNTIFS('MLA Data Dump'!$H:$H,'MLA FEED'!$B8,'MLA Data Dump'!$M:$M,'MLA FEED'!Z$2) -> 4 | AA8: =SUBTOTAL(9,X8:Z8) -> 28 | AB8: =COUNTIFS('MLA Data Dump'!$H:$H,'MLA FEED'!$B8,'MLA Data Dump'!$M:$M,'MLA FEED'!AB$2) -> 6 | AC8: =COUNTIFS('MLA Data Dump'!$H:$H,'MLA FEED'!$B8,'MLA Data Dump'!$M:$M,'MLA FEED'!AC$2) -> 14 | AD8: =COUNTIFS('MLA Data Dump'!$H:$H,'MLA FEED'!$B8,'MLA Data Dump'!$M:$M,'MLA FEED'!AD$2) -> 29 | AE8: =SUBTOTAL(9,AB8:AD8) -> 49 | AF8: =COUNTIFS('MLA Data Dump'!$H:$H,'MLA FEED'!$B8,'MLA Data Dump'!$M:$M,'MLA FEED'!AF$2) -> 37 | AG8: =COUNTIFS('MLA Data Dump'!$H:$H,'MLA FEED'!$B8,'MLA Data Dump'!$M:$M,'MLA FEED'!AG$2) -> 91 | AH8: =COUNTIFS('MLA Data Dump'!$H:$H,'MLA FEED'!$B8,'MLA Data Dump'!$M:$M,'MLA FEED'!AH$2) -> 0 | AI8: =SUBTOTAL(9,AF8:AH8) -> 128 | AJ8: =SUBTOTAL(9,T8:AI8) -> 250
B9: Cyber Security Awareness - Surfing the Web | C9: =COUNTIFS('MLA Data Dump'!$H:$H,'MLA FEED'!$B9,'MLA Data Dump'!$M:$M,'MLA FEED'!C$2) -> 0 | D9: =COUNTIFS('MLA Data Dump'!$H:$H,'MLA FEED'!$B9,'MLA Data Dump'!$M:$M,'MLA FEED'!D$2) -> 0 | E9: =COUNTIFS('MLA Data Dump'!$H:$H,'MLA FEED'!$B9,'MLA Data Dump'!$M:$M,'MLA FEED'!E$2) -> 0 | F9: =SUBTOTAL(9,C9:E9) -> 0 | G9: =COUNTIFS('MLA Data Dump'!$H:$H,'MLA FEED'!$B9,'MLA Data Dump'!$M:$M,'MLA FEED'!G$2) -> 1 | H9: =COUNTIFS('MLA Data Dump'!$H:$H,'MLA FEED'!$B9,'MLA Data Dump'!$M:$M,'MLA FEED'!H$2) -> 0 | I9: =COUNTIFS('MLA Data Dump'!$H:$H,'MLA FEED'!$B9,'MLA Data Dump'!$M:$M,'MLA FEED'!I$2) -> 0 | J9: =SUBTOTAL(9,G9:I9) -> 1 | K9: =COUNTIFS('MLA Data Dump'!$H:$H,'MLA FEED'!$B9,'MLA Data Dump'!$M:$M,'MLA FEED'!K$2) -> 0 | L9: =COUNTIFS('MLA Data Dump'!$H:$H,'MLA FEED'!$B9,'MLA Data Dump'!$M:$M,'MLA FEED'!L$2) -> 0 | M9: =COUNTIFS('MLA Data Dump'!$H:$H,'MLA FEED'!$B9,'MLA Data Dump'!$M:$M,'MLA FEED'!M$2) -> 122 | N9: =SUBTOTAL(9,K9:M9) -> 122 | O9: =COUNTIFS('MLA Data Dump'!$H:$H,'MLA FEED'!$B9,'MLA Data Dump'!$M:$M,'MLA FEED'!O$2) -> 42 | P9: =COUNTIFS('MLA Data Dump'!$H:$H,'MLA FEED'!$B9,'MLA Data Dump'!$M:$M,'MLA FEED'!P$2) -> 59 | Q9: =COUNTIFS('MLA Data Dump'!$H:$H,'MLA FEED'!$B9,'MLA Data Dump'!$M:$M,'MLA FEED'!Q$2) -> 39 | R9: =SUBTOTAL(9,O9:Q9) -> 140 | S9: =SUBTOTAL(9,C9:R9) -> 263 | T9: =COUNTIFS('MLA Data Dump'!$H:$H,'MLA FEED'!$B9,'MLA Data Dump'!$M:$M,'MLA FEED'!T$2) -> 23 | U9: =COUNTIFS('MLA Data Dump'!$H:$H,'MLA FEED'!$B9,'MLA Data Dump'!$M:$M,'MLA FEED'!U$2) -> 19 | V9: =COUNTIFS('MLA Data Dump'!$H:$H,'MLA FEED'!$B9,'MLA Data Dump'!$M:$M,'MLA FEED'!V$2) -> 4 | W9: =SUBTOTAL(9,T9:V9) -> 46 | X9: =COUNTIFS('MLA Data Dump'!$H:$H,'MLA FEED'!$B9,'MLA Data Dump'!$M:$M,'MLA FEED'!X$2) -> 15 | Y9: =COUNTIFS('MLA Data Dump'!$H:$H,'MLA FEED'!$B9,'MLA Data Dump'!$M:$M,'MLA FEED'!Y$2) -> 8 | Z9: =COUNTIFS('MLA Data Dump'!$H:$H,'MLA FEED'!$B9,'MLA Data Dump'!$M:$M,'MLA FEED'!Z$2) -> 6 | AA9: =SUBTOTAL(9,X9:Z9) -> 29 | AB9: =COUNTIFS('MLA Data Dump'!$H:$H,'MLA FEED'!$B9,'MLA Data Dump'!$M:$M,'MLA FEED'!AB$2) -> 7 | AC9: =COUNTIFS('MLA Data Dump'!$H:$H,'MLA FEED'!$B9,'MLA Data Dump'!$M:$M,'MLA FEED'!AC$2) -> 12 | AD9: =COUNTIFS('MLA Data Dump'!$H:$H,'MLA FEED'!$B9,'MLA Data Dump'!$M:$M,'MLA FEED'!AD$2) -> 31 | AE9: =SUBTOTAL(9,AB9:AD9) -> 50 | AF9: =COUNTIFS('MLA Data Dump'!$H:$H,'MLA FEED'!$B9,'MLA Data Dump'!$M:$M,'MLA FEED'!AF$2) -> 35 | AG9: =COUNTIFS('MLA Data Dump'!$H:$H,'MLA FEED'!$B9,'MLA Data Dump'!$M:$M,'MLA FEED'!AG$2) -> 85 | AH9: =COUNTIFS('MLA Data Dump'!$H:$H,'MLA FEED'!$B9,'MLA Data Dump'!$M:$M,'MLA FEED'!AH$2) -> 0 | AI9: =SUBTOTAL(9,AF9:AH9) -> 120 | AJ9: =SUBTOTAL(9,T9:AI9) -> 245
B10: Cyber Security Toolkit | C10: =COUNTIFS('MLA Data Dump'!$H:$H,'MLA FEED'!$B10,'MLA Data Dump'!$M:$M,'MLA FEED'!C$2) -> 0 | D10: =COUNTIFS('MLA Data Dump'!$H:$H,'MLA FEED'!$B10,'MLA Data Dump'!$M:$M,'MLA FEED'!D$2) -> 0 | E10: =COUNTIFS('MLA Data Dump'!$H:$H,'MLA FEED'!$B10,'MLA Data Dump'!$M:$M,'MLA FEED'!E$2) -> 0 | F10: =SUBTOTAL(9,C10:E10) -> 0 | G10: =COUNTIFS('MLA Data Dump'!$H:$H,'MLA FEED'!$B10,'MLA Data Dump'!$M:$M,'MLA FEED'!G$2) -> 0 | H10: =COUNTIFS('MLA Data Dump'!$H:$H,'MLA FEED'!$B10,'MLA Data Dump'!$M:$M,'MLA FEED'!H$2) -> 0 | I10: =COUNTIFS('MLA Data Dump'!$H:$H,'MLA FEED'!$B10,'MLA Data Dump'!$M:$M,'MLA FEED'!I$2) -> 0 | J10: =SUBTOTAL(9,G10:I10) -> 0 | K10: =COUNTIFS('MLA Data Dump'!$H:$H,'MLA FEED'!$B10,'MLA Data Dump'!$M:$M,'MLA FEED'!K$2) -> 0 | L10: =COUNTIFS('MLA Data Dump'!$H:$H,'MLA FEED'!$B10,'MLA Data Dump'!$M:$M,'MLA FEED'!L$2) -> 0 | M10: =COUNTIFS('MLA Data Dump'!$H:$H,'MLA FEED'!$B10,'MLA Data Dump'!$M:$M,'MLA FEED'!M$2) -> 126 | N10: =SUBTOTAL(9,K10:M10) -> 126 | O10: =COUNTIFS('MLA Data Dump'!$H:$H,'MLA FEED'!$B10,'MLA Data Dump'!$M:$M,'MLA FEED'!O$2) -> 41 | P10: =COUNTIFS('MLA Data Dump'!$H:$H,'MLA FEED'!$B10,'MLA Data Dump'!$M:$M,'MLA FEED'!P$2) -> 57 | Q10: =COUNTIFS('MLA Data Dump'!$H:$H,'MLA FEED'!$B10,'MLA Data Dump'!$M:$M,'MLA FEED'!Q$2) -> 42 | R10: =SUBTOTAL(9,O10:Q10) -> 140 | S10: =SUBTOTAL(9,C10:R10) -> 266 | T10: =COUNTIFS('MLA Data Dump'!$H:$H,'MLA FEED'!$B10,'MLA Data Dump'!$M:$M,'MLA FEED'!T$2) -> 23 | U10: =COUNTIFS('MLA Data Dump'!$H:$H,'MLA FEED'!$B10,'MLA Data Dump'!$M:$M,'MLA FEED'!U$2) -> 20 | V10: =COUNTIFS('MLA Data Dump'!$H:$H,'MLA FEED'!$B10,'MLA Data Dump'!$M:$M,'MLA FEED'!V$2) -> 6 | W10: =SUBTOTAL(9,T10:V10) -> 49 | X10: =COUNTIFS('MLA Data Dump'!$H:$H,'MLA FEED'!$B10,'MLA Data Dump'!$M:$M,'MLA FEED'!X$2) -> 16 | Y10: =COUNTIFS('MLA Data Dump'!$H:$H,'MLA FEED'!$B10,'MLA Data Dump'!$M:$M,'MLA FEED'!Y$2) -> 9 | Z10: =COUNTIFS('MLA Data Dump'!$H:$H,'MLA FEED'!$B10,'MLA Data Dump'!$M:$M,'MLA FEED'!Z$2) -> 6 | AA10: =SUBTOTAL(9,X10:Z10) -> 31 | AB10: =COUNTIFS('MLA Data Dump'!$H:$H,'MLA FEED'!$B10,'MLA Data Dump'!$M:$M,'MLA FEED'!AB$2) -> 8 | AC10: =COUNTIFS('MLA Data Dump'!$H:$H,'MLA FEED'!$B10,'MLA Data Dump'!$M:$M,'MLA FEED'!AC$2) -> 12 | AD10: =COUNTIFS('MLA Data Dump'!$H:$H,'MLA FEED'!$B10,'MLA Data Dump'!$M:$M,'MLA FEED'!AD$2) -> 31 | AE10: =SUBTOTAL(9,AB10:AD10) -> 51 | AF10: =COUNTIFS('MLA Data Dump'!$H:$H,'MLA FEED'!$B10,'MLA Data Dump'!$M:$M,'MLA FEED'!AF$2) -> 38 | AG10: =COUNTIFS('MLA Data Dump'!$H:$H,'MLA FEED'!$B10,'MLA Data Dump'!$M:$M,'MLA FEED'!AG$2) -> 88 | AH10: =COUNTIFS('MLA Data Dump'!$H:$H,'MLA FEED'!$B10,'MLA Data Dump'!$M:$M,'MLA FEED'!AH$2) -> 0 | AI10: =SUBTOTAL(9,AF10:AH10) -> 126 | AJ10: =SUBTOTAL(9,T10:AI10) -> 257
B11: Flexible Working Guidelines | C11: =COUNTIFS('MLA Data Dump'!$H:$H,'MLA FEED'!$B11,'MLA Data Dump'!$M:$M,'MLA FEED'!C$2) -> 2 | D11: =COUNTIFS('MLA Data Dump'!$H:$H,'MLA FEED'!$B11,'MLA Data Dump'!$M:$M,'MLA FEED'!D$2) -> 10 | E11: =COUNTIFS('MLA Data Dump'!$H:$H,'MLA FEED'!$B11,'MLA Data Dump'!$M:$M,'MLA FEED'!E$2) -> 1 | F11: =SUBTOTAL(9,C11:E11) -> 13 | G11: =COUNTIFS('MLA Data Dump'!$H:$H,'MLA FEED'!$B11,'MLA Data Dump'!$M:$M,'MLA FEED'!G$2) -> 1 | H11: =COUNTIFS('MLA Data Dump'!$H:$H,'MLA FEED'!$B11,'MLA Data Dump'!$M:$M,'MLA FEED'!H$2) -> 2 | I11: =COUNTIFS('MLA Data Dump'!$H:$H,'MLA FEED'!$B11,'MLA Data Dump'!$M:$M,'MLA FEED'!I$2) -> 6 | J11: =SUBTOTAL(9,G11:I11) -> 9 | K11: =COUNTIFS('MLA Data Dump'!$H:$H,'MLA FEED'!$B11,'MLA Data Dump'!$M:$M,'MLA FEED'!K$2) -> 3 | L11: =COUNTIFS('MLA Data Dump'!$H:$H,'MLA FEED'!$B11,'MLA Data Dump'!$M:$M,'MLA FEED'!L$2) -> 3 | M11: =COUNTIFS('MLA Data Dump'!$H:$H,'MLA FEED'!$B11,'MLA Data Dump'!$M:$M,'MLA FEED'!M$2) -> 3 | N11: =SUBTOTAL(9,K11:M11) -> 9 | O11: =COUNTIFS('MLA Data Dump'!$H:$H,'MLA FEED'!$B11,'MLA Data Dump'!$M:$M,'MLA FEED'!O$2) -> 7 | P11: =COUNTIFS('MLA Data Dump'!$H:$H,'MLA FEED'!$B11,'MLA Data Dump'!$M:$M,'MLA FEED'!P$2) -> 9 | Q11: =COUNTIFS('MLA Data Dump'!$H:$H,'MLA FEED'!$B11,'MLA Data Dump'!$M:$M,'MLA FEED'!Q$2) -> 5 | R11: =SUBTOTAL(9,O11:Q11) -> 21 | S11: =SUBTOTAL(9,C11:R11) -> 52 | T11: =COUNTIFS('MLA Data Dump'!$H:$H,'MLA FEED'!$B11,'MLA Data Dump'!$M:$M,'MLA FEED'!T$2) -> 7 | U11: =COUNTIFS('MLA Data Dump'!$H:$H,'MLA FEED'!$B11,'MLA Data Dump'!$M:$M,'MLA FEED'!U$2) -> 9 | V11: =COUNTIFS('MLA Data Dump'!$H:$H,'MLA FEED'!$B11,'MLA Data Dump'!$M:$M,'MLA FEED'!V$2) -> 8 | W11: =SUBTOTAL(9,T11:V11) -> 24 | X11: =COUNTIFS('MLA Data Dump'!$H:$H,'MLA FEED'!$B11,'MLA Data Dump'!$M:$M,'MLA FEED'!X$2) -> 6 | Y11: =COUNTIFS('MLA Data Dump'!$H:$H,'MLA FEED'!$B11,'MLA Data Dump'!$M:$M,'MLA FEED'!Y$2) -> 10 | Z11: =COUNTIFS('MLA Data Dump'!$H:$H,'MLA FEED'!$B11,'MLA Data Dump'!$M:$M,'MLA FEED'!Z$2) -> 6 | AA11: =SUBTOTAL(9,X11:Z11) -> 22 | AB11: =COUNTIFS('MLA Data Dump'!$H:$H,'MLA FEED'!$B11,'MLA Data Dump'!$M:$M,'MLA FEED'!AB$2) -> 4 | AC11: =COUNTIFS('MLA Data Dump'!$H:$H,'MLA FEED'!$B11,'MLA Data Dump'!$M:$M,'MLA FEED'!AC$2) -> 7 | AD11: =COUNTIFS('MLA Data Dump'!$H:$H,'MLA FEED'!$B11,'MLA Data Dump'!$M:$M,'MLA FEED'!AD$2) -> 14 | AE11: =SUBTOTAL(9,AB11:AD11) -> 25 | AF11: =COUNTIFS('MLA Data Dump'!$H:$H,'MLA FEED'!$B11,'MLA Data Dump'!$M:$M,'MLA FEED'!AF$2) -> 7 | AG11: =COUNTIFS('MLA Data Dump'!$H:$H,'MLA FEED'!$B11,'MLA Data Dump'!$M:$M,'MLA FEED'!AG$2) -> 11 | AH11: =COUNTIFS('MLA Data Dump'!$H:$H,'MLA FEED'!$B11,'MLA Data Dump'!$M:$M,'MLA FEED'!AH$2) -> 0 | AI11: =SUBTOTAL(9,AF11:AH11) -> 18 | AJ11: =SUBTOTAL(9,T11:AI11) -> 89
B12: Getting to know SGH | C12: =COUNTIFS('MLA Data Dump'!$H:$H,'MLA FEED'!$B12,'MLA Data Dump'!$M:$M,'MLA FEED'!C$2) -> 14 | D12: =COUNTIFS('MLA Data Dump'!$H:$H,'MLA FEED'!$B12,'MLA Data Dump'!$M:$M,'MLA FEED'!D$2) -> 12 | E12: =COUNTIFS('MLA Data Dump'!$H:$H,'MLA FEED'!$B12,'MLA Data Dump'!$M:$M,'MLA FEED'!E$2) -> 3 | F12: =SUBTOTAL(9,C12:E12) -> 29 | G12: =COUNTIFS('MLA Data Dump'!$H:$H,'MLA FEED'!$B12,'MLA Data Dump'!$M:$M,'MLA FEED'!G$2) -> 2 | H12: =COUNTIFS('MLA Data Dump'!$H:$H,'MLA FEED'!$B12,'MLA Data Dump'!$M:$M,'MLA FEED'!H$2) -> 2 | I12: =COUNTIFS('MLA Data Dump'!$H:$H,'MLA FEED'!$B12,'MLA Data Dump'!$M:$M,'MLA FEED'!I$2) -> 5 | J12: =SUBTOTAL(9,G12:I12) -> 9 | K12: =COUNTIFS('MLA Data Dump'!$H:$H,'MLA FEED'!$B12,'MLA Data Dump'!$M:$M,'MLA FEED'!K$2) -> 4 | L12: =COUNTIFS('MLA Data Dump'!$H:$H,'MLA FEED'!$B12,'MLA Data Dump'!$M:$M,'MLA FEED'!L$2) -> 2 | M12: =COUNTIFS('MLA Data Dump'!$H:$H,'MLA FEED'!$B12,'MLA Data Dump'!$M:$M,'MLA FEED'!M$2) -> 4 | N12: =SUBTOTAL(9,K12:M12) -> 10 | O12: =COUNTIFS('MLA Data Dump'!$H:$H,'MLA FEED'!$B12,'MLA Data Dump'!$M:$M,'MLA FEED'!O$2) -> 8 | P12: =COUNTIFS('MLA Data Dump'!$H:$H,'MLA FEED'!$B12,'MLA Data Dump'!$M:$M,'MLA FEED'!P$2) -> 11 | Q12: =COUNTIFS('MLA Data Dump'!$H:$H,'MLA FEED'!$B12,'MLA Data Dump'!$M:$M,'MLA FEED'!Q$2) -> 6 | R12: =SUBTOTAL(9,O12:Q12) -> 25 | S12: =SUBTOTAL(9,C12:R12) -> 73 | T12: =COUNTIFS('MLA Data Dump'!$H:$H,'MLA FEED'!$B12,'MLA Data Dump'!$M:$M,'MLA FEED'!T$2) -> 9 | U12: =COUNTIFS('MLA Data Dump'!$H:$H,'MLA FEED'!$B12,'MLA Data Dump'!$M:$M,'MLA FEED'!U$2) -> 13 | V12: =COUNTIFS('MLA Data Dump'!$H:$H,'MLA FEED'!$B12,'MLA Data Dump'!$M:$M,'MLA FEED'!V$2) -> 6 | W12: =SUBTOTAL(9,T12:V12) -> 28 | X12: =COUNTIFS('MLA Data Dump'!$H:$H,'MLA FEED'!$B12,'MLA Data Dump'!$M:$M,'MLA FEED'!X$2) -> 6 | Y12: =COUNTIFS('MLA Data Dump'!$H:$H,'MLA FEED'!$B12,'MLA Data Dump'!$M:$M,'MLA FEED'!Y$2) -> 10 | Z12: =COUNTIFS('MLA Data Dump'!$H:$H,'MLA FEED'!$B12,'MLA Data Dump'!$M:$M,'MLA FEED'!Z$2) -> 7 | AA12: =SUBTOTAL(9,X12:Z12) -> 23 | AB12: =COUNTIFS('MLA Data Dump'!$H:$H,'MLA FEED'!$B12,'MLA Data Dump'!$M:$M,'MLA FEED'!AB$2) -> 6 | AC12: =COUNTIFS('MLA Data Dump'!$H:$H,'MLA FEED'!$B12,'MLA Data Dump'!$M:$M,'MLA FEED'!AC$2) -> 13 | AD12: =COUNTIFS('MLA Data Dump'!$H:$H,'MLA FEED'!$B12,'MLA Data Dump'!$M:$M,'MLA FEED'!AD$2) -> 15 | AE12: =SUBTOTAL(9,AB12:AD12) -> 34 | AF12: =COUNTIFS('MLA Data Dump'!$H:$H,'MLA FEED'!$B12,'MLA Data Dump'!$M:$M,'MLA FEED'!AF$2) -> 5 | AG12: =COUNTIFS('MLA Data Dump'!$H:$H,'MLA FEED'!$B12,'MLA Data Dump'!$M:$M,'MLA FEED'!AG$2) -> 15 | AH12: =COUNTIFS('MLA Data Dump'!$H:$H,'MLA FEED'!$B12,'MLA Data Dump'!$M:$M,'MLA FEED'!AH$2) -> 0 | AI12: =SUBTOTAL(9,AF12:AH12) -> 20 | AJ12: =SUBTOTAL(9,T12:AI12) -> 105
B13: Health and Safety Begins with You | C13: =COUNTIFS('MLA Data Dump'!$H:$H,'MLA FEED'!$B13,'MLA Data Dump'!$M:$M,'MLA FEED'!C$2) -> 8 | D13: =COUNTIFS('MLA Data Dump'!$H:$H,'MLA FEED'!$B13,'MLA Data Dump'!$M:$M,'MLA FEED'!D$2) -> 14 | E13: =COUNTIFS('MLA Data Dump'!$H:$H,'MLA FEED'!$B13,'MLA Data Dump'!$M:$M,'MLA FEED'!E$2) -> 7 | F13: =SUBTOTAL(9,C13:E13) -> 29 | G13: =COUNTIFS('MLA Data Dump'!$H:$H,'MLA FEED'!$B13,'MLA Data Dump'!$M:$M,'MLA FEED'!G$2) -> 5 | H13: =COUNTIFS('MLA Data Dump'!$H:$H,'MLA FEED'!$B13,'MLA Data Dump'!$M:$M,'MLA FEED'!H$2) -> 9 | I13: =COUNTIFS('MLA Data Dump'!$H:$H,'MLA FEED'!$B13,'MLA Data Dump'!$M:$M,'MLA FEED'!I$2) -> 6 | J13: =SUBTOTAL(9,G13:I13) -> 20 | K13: =COUNTIFS('MLA Data Dump'!$H:$H,'MLA FEED'!$B13,'MLA Data Dump'!$M:$M,'MLA FEED'!K$2) -> 4 | L13: =COUNTIFS('MLA Data Dump'!$H:$H,'MLA FEED'!$B13,'MLA Data Dump'!$M:$M,'MLA FEED'!L$2) -> 7 | M13: =COUNTIFS('MLA Data Dump'!$H:$H,'MLA FEED'!$B13,'MLA Data Dump'!$M:$M,'MLA FEED'!M$2) -> 9 | N13: =SUBTOTAL(9,K13:M13) -> 20 | O13: =COUNTIFS('MLA Data Dump'!$H:$H,'MLA FEED'!$B13,'MLA Data Dump'!$M:$M,'MLA FEED'!O$2) -> 10 | P13: =COUNTIFS('MLA Data Dump'!$H:$H,'MLA FEED'!$B13,'MLA Data Dump'!$M:$M,'MLA FEED'!P$2) -> 10 | Q13: =COUNTIFS('MLA Data Dump'!$H:$H,'MLA FEED'!$B13,'MLA Data Dump'!$M:$M,'MLA FEED'!Q$2) -> 7 | R13: =SUBTOTAL(9,O13:Q13) -> 27 | S13: =SUBTOTAL(9,C13:R13) -> 96 | T13: =COUNTIFS('MLA Data Dump'!$H:$H,'MLA FEED'!$B13,'MLA Data Dump'!$M:$M,'MLA FEED'!T$2) -> 8 | U13: =COUNTIFS('MLA Data Dump'!$H:$H,'MLA FEED'!$B13,'MLA Data Dump'!$M:$M,'MLA FEED'!U$2) -> 12 | V13: =COUNTIFS('MLA Data Dump'!$H:$H,'MLA FEED'!$B13,'MLA Data Dump'!$M:$M,'MLA FEED'!V$2) -> 10 | W13: =SUBTOTAL(9,T13:V13) -> 30 | X13: =COUNTIFS('MLA Data Dump'!$H:$H,'MLA FEED'!$B13,'MLA Data Dump'!$M:$M,'MLA FEED'!X$2) -> 10 | Y13: =COUNTIFS('MLA Data Dump'!$H:$H,'MLA FEED'!$B13,'MLA Data Dump'!$M:$M,'MLA FEED'!Y$2) -> 11 | Z13: =COUNTIFS('MLA Data Dump'!$H:$H,'MLA FEED'!$B13,'MLA Data Dump'!$M:$M,'MLA FEED'!Z$2) -> 6 | AA13: =SUBTOTAL(9,X13:Z13) -> 27 | AB13: =COUNTIFS('MLA Data Dump'!$H:$H,'MLA FEED'!$B13,'MLA Data Dump'!$M:$M,'MLA FEED'!AB$2) -> 5 | AC13: =COUNTIFS('MLA Data Dump'!$H:$H,'MLA FEED'!$B13,'MLA Data Dump'!$M:$M,'MLA FEED'!AC$2) -> 8 | AD13: =COUNTIFS('MLA Data Dump'!$H:$H,'MLA FEED'!$B13,'MLA Data Dump'!$M:$M,'MLA FEED'!AD$2) -> 11 | AE13: =SUBTOTAL(9,AB13:AD13) -> 24 | AF13: =COUNTIFS('MLA Data Dump'!$H:$H,'MLA FEED'!$B13,'MLA Data Dump'!$M:$M,'MLA FEED'!AF$2) -> 11 | AG13: =COUNTIFS('MLA Data Dump'!$H:$H,'MLA FEED'!$B13,'MLA Data Dump'!$M:$M,'MLA FEED'!AG$2) -> 18 | AH13: =COUNTIFS('MLA Data Dump'!$H:$H,'MLA FEED'!$B13,'MLA Data Dump'!$M:$M,'MLA FEED'!AH$2) -> 0 | AI13: =SUBTOTAL(9,AF13:AH13) -> 29 | AJ13: =SUBTOTAL(9,T13:AI13) -> 110
B14: Technology Usage - PCI Compliance | C14: =COUNTIFS('MLA Data Dump'!$H:$H,'MLA FEED'!$B14,'MLA Data Dump'!$M:$M,'MLA FEED'!C$2) -> 8 | D14: =COUNTIFS('MLA Data Dump'!$H:$H,'MLA FEED'!$B14,'MLA Data Dump'!$M:$M,'MLA FEED'!D$2) -> 10 | E14: =COUNTIFS('MLA Data Dump'!$H:$H,'MLA FEED'!$B14,'MLA Data Dump'!$M:$M,'MLA FEED'!E$2) -> 1 | F14: =SUBTOTAL(9,C14:E14) -> 19 | G14: =COUNTIFS('MLA Data Dump'!$H:$H,'MLA FEED'!$B14,'MLA Data Dump'!$M:$M,'MLA FEED'!G$2) -> 2 | H14: =COUNTIFS('MLA Data Dump'!$H:$H,'MLA FEED'!$B14,'MLA Data Dump'!$M:$M,'MLA FEED'!H$2) -> 2 | I14: =COUNTIFS('MLA Data Dump'!$H:$H,'MLA FEED'!$B14,'MLA Data Dump'!$M:$M,'MLA FEED'!I$2) -> 6 | J14: =SUBTOTAL(9,G14:I14) -> 10 | K14: =COUNTIFS('MLA Data Dump'!$H:$H,'MLA FEED'!$B14,'MLA Data Dump'!$M:$M,'MLA FEED'!K$2) -> 3 | L14: =COUNTIFS('MLA Data Dump'!$H:$H,'MLA FEED'!$B14,'MLA Data Dump'!$M:$M,'MLA FEED'!L$2) -> 2 | M14: =COUNTIFS('MLA Data Dump'!$H:$H,'MLA FEED'!$B14,'MLA Data Dump'!$M:$M,'MLA FEED'!M$2) -> 3 | N14: =SUBTOTAL(9,K14:M14) -> 8 | O14: =COUNTIFS('MLA Data Dump'!$H:$H,'MLA FEED'!$B14,'MLA Data Dump'!$M:$M,'MLA FEED'!O$2) -> 8 | P14: =COUNTIFS('MLA Data Dump'!$H:$H,'MLA FEED'!$B14,'MLA Data Dump'!$M:$M,'MLA FEED'!P$2) -> 10 | Q14: =COUNTIFS('MLA Data Dump'!$H:$H,'MLA FEED'!$B14,'MLA Data Dump'!$M:$M,'MLA FEED'!Q$2) -> 7 | R14: =SUBTOTAL(9,O14:Q14) -> 25 | S14: =SUBTOTAL(9,C14:R14) -> 62 | T14: =COUNTIFS('MLA Data Dump'!$H:$H,'MLA FEED'!$B14,'MLA Data Dump'!$M:$M,'MLA FEED'!T$2) -> 7 | U14: =COUNTIFS('MLA Data Dump'!$H:$H,'MLA FEED'!$B14,'MLA Data Dump'!$M:$M,'MLA FEED'!U$2) -> 9 | V14: =COUNTIFS('MLA Data Dump'!$H:$H,'MLA FEED'!$B14,'MLA Data Dump'!$M:$M,'MLA FEED'!V$2) -> 5 | W14: =SUBTOTAL(9,T14:V14) -> 21 | X14: =COUNTIFS('MLA Data Dump'!$H:$H,'MLA FEED'!$B14,'MLA Data Dump'!$M:$M,'MLA FEED'!X$2) -> 4 | Y14: =COUNTIFS('MLA Data Dump'!$H:$H,'MLA FEED'!$B14,'MLA Data Dump'!$M:$M,'MLA FEED'!Y$2) -> 9 | Z14: =COUNTIFS('MLA Data Dump'!$H:$H,'MLA FEED'!$B14,'MLA Data Dump'!$M:$M,'MLA FEED'!Z$2) -> 6 | AA14: =SUBTOTAL(9,X14:Z14) -> 19 | AB14: =COUNTIFS('MLA Data Dump'!$H:$H,'MLA FEED'!$B14,'MLA Data Dump'!$M:$M,'MLA FEED'!AB$2) -> 6 | AC14: =COUNTIFS('MLA Data Dump'!$H:$H,'MLA FEED'!$B14,'MLA Data Dump'!$M:$M,'MLA FEED'!AC$2) -> 13 | AD14: =COUNTIFS('MLA Data Dump'!$H:$H,'MLA FEED'!$B14,'MLA Data Dump'!$M:$M,'MLA FEED'!AD$2) -> 14 | AE14: =SUBTOTAL(9,AB14:AD14) -> 33 | AF14: =COUNTIFS('MLA Data Dump'!$H:$H,'MLA FEED'!$B14,'MLA Data Dump'!$M:$M,'MLA FEED'!AF$2) -> 6 | AG14: =COUNTIFS('MLA Data Dump'!$H:$H,'MLA FEED'!$B14,'MLA Data Dump'!$M:$M,'MLA FEED'!AG$2) -> 21 | AH14: =COUNTIFS('MLA Data Dump'!$H:$H,'MLA FEED'!$B14,'MLA Data Dump'!$M:$M,'MLA FEED'!AH$2) -> 0 | AI14: =SUBTOTAL(9,AF14:AH14) -> 27 | AJ14: =SUBTOTAL(9,T14:AI14) -> 100
A16: YTD - Mandatory Learning Activity | B16: YTD Bullying, Harassment and Discrimination - Module 1 | C16: =SUBTOTAL(9,$C3:C3) -> 5 | D16: =SUBTOTAL(9,$C3:D3) -> 22 | E16: =SUBTOTAL(9,$C3:E3) -> 22 | F16: =SUBTOTAL(9,$C3:F3) -> 22 | G16: =SUBTOTAL(9,$C3:G3) -> 25 | H16: =SUBTOTAL(9,$C3:H3) -> 27 | I16: =SUBTOTAL(9,$C3:I3) -> 34 | J16: =SUBTOTAL(9,$C3:J3) -> 34 | ... S16: =SUBTOTAL(9,$C3:S3) -> 78 | T16: =SUBTOTAL(9,$T3:T3) -> 9 | U16: =SUBTOTAL(9,$T3:U3) -> 19 | V16: =SUBTOTAL(9,$T3:V3) -> 25 | W16: =SUBTOTAL(9,$T3:W3) -> 25 | X16: =SUBTOTAL(9,$T3:X3) -> 28 | Y16: =SUBTOTAL(9,$T3:Y3) -> 39 | Z16: =SUBTOTAL(9,$T3:Z3) -> 43 | AA16: =SUBTOTAL(9,$T3:AA3) -> 43 | ... AJ16: =SUBTOTAL(9,$T3:AJ3) -> 97
B17: YTD Bullying, Harassment and Discrimination - Module 2 | C17: =SUBTOTAL(9,$C4:C4) -> 8 | D17: =SUBTOTAL(9,$C4:D4) -> 27 | E17: =SUBTOTAL(9,$C4:E4) -> 28 | F17: =SUBTOTAL(9,$C4:F4) -> 28 | G17: =SUBTOTAL(9,$C4:G4) -> 31 | H17: =SUBTOTAL(9,$C4:H4) -> 32 | I17: =SUBTOTAL(9,$C4:I4) -> 39 | J17: =SUBTOTAL(9,$C4:J4) -> 39 | ... S17: =SUBTOTAL(9,$C4:S4) -> 83 | T17: =SUBTOTAL(9,$T4:T4) -> 11 | U17: =SUBTOTAL(9,$T4:U4) -> 21 | V17: =SUBTOTAL(9,$T4:V4) -> 27 | W17: =SUBTOTAL(9,$T4:W4) -> 27 | X17: =SUBTOTAL(9,$T4:X4) -> 30 | Y17: =SUBTOTAL(9,$T4:Y4) -> 41 | Z17: =SUBTOTAL(9,$T4:Z4) -> 45 | AA17: =SUBTOTAL(9,$T4:AA4) -> 45 | ... AJ17: =SUBTOTAL(9,$T4:AJ4) -> 96
B18: YTD Bullying, Harassment and Discrimination for Team Leaders/Line Managers | C18: =SUBTOTAL(9,$C5:C5) -> 2 | D18: =SUBTOTAL(9,$C5:D5) -> 2 | E18: =SUBTOTAL(9,$C5:E5) -> 2 | F18: =SUBTOTAL(9,$C5:F5) -> 2 | G18: =SUBTOTAL(9,$C5:G5) -> 3 | H18: =SUBTOTAL(9,$C5:H5) -> 3 | I18: =SUBTOTAL(9,$C5:I5) -> 3 | J18: =SUBTOTAL(9,$C5:J5) -> 3 | ... S18: =SUBTOTAL(9,$C5:S5) -> 3 | T18: =SUBTOTAL(9,$T5:T5) -> 1 | U18: =SUBTOTAL(9,$T5:U5) -> 1 | V18: =SUBTOTAL(9,$T5:V5) -> 1 | W18: =SUBTOTAL(9,$T5:W5) -> 1 | X18: =SUBTOTAL(9,$T5:X5) -> 1 | Y18: =SUBTOTAL(9,$T5:Y5) -> 1 | Z18: =SUBTOTAL(9,$T5:Z5) -> 1 | AA18: =SUBTOTAL(9,$T5:AA5) -> 1 | ... AJ18: =SUBTOTAL(9,$T5:AJ5) -> 6
B19: YTD Cyber Security Awareness - Business Email Compromise Scams | C19: =SUBTOTAL(9,$C6:C6) -> 0 | D19: =SUBTOTAL(9,$C6:D6) -> 0 | E19: =SUBTOTAL(9,$C6:E6) -> 0 | F19: =SUBTOTAL(9,$C6:F6) -> 0 | G19: =SUBTOTAL(9,$C6:G6) -> 0 | H19: =SUBTOTAL(9,$C6:H6) -> 0 | I19: =SUBTOTAL(9,$C6:I6) -> 0 | J19: =SUBTOTAL(9,$C6:J6) -> 0 | ... S19: =SUBTOTAL(9,$C6:S6) -> 254 | T19: =SUBTOTAL(9,$T6:T6) -> 22 | U19: =SUBTOTAL(9,$T6:U6) -> 42 | V19: =SUBTOTAL(9,$T6:V6) -> 48 | W19: =SUBTOTAL(9,$T6:W6) -> 48 | X19: =SUBTOTAL(9,$T6:X6) -> 62 | Y19: =SUBTOTAL(9,$T6:Y6) -> 71 | Z19: =SUBTOTAL(9,$T6:Z6) -> 77 | AA19: =SUBTOTAL(9,$T6:AA6) -> 77 | ... AJ19: =SUBTOTAL(9,$T6:AJ6) -> 254
B20: YTD Cyber Security Awareness - Introduction | C20: =SUBTOTAL(9,$C7:C7) -> 0 | D20: =SUBTOTAL(9,$C7:D7) -> 0 | E20: =SUBTOTAL(9,$C7:E7) -> 0 | F20: =SUBTOTAL(9,$C7:F7) -> 0 | G20: =SUBTOTAL(9,$C7:G7) -> 0 | H20: =SUBTOTAL(9,$C7:H7) -> 0 | I20: =SUBTOTAL(9,$C7:I7) -> 1 | J20: =SUBTOTAL(9,$C7:J7) -> 1 | ... S20: =SUBTOTAL(9,$C7:S7) -> 256 | T20: =SUBTOTAL(9,$T7:T7) -> 23 | U20: =SUBTOTAL(9,$T7:U7) -> 39 | V20: =SUBTOTAL(9,$T7:V7) -> 44 | W20: =SUBTOTAL(9,$T7:W7) -> 44 | X20: =SUBTOTAL(9,$T7:X7) -> 59 | Y20: =SUBTOTAL(9,$T7:Y7) -> 69 | Z20: =SUBTOTAL(9,$T7:Z7) -> 73 | AA20: =SUBTOTAL(9,$T7:AA7) -> 73 | ... AJ20: =SUBTOTAL(9,$T7:AJ7) -> 256
B21: YTD Cyber Security Awareness - Malicious Links | C21: =SUBTOTAL(9,$C8:C8) -> 0 | D21: =SUBTOTAL(9,$C8:D8) -> 0 | E21: =SUBTOTAL(9,$C8:E8) -> 0 | F21: =SUBTOTAL(9,$C8:F8) -> 0 | G21: =SUBTOTAL(9,$C8:G8) -> 0 | H21: =SUBTOTAL(9,$C8:H8) -> 0 | I21: =SUBTOTAL(9,$C8:I8) -> 0 | J21: =SUBTOTAL(9,$C8:J8) -> 0 | ... S21: =SUBTOTAL(9,$C8:S8) -> 259 | T21: =SUBTOTAL(9,$T8:T8) -> 24 | U21: =SUBTOTAL(9,$T8:U8) -> 40 | V21: =SUBTOTAL(9,$T8:V8) -> 45 | W21: =SUBTOTAL(9,$T8:W8) -> 45 | X21: =SUBTOTAL(9,$T8:X8) -> 61 | Y21: =SUBTOTAL(9,$T8:Y8) -> 69 | Z21: =SUBTOTAL(9,$T8:Z8) -> 73 | AA21: =SUBTOTAL(9,$T8:AA8) -> 73 | ... AJ21: =SUBTOTAL(9,$T8:AJ8) -> 250
B22: YTD Cyber Security Awareness - Surfing the Web | C22: =SUBTOTAL(9,$C9:C9) -> 0 | D22: =SUBTOTAL(9,$C9:D9) -> 0 | E22: =SUBTOTAL(9,$C9:E9) -> 0 | F22: =SUBTOTAL(9,$C9:F9) -> 0 | G22: =SUBTOTAL(9,$C9:G9) -> 1 | H22: =SUBTOTAL(9,$C9:H9) -> 1 | I22: =SUBTOTAL(9,$C9:I9) -> 1 | J22: =SUBTOTAL(9,$C9:J9) -> 1 | ... S22: =SUBTOTAL(9,$C9:S9) -> 263 | T22: =SUBTOTAL(9,$T9:T9) -> 23 | U22: =SUBTOTAL(9,$T9:U9) -> 42 | V22: =SUBTOTAL(9,$T9:V9) -> 46 | W22: =SUBTOTAL(9,$T9:W9) -> 46 | X22: =SUBTOTAL(9,$T9:X9) -> 61 | Y22: =SUBTOTAL(9,$T9:Y9) -> 69 | Z22: =SUBTOTAL(9,$T9:Z9) -> 75 | AA22: =SUBTOTAL(9,$T9:AA9) -> 75 | ... AJ22: =SUBTOTAL(9,$T9:AJ9) -> 245
B23: YTD Cyber Security Toolkit | C23: =SUBTOTAL(9,$C10:C10) -> 0 | D23: =SUBTOTAL(9,$C10:D10) -> 0 | E23: =SUBTOTAL(9,$C10:E10) -> 0 | F23: =SUBTOTAL(9,$C10:F10) -> 0 | G23: =SUBTOTAL(9,$C10:G10) -> 0 | H23: =SUBTOTAL(9,$C10:H10) -> 0 | I23: =SUBTOTAL(9,$C10:I10) -> 0 | J23: =SUBTOTAL(9,$C10:J10) -> 0 | ... S23: =SUBTOTAL(9,$C10:S10) -> 266 | T23: =SUBTOTAL(9,$T10:T10) -> 23 | U23: =SUBTOTAL(9,$T10:U10) -> 43 | V23: =SUBTOTAL(9,$T10:V10) -> 49 | W23: =SUBTOTAL(9,$T10:W10) -> 49 | X23: =SUBTOTAL(9,$T10:X10) -> 65 | Y23: =SUBTOTAL(9,$T10:Y10) -> 74 | Z23: =SUBTOTAL(9,$T10:Z10) -> 80 | AA23: =SUBTOTAL(9,$T10:AA10) -> 80 | ... AJ23: =SUBTOTAL(9,$T10:AJ10) -> 257
B24: YTD Flexible Working Guidelines | C24: =SUBTOTAL(9,$C11:C11) -> 2 | D24: =SUBTOTAL(9,$C11:D11) -> 12 | E24: =SUBTOTAL(9,$C11:E11) -> 13 | F24: =SUBTOTAL(9,$C11:F11) -> 13 | G24: =SUBTOTAL(9,$C11:G11) -> 14 | H24: =SUBTOTAL(9,$C11:H11) -> 16 | I24: =SUBTOTAL(9,$C11:I11) -> 22 | J24: =SUBTOTAL(9,$C11:J11) -> 22 | ... S24: =SUBTOTAL(9,$C11:S11) -> 52 | T24: =SUBTOTAL(9,$T11:T11) -> 7 | U24: =SUBTOTAL(9,$T11:U11) -> 16 | V24: =SUBTOTAL(9,$T11:V11) -> 24 | W24: =SUBTOTAL(9,$T11:W11) -> 24 | X24: =SUBTOTAL(9,$T11:X11) -> 30 | Y24: =SUBTOTAL(9,$T11:Y11) -> 40 | Z24: =SUBTOTAL(9,$T11:Z11) -> 46 | AA24: =SUBTOTAL(9,$T11:AA11) -> 46 | ... AJ24: =SUBTOTAL(9,$T11:AJ11) -> 89
B25: YTD Getting to know SGH | C25: =SUBTOTAL(9,$C12:C12) -> 14 | D25: =SUBTOTAL(9,$C12:D12) -> 26 | E25: =SUBTOTAL(9,$C12:E12) -> 29 | F25: =SUBTOTAL(9,$C12:F12) -> 29 | G25: =SUBTOTAL(9,$C12:G12) -> 31 | H25: =SUBTOTAL(9,$C12:H12) -> 33 | I25: =SUBTOTAL(9,$C12:I12) -> 38 | J25: =SUBTOTAL(9,$C12:J12) -> 38 | ... S25: =SUBTOTAL(9,$C12:S12) -> 73 | T25: =SUBTOTAL(9,$T12:T12) -> 9 | U25: =SUBTOTAL(9,$T12:U12) -> 22 | V25: =SUBTOTAL(9,$T12:V12) -> 28 | W25: =SUBTOTAL(9,$T12:W12) -> 28 | X25: =SUBTOTAL(9,$T12:X12) -> 34 | Y25: =SUBTOTAL(9,$T12:Y12) -> 44 | Z25: =SUBTOTAL(9,$T12:Z12) -> 51 | AA25: =SUBTOTAL(9,$T12:AA12) -> 51 | ... AJ25: =SUBTOTAL(9,$T12:AJ12) -> 105
B26: YTD Health and Safety Begins with You | C26: =SUBTOTAL(9,$C13:C13) -> 8 | D26: =SUBTOTAL(9,$C13:D13) -> 22 | E26: =SUBTOTAL(9,$C13:E13) -> 29 | F26: =SUBTOTAL(9,$C13:F13) -> 29 | G26: =SUBTOTAL(9,$C13:G13) -> 34 | H26: =SUBTOTAL(9,$C13:H13) -> 43 | I26: =SUBTOTAL(9,$C13:I13) -> 49 | J26: =SUBTOTAL(9,$C13:J13) -> 49 | ... S26: =SUBTOTAL(9,$C13:S13) -> 96 | T26: =SUBTOTAL(9,$T13:T13) -> 8 | U26: =SUBTOTAL(9,$T13:U13) -> 20 | V26: =SUBTOTAL(9,$T13:V13) -> 30 | W26: =SUBTOTAL(9,$T13:W13) -> 30 | X26: =SUBTOTAL(9,$T13:X13) -> 40 | Y26: =SUBTOTAL(9,$T13:Y13) -> 51 | Z26: =SUBTOTAL(9,$T13:Z13) -> 57 | AA26: =SUBTOTAL(9,$T13:AA13) -> 57 | ... AJ26: =SUBTOTAL(9,$T13:AJ13) -> 110
B27: YTD Technology Usage - PCI Compliance | C27: =SUBTOTAL(9,$C14:C14) -> 8 | D27: =SUBTOTAL(9,$C14:D14) -> 18 | E27: =SUBTOTAL(9,$C14:E14) -> 19 | F27: =SUBTOTAL(9,$C14:F14) -> 19 | G27: =SUBTOTAL(9,$C14:G14) -> 21 | H27: =SUBTOTAL(9,$C14:H14) -> 23 | I27: =SUBTOTAL(9,$C14:I14) -> 29 | J27: =SUBTOTAL(9,$C14:J14) -> 29 | ... S27: =SUBTOTAL(9,$C14:S14) -> 62 | T27: =SUBTOTAL(9,$T14:T14) -> 7 | U27: =SUBTOTAL(9,$T14:U14) -> 16 | V27: =SUBTOTAL(9,$T14:V14) -> 21 | W27: =SUBTOTAL(9,$T14:W14) -> 21 | X27: =SUBTOTAL(9,$T14:X14) -> 25 | Y27: =SUBTOTAL(9,$T14:Y14) -> 34 | Z27: =SUBTOTAL(9,$T14:Z14) -> 40 | AA27: =SUBTOTAL(9,$T14:AA14) -> 40 | ... AJ27: =SUBTOTAL(9,$T14:AJ14) -> 100

Sheet MLA FEED 2
B1: Booked | C1: FY24 | T1: FY25
B2: Shared Services, FFM, SPG | C2: ="JUL, "&C1 -> JUL, FY24 | D2: ="AUG, "&C1 -> AUG, FY24 | E2: ="SEP, "&C1 -> SEP, FY24 | F2: ="Q1, "&C1 -> Q1, FY24 | G2: ="OCT, "&C1 -> OCT, FY24 | H2: ="NOV, "&C1 -> NOV, FY24 | I2: ="DEC, "&C1 -> DEC, FY24 | J2: ="Q2, "&C1 -> Q2, FY24 | K2: ="JAN, "&C1 -> JAN, FY24 | L2: ="FEB, "&C1 -> FEB, FY24 | M2: ="MAR, "&C1 -> MAR, FY24 | N2: ="Q3, "&C1 -> Q3, FY24 | O2: ="APR, "&C1 -> APR, FY24 | P2: ="MAY, "&C1 -> MAY, FY24 | Q2: ="JUN, "&C1 -> JUN, FY24 | R2: ="Q4, "&C1 -> Q4, FY24 | S2: ="Full Year, "&C1 -> Full Year, FY24 | T2: ="JUL, "&T1 -> JUL, FY25 | U2: ="AUG, "&T1 -> AUG, FY25 | V2: ="SEP, "&T1 -> SEP, FY25 | W2: ="Q1, "&T1 -> Q1, FY25 | X2: ="OCT, "&T1 -> OCT, FY25 | Y2: ="NOV, "&T1 -> NOV, FY25 | Z2: ="DEC, "&T1 -> DEC, FY25 | AA2: ="Q2, "&T1 -> Q2, FY25 | AB2: ="JAN, "&T1 -> JAN, FY25 | AC2: ="FEB, "&T1 -> FEB, FY25 | AD2: ="MAR, "&T1 -> MAR, FY25 | AE2: ="Q3, "&T1 -> Q3, FY25 | AF2: ="APR, "&T1 -> APR, FY25 | AG2: ="MAY, "&T1 -> MAY, FY25 | AH2: ="JUN, "&T1 -> JUN, FY25 | AI2: ="Q4, "&T1 -> Q4, FY25 | AJ2: ="Full Year, "&T1 -> Full Year, FY25
A3: Mandatory Learning Activity | B3: Bullying, Harassment and Discrimination - Module 1 | C3: =COUNTIFS('MLA Data Dump'!$H:$H,'MLA FEED 2'!$B3,'MLA Data Dump'!$M:$M,'MLA FEED 2'!C$2,'MLA Data Dump'!$I:$I,'MLA FEED 2'!$B$1) -> 0 | D3: =COUNTIFS('MLA Data Dump'!$H:$H,'MLA FEED 2'!$B3,'MLA Data Dump'!$M:$M,'MLA FEED 2'!D$2,'MLA Data Dump'!$I:$I,'MLA FEED 2'!$B$1) -> 0 | E3: =COUNTIFS('MLA Data Dump'!$H:$H,'MLA FEED 2'!$B3,'MLA Data Dump'!$M:$M,'MLA FEED 2'!E$2,'MLA Data Dump'!$I:$I,'MLA FEED 2'!$B$1) -> 0 | F3: =SUBTOTAL(9,C3:E3) -> 0 | G3: =COUNTIFS('MLA Data Dump'!$H:$H,'MLA FEED 2'!$B3,'MLA Data Dump'!$M:$M,'MLA FEED 2'!G$2,'MLA Data Dump'!$I:$I,'MLA FEED 2'!$B$1) -> 0 | H3: =COUNTIFS('MLA Data Dump'!$H:$H,'MLA FEED 2'!$B3,'MLA Data Dump'!$M:$M,'MLA FEED 2'!H$2,'MLA Data Dump'!$I:$I,'MLA FEED 2'!$B$1) -> 0 | I3: =COUNTIFS('MLA Data Dump'!$H:$H,'MLA FEED 2'!$B3,'MLA Data Dump'!$M:$M,'MLA FEED 2'!I$2,'MLA Data Dump'!$I:$I,'MLA FEED 2'!$B$1) -> 0 | J3: =SUBTOTAL(9,G3:I3) -> 0 | K3: =COUNTIFS('MLA Data Dump'!$H:$H,'MLA FEED 2'!$B3,'MLA Data Dump'!$M:$M,'MLA FEED 2'!K$2,'MLA Data Dump'!$I:$I,'MLA FEED 2'!$B$1) -> 0 | L3: =COUNTIFS('MLA Data Dump'!$H:$H,'MLA FEED 2'!$B3,'MLA Data Dump'!$M:$M,'MLA FEED 2'!L$2,'MLA Data Dump'!$I:$I,'MLA FEED 2'!$B$1) -> 0 | M3: =COUNTIFS('MLA Data Dump'!$H:$H,'MLA FEED 2'!$B3,'MLA Data Dump'!$M:$M,'MLA FEED 2'!M$2,'MLA Data Dump'!$I:$I,'MLA FEED 2'!$B$1) -> 0 | N3: =SUBTOTAL(9,K3:M3) -> 0 | O3: =COUNTIFS('MLA Data Dump'!$H:$H,'MLA FEED 2'!$B3,'MLA Data Dump'!$M:$M,'MLA FEED 2'!O$2,'MLA Data Dump'!$I:$I,'MLA FEED 2'!$B$1) -> 0 | P3: =COUNTIFS('MLA Data Dump'!$H:$H,'MLA FEED 2'!$B3,'MLA Data Dump'!$M:$M,'MLA FEED 2'!P$2,'MLA Data Dump'!$I:$I,'MLA FEED 2'!$B$1) -> 0 | Q3: =COUNTIFS('MLA Data Dump'!$H:$H,'MLA FEED 2'!$B3,'MLA Data Dump'!$M:$M,'MLA FEED 2'!Q$2,'MLA Data Dump'!$I:$I,'MLA FEED 2'!$B$1) -> 0 | R3: =SUBTOTAL(9,O3:Q3) -> 0 | S3: =SUBTOTAL(9,C3:R3) -> 0 | T3: =COUNTIFS('MLA Data Dump'!$H:$H,'MLA FEED 2'!$B3,'MLA Data Dump'!$M:$M,'MLA FEED 2'!T$2,'MLA Data Dump'!$I:$I,'MLA FEED 2'!$B$1) -> 1 | U3: =COUNTIFS('MLA Data Dump'!$H:$H,'MLA FEED 2'!$B3,'MLA Data Dump'!$M:$M,'MLA FEED 2'!U$2,'MLA Data Dump'!$I:$I,'MLA FEED 2'!$B$1) -> 0 | V3: =COUNTIFS('MLA Data Dump'!$H:$H,'MLA FEED 2'!$B3,'MLA Data Dump'!$M:$M,'MLA FEED 2'!V$2,'MLA Data Dump'!$I:$I,'MLA FEED 2'!$B$1) -> 0 | W3: =SUBTOTAL(9,T3:V3) -> 1 | X3: =COUNTIFS('MLA Data Dump'!$H:$H,'MLA FEED 2'!$B3,'MLA Data Dump'!$M:$M,'MLA FEED 2'!X$2,'MLA Data Dump'!$I:$I,'MLA FEED 2'!$B$1) -> 0 | Y3: =COUNTIFS('MLA Data Dump'!$H:$H,'MLA FEED 2'!$B3,'MLA Data Dump'!$M:$M,'MLA FEED 2'!Y$2,'MLA Data Dump'!$I:$I,'MLA FEED 2'!$B$1) -> 0 | Z3: =COUNTIFS('MLA Data Dump'!$H:$H,'MLA FEED 2'!$B3,'MLA Data Dump'!$M:$M,'MLA FEED 2'!Z$2,'MLA Data Dump'!$I:$I,'MLA FEED 2'!$B$1) -> 0 | AA3: =SUBTOTAL(9,X3:Z3) -> 0 | AB3: =COUNTIFS('MLA Data Dump'!$H:$H,'MLA FEED 2'!$B3,'MLA Data Dump'!$M:$M,'MLA FEED 2'!AB$2,'MLA Data Dump'!$I:$I,'MLA FEED 2'!$B$1) -> 0 | AC3: =COUNTIFS('MLA Data Dump'!$H:$H,'MLA FEED 2'!$B3,'MLA Data Dump'!$M:$M,'MLA FEED 2'!AC$2,'MLA Data Dump'!$I:$I,'MLA FEED 2'!$B$1) -> 0 | AD3: =COUNTIFS('MLA Data Dump'!$H:$H,'MLA FEED 2'!$B3,'MLA Data Dump'!$M:$M,'MLA FEED 2'!AD$2,'MLA Data Dump'!$I:$I,'MLA FEED 2'!$B$1) -> 1 | AE3: =SUBTOTAL(9,AB3:AD3) -> 1 | AF3: =COUNTIFS('MLA Data Dump'!$H:$H,'MLA FEED 2'!$B3,'MLA Data Dump'!$M:$M,'MLA FEED 2'!AF$2,'MLA Data Dump'!$I:$I,'MLA FEED 2'!$B$1) -> 2 | AG3: =COUNTIFS('MLA Data Dump'!$H:$H,'MLA FEED 2'!$B3,'MLA Data Dump'!$M:$M,'MLA FEED 2'!AG$2,'MLA Data Dump'!$I:$I,'MLA FEED 2'!$B$1) -> 1 | AH3: =COUNTIFS('MLA Data Dump'!$H:$H,'MLA FEED 2'!$B3,'MLA Data Dump'!$M:$M,'MLA FEED 2'!AH$2,'MLA Data Dump'!$I:$I,'MLA FEED 2'!$B$1) -> 0 | AI3: =SUBTOTAL(9,AF3:AH3) -> 3 | AJ3: =SUBTOTAL(9,T3:AI3) -> 5
B4: Bullying, Harassment and Discrimination - Module 2 | C4: =COUNTIFS('MLA Data Dump'!$H:$H,'MLA FEED 2'!$B4,'MLA Data Dump'!$M:$M,'MLA FEED 2'!C$2,'MLA Data Dump'!$I:$I,'MLA FEED 2'!$B$1) -> 0 | D4: =COUNTIFS('MLA Data Dump'!$H:$H,'MLA FEED 2'!$B4,'MLA Data Dump'!$M:$M,'MLA FEED 2'!D$2,'MLA Data Dump'!$I:$I,'MLA FEED 2'!$B$1) -> 0 | E4: =COUNTIFS('MLA Data Dump'!$H:$H,'MLA FEED 2'!$B4,'MLA Data Dump'!$M:$M,'MLA FEED 2'!E$2,'MLA Data Dump'!$I:$I,'MLA FEED 2'!$B$1) -> 0 | F4: =SUBTOTAL(9,C4:E4) -> 0 | G4: =COUNTIFS('MLA Data Dump'!$H:$H,'MLA FEED 2'!$B4,'MLA Data Dump'!$M:$M,'MLA FEED 2'!G$2,'MLA Data Dump'!$I:$I,'MLA FEED 2'!$B$1) -> 0 | H4: =COUNTIFS('MLA Data Dump'!$H:$H,'MLA FEED 2'!$B4,'MLA Data Dump'!$M:$M,'MLA FEED 2'!H$2,'MLA Data Dump'!$I:$I,'MLA FEED 2'!$B$1) -> 0 | I4: =COUNTIFS('MLA Data Dump'!$H:$H,'MLA FEED 2'!$B4,'MLA Data Dump'!$M:$M,'MLA FEED 2'!I$2,'MLA Data Dump'!$I:$I,'MLA FEED 2'!$B$1) -> 0 | J4: =SUBTOTAL(9,G4:I4) -> 0 | K4: =COUNTIFS('MLA Data Dump'!$H:$H,'MLA FEED 2'!$B4,'MLA Data Dump'!$M:$M,'MLA FEED 2'!K$2,'MLA Data Dump'!$I:$I,'MLA FEED 2'!$B$1) -> 0 | L4: =COUNTIFS('MLA Data Dump'!$H:$H,'MLA FEED 2'!$B4,'MLA Data Dump'!$M:$M,'MLA FEED 2'!L$2,'MLA Data Dump'!$I:$I,'MLA FEED 2'!$B$1) -> 0 | M4: =COUNTIFS('MLA Data Dump'!$H:$H,'MLA FEED 2'!$B4,'MLA Data Dump'!$M:$M,'MLA FEED 2'!M$2,'MLA Data Dump'!$I:$I,'MLA FEED 2'!$B$1) -> 0 | N4: =SUBTOTAL(9,K4:M4) -> 0 | O4: =COUNTIFS('MLA Data Dump'!$H:$H,'MLA FEED 2'!$B4,'MLA Data Dump'!$M:$M,'MLA FEED 2'!O$2,'MLA Data Dump'!$I:$I,'MLA FEED 2'!$B$1) -> 0 | P4: =COUNTIFS('MLA Data Dump'!$H:$H,'MLA FEED 2'!$B4,'MLA Data Dump'!$M:$M,'MLA FEED 2'!P$2,'MLA Data Dump'!$I:$I,'MLA FEED 2'!$B$1) -> 0 | Q4: =COUNTIFS('MLA Data Dump'!$H:$H,'MLA FEED 2'!$B4,'MLA Data Dump'!$M:$M,'MLA FEED 2'!Q$2,'MLA Data Dump'!$I:$I,'MLA FEED 2'!$B$1) -> 0 | R4: =SUBTOTAL(9,O4:Q4) -> 0 | S4: =SUBTOTAL(9,C4:R4) -> 0 | T4: =COUNTIFS('MLA Data Dump'!$H:$H,'MLA FEED 2'!$B4,'MLA Data Dump'!$M:$M,'MLA FEED 2'!T$2,'MLA Data Dump'!$I:$I,'MLA FEED 2'!$B$1) -> 1 | U4: =COUNTIFS('MLA Data Dump'!$H:$H,'MLA FEED 2'!$B4,'MLA Data Dump'!$M:$M,'MLA FEED 2'!U$2,'MLA Data Dump'!$I:$I,'MLA FEED 2'!$B$1) -> 0 | V4: =COUNTIFS('MLA Data Dump'!$H:$H,'MLA FEED 2'!$B4,'MLA Data Dump'!$M:$M,'MLA FEED 2'!V$2,'MLA Data Dump'!$I:$I,'MLA FEED 2'!$B$1) -> 0 | W4: =SUBTOTAL(9,T4:V4) -> 1 | X4: =COUNTIFS('MLA Data Dump'!$H:$H,'MLA FEED 2'!$B4,'MLA Data Dump'!$M:$M,'MLA FEED 2'!X$2,'MLA Data Dump'!$I:$I,'MLA FEED 2'!$B$1) -> 0 | Y4: =COUNTIFS('MLA Data Dump'!$H:$H,'MLA FEED 2'!$B4,'MLA Data Dump'!$M:$M,'MLA FEED 2'!Y$2,'MLA Data Dump'!$I:$I,'MLA FEED 2'!$B$1) -> 0 | Z4: =COUNTIFS('MLA Data Dump'!$H:$H,'MLA FEED 2'!$B4,'MLA Data Dump'!$M:$M,'MLA FEED 2'!Z$2,'MLA Data Dump'!$I:$I,'MLA FEED 2'!$B$1) -> 0 | AA4: =SUBTOTAL(9,X4:Z4) -> 0 | AB4: =COUNTIFS('MLA Data Dump'!$H:$H,'MLA FEED 2'!$B4,'MLA Data Dump'!$M:$M,'MLA FEED 2'!AB$2,'MLA Data Dump'!$I:$I,'MLA FEED 2'!$B$1) -> 0 | AC4: =COUNTIFS('MLA Data Dump'!$H:$H,'MLA FEED 2'!$B4,'MLA Data Dump'!$M:$M,'MLA FEED 2'!AC$2,'MLA Data Dump'!$I:$I,'MLA FEED 2'!$B$1) -> 0 | AD4: =COUNTIFS('MLA Data Dump'!$H:$H,'MLA FEED 2'!$B4,'MLA Data Dump'!$M:$M,'MLA FEED 2'!AD$2,'MLA Data Dump'!$I:$I,'MLA FEED 2'!$B$1) -> 1 | AE4: =SUBTOTAL(9,AB4:AD4) -> 1 | AF4: =COUNTIFS('MLA Data Dump'!$H:$H,'MLA FEED 2'!$B4,'MLA Data Dump'!$M:$M,'MLA FEED 2'!AF$2,'MLA Data Dump'!$I:$I,'MLA FEED 2'!$B$1) -> 2 | AG4: =COUNTIFS('MLA Data Dump'!$H:$H,'MLA FEED 2'!$B4,'MLA Data Dump'!$M:$M,'MLA FEED 2'!AG$2,'MLA Data Dump'!$I:$I,'MLA FEED 2'!$B$1) -> 1 | AH4: =COUNTIFS('MLA Data Dump'!$H:$H,'MLA FEED 2'!$B4,'MLA Data Dump'!$M:$M,'MLA FEED 2'!AH$2,'MLA Data Dump'!$I:$I,'MLA FEED 2'!$B$1) -> 0 | AI4: =SUBTOTAL(9,AF4:AH4) -> 3 | AJ4: =SUBTOTAL(9,T4:AI4) -> 5
B5: Bullying, Harassment and Discrimination for Team Leaders/Line Managers | C5: =COUNTIFS('MLA Data Dump'!$H:$H,'MLA FEED 2'!$B5,'MLA Data Dump'!$M:$M,'MLA FEED 2'!C$2,'MLA Data Dump'!$I:$I,'MLA FEED 2'!$B$1) -> 0 | D5: =COUNTIFS('MLA Data Dump'!$H:$H,'MLA FEED 2'!$B5,'MLA Data Dump'!$M:$M,'MLA FEED 2'!D$2,'MLA Data Dump'!$I:$I,'MLA FEED 2'!$B$1) -> 0 | E5: =COUNTIFS('MLA Data Dump'!$H:$H,'MLA FEED 2'!$B5,'MLA Data Dump'!$M:$M,'MLA FEED 2'!E$2,'MLA Data Dump'!$I:$I,'MLA FEED 2'!$B$1) -> 0 | F5: =SUBTOTAL(9,C5:E5) -> 0 | G5: =COUNTIFS('MLA Data Dump'!$H:$H,'MLA FEED 2'!$B5,'MLA Data Dump'!$M:$M,'MLA FEED 2'!G$2,'MLA Data Dump'!$I:$I,'MLA FEED 2'!$B$1) -> 0 | H5: =COUNTIFS('MLA Data Dump'!$H:$H,'MLA FEED 2'!$B5,'MLA Data Dump'!$M:$M,'MLA FEED 2'!H$2,'MLA Data Dump'!$I:$I,'MLA FEED 2'!$B$1) -> 0 | I5: =COUNTIFS('MLA Data Dump'!$H:$H,'MLA FEED 2'!$B5,'MLA Data Dump'!$M:$M,'MLA FEED 2'!I$2,'MLA Data Dump'!$I:$I,'MLA FEED 2'!$B$1) -> 0 | J5: =SUBTOTAL(9,G5:I5) -> 0 | K5: =COUNTIFS('MLA Data Dump'!$H:$H,'MLA FEED 2'!$B5,'MLA Data Dump'!$M:$M,'MLA FEED 2'!K$2,'MLA Data Dump'!$I:$I,'MLA FEED 2'!$B$1) -> 0 | L5: =COUNTIFS('MLA Data Dump'!$H:$H,'MLA FEED 2'!$B5,'MLA Data Dump'!$M:$M,'MLA FEED 2'!L$2,'MLA Data Dump'!$I:$I,'MLA FEED 2'!$B$1) -> 0 | M5: =COUNTIFS('MLA Data Dump'!$H:$H,'MLA FEED 2'!$B5,'MLA Data Dump'!$M:$M,'MLA FEED 2'!M$2,'MLA Data Dump'!$I:$I,'MLA FEED 2'!$B$1) -> 0 | N5: =SUBTOTAL(9,K5:M5) -> 0 | O5: =COUNTIFS('MLA Data Dump'!$H:$H,'MLA FEED 2'!$B5,'MLA Data Dump'!$M:$M,'MLA FEED 2'!O$2,'MLA Data Dump'!$I:$I,'MLA FEED 2'!$B$1) -> 0 | P5: =COUNTIFS('MLA Data Dump'!$H:$H,'MLA FEED 2'!$B5,'MLA Data Dump'!$M:$M,'MLA FEED 2'!P$2,'MLA Data Dump'!$I:$I,'MLA FEED 2'!$B$1) -> 0 | Q5: =COUNTIFS('MLA Data Dump'!$H:$H,'MLA FEED 2'!$B5,'MLA Data Dump'!$M:$M,'MLA FEED 2'!Q$2,'MLA Data Dump'!$I:$I,'MLA FEED 2'!$B$1) -> 0 | R5: =SUBTOTAL(9,O5:Q5) -> 0 | S5: =SUBTOTAL(9,C5:R5) -> 0 | T5: =COUNTIFS('MLA Data Dump'!$H:$H,'MLA FEED 2'!$B5,'MLA Data Dump'!$M:$M,'MLA FEED 2'!T$2,'MLA Data Dump'!$I:$I,'MLA FEED 2'!$B$1) -> 0 | U5: =COUNTIFS('MLA Data Dump'!$H:$H,'MLA FEED 2'!$B5,'MLA Data Dump'!$M:$M,'MLA FEED 2'!U$2,'MLA Data Dump'!$I:$I,'MLA FEED 2'!$B$1) -> 0 | V5: =COUNTIFS('MLA Data Dump'!$H:$H,'MLA FEED 2'!$B5,'MLA Data Dump'!$M:$M,'MLA FEED 2'!V$2,'MLA Data Dump'!$I:$I,'MLA FEED 2'!$B$1) -> 0 | W5: =SUBTOTAL(9,T5:V5) -> 0 | X5: =COUNTIFS('MLA Data Dump'!$H:$H,'MLA FEED 2'!$B5,'MLA Data Dump'!$M:$M,'MLA FEED 2'!X$2,'MLA Data Dump'!$I:$I,'MLA FEED 2'!$B$1) -> 0 | Y5: =COUNTIFS('MLA Data Dump'!$H:$H,'MLA FEED 2'!$B5,'MLA Data Dump'!$M:$M,'MLA FEED 2'!Y$2,'MLA Data Dump'!$I:$I,'MLA FEED 2'!$B$1) -> 0 | Z5: =COUNTIFS('MLA Data Dump'!$H:$H,'MLA FEED 2'!$B5,'MLA Data Dump'!$M:$M,'MLA FEED 2'!Z$2,'MLA Data Dump'!$I:$I,'MLA FEED 2'!$B$1) -> 0 | AA5: =SUBTOTAL(9,X5:Z5) -> 0 | AB5: =COUNTIFS('MLA Data Dump'!$H:$H,'MLA FEED 2'!$B5,'MLA Data Dump'!$M:$M,'MLA FEED 2'!AB$2,'MLA Data Dump'!$I:$I,'MLA FEED 2'!$B$1) -> 0 | AC5: =COUNTIFS('MLA Data Dump'!$H:$H,'MLA FEED 2'!$B5,'MLA Data Dump'!$M:$M,'MLA FEED 2'!AC$2,'MLA Data Dump'!$I:$I,'MLA FEED 2'!$B$1) -> 0 | AD5: =COUNTIFS('MLA Data Dump'!$H:$H,'MLA FEED 2'!$B5,'MLA Data Dump'!$M:$M,'MLA FEED 2'!AD$2,'MLA Data Dump'!$I:$I,'MLA FEED 2'!$B$1) -> 0 | AE5: =SUBTOTAL(9,AB5:AD5) -> 0 | AF5: =COUNTIFS('MLA Data Dump'!$H:$H,'MLA FEED 2'!$B5,'MLA Data Dump'!$M:$M,'MLA FEED 2'!AF$2,'MLA Data Dump'!$I:$I,'MLA FEED 2'!$B$1) -> 0 | AG5: =COUNTIFS('MLA Data Dump'!$H:$H,'MLA FEED 2'!$B5,'MLA Data Dump'!$M:$M,'MLA FEED 2'!AG$2,'MLA Data Dump'!$I:$I,'MLA FEED 2'!$B$1) -> 0 | AH5: =COUNTIFS('MLA Data Dump'!$H:$H,'MLA FEED 2'!$B5,'MLA Data Dump'!$M:$M,'MLA FEED 2'!AH$2,'MLA Data Dump'!$I:$I,'MLA FEED 2'!$B$1) -> 0 | AI5: =SUBTOTAL(9,AF5:AH5) -> 0 | AJ5: =SUBTOTAL(9,T5:AI5) -> 0
B6: Cyber Security Awareness - Business Email Compromise Scams | C6: =COUNTIFS('MLA Data Dump'!$H:$H,'MLA FEED 2'!$B6,'MLA Data Dump'!$M:$M,'MLA FEED 2'!C$2,'MLA Data Dump'!$I:$I,'MLA FEED 2'!$B$1) -> 0 | D6: =COUNTIFS('MLA Data Dump'!$H:$H,'MLA FEED 2'!$B6,'MLA Data Dump'!$M:$M,'MLA FEED 2'!D$2,'MLA Data Dump'!$I:$I,'MLA FEED 2'!$B$1) -> 0 | E6: =COUNTIFS('MLA Data Dump'!$H:$H,'MLA FEED 2'!$B6,'MLA Data Dump'!$M:$M,'MLA FEED 2'!E$2,'MLA Data Dump'!$I:$I,'MLA FEED 2'!$B$1) -> 0 | F6: =SUBTOTAL(9,C6:E6) -> 0 | G6: =COUNTIFS('MLA Data Dump'!$H:$H,'MLA FEED 2'!$B6,'MLA Data Dump'!$M:$M,'MLA FEED 2'!G$2,'MLA Data Dump'!$I:$I,'MLA FEED 2'!$B$1) -> 0 | H6: =COUNTIFS('MLA Data Dump'!$H:$H,'MLA FEED 2'!$B6,'MLA Data Dump'!$M:$M,'MLA FEED 2'!H$2,'MLA Data Dump'!$I:$I,'MLA FEED 2'!$B$1) -> 0 | I6: =COUNTIFS('MLA Data Dump'!$H:$H,'MLA FEED 2'!$B6,'MLA Data Dump'!$M:$M,'MLA FEED 2'!I$2,'MLA Data Dump'!$I:$I,'MLA FEED 2'!$B$1) -> 0 | J6: =SUBTOTAL(9,G6:I6) -> 0 | K6: =COUNTIFS('MLA Data Dump'!$H:$H,'MLA FEED 2'!$B6,'MLA Data Dump'!$M:$M,'MLA FEED 2'!K$2,'MLA Data Dump'!$I:$I,'MLA FEED 2'!$B$1) -> 0 | L6: =COUNTIFS('MLA Data Dump'!$H:$H,'MLA FEED 2'!$B6,'MLA Data Dump'!$M:$M,'MLA FEED 2'!L$2,'MLA Data Dump'!$I:$I,'MLA FEED 2'!$B$1) -> 0 | M6: =COUNTIFS('MLA Data Dump'!$H:$H,'MLA FEED 2'!$B6,'MLA Data Dump'!$M:$M,'MLA FEED 2'!M$2,'MLA Data Dump'!$I:$I,'MLA FEED 2'!$B$1) -> 97 | N6: =SUBTOTAL(9,K6:M6) -> 97 | O6: =COUNTIFS('MLA Data Dump'!$H:$H,'MLA FEED 2'!$B6,'MLA Data Dump'!$M:$M,'MLA FEED 2'!O$2,'MLA Data Dump'!$I:$I,'MLA FEED 2'!$B$1) -> 3 | P6: =COUNTIFS('MLA Data Dump'!$H:$H,'MLA FEED 2'!$B6,'MLA Data Dump'!$M:$M,'MLA FEED 2'!P$2,'MLA Data Dump'!$I:$I,'MLA FEED 2'!$B$1) -> 0 | Q6: =COUNTIFS('MLA Data Dump'!$H:$H,'MLA FEED 2'!$B6,'MLA Data Dump'!$M:$M,'MLA FEED 2'!Q$2,'MLA Data Dump'!$I:$I,'MLA FEED 2'!$B$1) -> 2 | R6: =SUBTOTAL(9,O6:Q6) -> 5 | S6: =SUBTOTAL(9,C6:R6) -> 102 | T6: =COUNTIFS('MLA Data Dump'!$H:$H,'MLA FEED 2'!$B6,'MLA Data Dump'!$M:$M,'MLA FEED 2'!T$2,'MLA Data Dump'!$I:$I,'MLA FEED 2'!$B$1) -> 2 | U6: =COUNTIFS('MLA Data Dump'!$H:$H,'MLA FEED 2'!$B6,'MLA Data Dump'!$M:$M,'MLA FEED 2'!U$2,'MLA Data Dump'!$I:$I,'MLA FEED 2'!$B$1) -> 1 | V6: =COUNTIFS('MLA Data Dump'!$H:$H,'MLA FEED 2'!$B6,'MLA Data Dump'!$M:$M,'MLA FEED 2'!V$2,'MLA Data Dump'!$I:$I,'MLA FEED 2'!$B$1) -> 0 | W6: =SUBTOTAL(9,T6:V6) -> 3 | X6: =COUNTIFS('MLA Data Dump'!$H:$H,'MLA FEED 2'!$B6,'MLA Data Dump'!$M:$M,'MLA FEED 2'!X$2,'MLA Data Dump'!$I:$I,'MLA FEED 2'!$B$1) -> 1 | Y6: =COUNTIFS('MLA Data Dump'!$H:$H,'MLA FEED 2'!$B6,'MLA Data Dump'!$M:$M,'MLA FEED 2'!Y$2,'MLA Data Dump'!$I:$I,'MLA FEED 2'!$B$1) -> 2 | Z6: =COUNTIFS('MLA Data Dump'!$H:$H,'MLA FEED 2'!$B6,'MLA Data Dump'!$M:$M,'MLA FEED 2'!Z$2,'MLA Data Dump'!$I:$I,'MLA FEED 2'!$B$1) -> 1 | AA6: =SUBTOTAL(9,X6:Z6) -> 4 | AB6: =COUNTIFS('MLA Data Dump'!$H:$H,'MLA FEED 2'!$B6,'MLA Data Dump'!$M:$M,'MLA FEED 2'!AB$2,'MLA Data Dump'!$I:$I,'MLA FEED 2'!$B$1) -> 0 | AC6: =COUNTIFS('MLA Data Dump'!$H:$H,'MLA FEED 2'!$B6,'MLA Data Dump'!$M:$M,'MLA FEED 2'!AC$2,'MLA Data Dump'!$I:$I,'MLA FEED 2'!$B$1) -> 2 | AD6: =COUNTIFS('MLA Data Dump'!$H:$H,'MLA FEED 2'!$B6,'MLA Data Dump'!$M:$M,'MLA FEED 2'!AD$2,'MLA Data Dump'!$I:$I,'MLA FEED 2'!$B$1) -> 14 | AE6: =SUBTOTAL(9,AB6:AD6) -> 16 | AF6: =COUNTIFS('MLA Data Dump'!$H:$H,'MLA FEED 2'!$B6,'MLA Data Dump'!$M:$M,'MLA FEED 2'!AF$2,'MLA Data Dump'!$I:$I,'MLA FEED 2'!$B$1) -> 10 | AG6: =COUNTIFS('MLA Data Dump'!$H:$H,'MLA FEED 2'!$B6,'MLA Data Dump'!$M:$M,'MLA FEED 2'!AG$2,'MLA Data Dump'!$I:$I,'MLA FEED 2'!$B$1) -> 28 | AH6: =COUNTIFS('MLA Data Dump'!$H:$H,'MLA FEED 2'!$B6,'MLA Data Dump'!$M:$M,'MLA FEED 2'!AH$2,'MLA Data Dump'!$I:$I,'MLA FEED 2'!$B$1) -> 0 | AI6: =SUBTOTAL(9,AF6:AH6) -> 38 | AJ6: =SUBTOTAL(9,T6:AI6) -> 61
B7: Cyber Security Awareness - Introduction | C7: =COUNTIFS('MLA Data Dump'!$H:$H,'MLA FEED 2'!$B7,'MLA Data Dump'!$M:$M,'MLA FEED 2'!C$2,'MLA Data Dump'!$I:$I,'MLA FEED 2'!$B$1) -> 0 | D7: =COUNTIFS('MLA Data Dump'!$H:$H,'MLA FEED 2'!$B7,'MLA Data Dump'!$M:$M,'MLA FEED 2'!D$2,'MLA Data Dump'!$I:$I,'MLA FEED 2'!$B$1) -> 0 | E7: =COUNTIFS('MLA Data Dump'!$H:$H,'MLA FEED 2'!$B7,'MLA Data Dump'!$M:$M,'MLA FEED 2'!E$2,'MLA Data Dump'!$I:$I,'MLA FEED 2'!$B$1) -> 0 | F7: =SUBTOTAL(9,C7:E7) -> 0 | G7: =COUNTIFS('MLA Data Dump'!$H:$H,'MLA FEED 2'!$B7,'MLA Data Dump'!$M:$M,'MLA FEED 2'!G$2,'MLA Data Dump'!$I:$I,'MLA FEED 2'!$B$1) -> 0 | H7: =COUNTIFS('MLA Data Dump'!$H:$H,'MLA FEED 2'!$B7,'MLA Data Dump'!$M:$M,'MLA FEED 2'!H$2,'MLA Data Dump'!$I:$I,'MLA FEED 2'!$B$1) -> 0 | I7: =COUNTIFS('MLA Data Dump'!$H:$H,'MLA FEED 2'!$B7,'MLA Data Dump'!$M:$M,'MLA FEED 2'!I$2,'MLA Data Dump'!$I:$I,'MLA FEED 2'!$B$1) -> 0 | J7: =SUBTOTAL(9,G7:I7) -> 0 | K7: =COUNTIFS('MLA Data Dump'!$H:$H,'MLA FEED 2'!$B7,'MLA Data Dump'!$M:$M,'MLA FEED 2'!K$2,'MLA Data Dump'!$I:$I,'MLA FEED 2'!$B$1) -> 0 | L7: =COUNTIFS('MLA Data Dump'!$H:$H,'MLA FEED 2'!$B7,'MLA Data Dump'!$M:$M,'MLA FEED 2'!L$2,'MLA Data Dump'!$I:$I,'MLA FEED 2'!$B$1) -> 0 | M7: =COUNTIFS('MLA Data Dump'!$H:$H,'MLA FEED 2'!$B7,'MLA Data Dump'!$M:$M,'MLA FEED 2'!M$2,'MLA Data Dump'!$I:$I,'MLA FEED 2'!$B$1) -> 86 | N7: =SUBTOTAL(9,K7:M7) -> 86 | O7: =COUNTIFS('MLA Data Dump'!$H:$H,'MLA FEED 2'!$B7,'MLA Data Dump'!$M:$M,'MLA FEED 2'!O$2,'MLA Data Dump'!$I:$I,'MLA FEED 2'!$B$1) -> 3 | P7: =COUNTIFS('MLA Data Dump'!$H:$H,'MLA FEED 2'!$B7,'MLA Data Dump'!$M:$M,'MLA FEED 2'!P$2,'MLA Data Dump'!$I:$I,'MLA FEED 2'!$B$1) -> 0 | Q7: =COUNTIFS('MLA Data Dump'!$H:$H,'MLA FEED 2'!$B7,'MLA Data Dump'!$M:$M,'MLA FEED 2'!Q$2,'MLA Data Dump'!$I:$I,'MLA FEED 2'!$B$1) -> 2 | R7: =SUBTOTAL(9,O7:Q7) -> 5 | S7: =SUBTOTAL(9,C7:R7) -> 91 | T7: =COUNTIFS('MLA Data Dump'!$H:$H,'MLA FEED 2'!$B7,'MLA Data Dump'!$M:$M,'MLA FEED 2'!T$2,'MLA Data Dump'!$I:$I,'MLA FEED 2'!$B$1) -> 2 | U7: =COUNTIFS('MLA Data Dump'!$H:$H,'MLA FEED 2'!$B7,'MLA Data Dump'!$M:$M,'MLA FEED 2'!U$2,'MLA Data Dump'!$I:$I,'MLA FEED 2'!$B$1) -> 1 | V7: =COUNTIFS('MLA Data Dump'!$H:$H,'MLA FEED 2'!$B7,'MLA Data Dump'!$M:$M,'MLA FEED 2'!V$2,'MLA Data Dump'!$I:$I,'MLA FEED 2'!$B$1) -> 0 | W7: =SUBTOTAL(9,T7:V7) -> 3 | X7: =COUNTIFS('MLA Data Dump'!$H:$H,'MLA FEED 2'!$B7,'MLA Data Dump'!$M:$M,'MLA FEED 2'!X$2,'MLA Data Dump'!$I:$I,'MLA FEED 2'!$B$1) -> 1 | Y7: =COUNTIFS('MLA Data Dump'!$H:$H,'MLA FEED 2'!$B7,'MLA Data Dump'!$M:$M,'MLA FEED 2'!Y$2,'MLA Data Dump'!$I:$I,'MLA FEED 2'!$B$1) -> 2 | Z7: =COUNTIFS('MLA Data Dump'!$H:$H,'MLA FEED 2'!$B7,'MLA Data Dump'!$M:$M,'MLA FEED 2'!Z$2,'MLA Data Dump'!$I:$I,'MLA FEED 2'!$B$1) -> 0 | AA7: =SUBTOTAL(9,X7:Z7) -> 3 | AB7: =COUNTIFS('MLA Data Dump'!$H:$H,'MLA FEED 2'!$B7,'MLA Data Dump'!$M:$M,'MLA FEED 2'!AB$2,'MLA Data Dump'!$I:$I,'MLA FEED 2'!$B$1) -> 0 | AC7: =COUNTIFS('MLA Data Dump'!$H:$H,'MLA FEED 2'!$B7,'MLA Data Dump'!$M:$M,'MLA FEED 2'!AC$2,'MLA Data Dump'!$I:$I,'MLA FEED 2'!$B$1) -> 1 | AD7: =COUNTIFS('MLA Data Dump'!$H:$H,'MLA FEED 2'!$B7,'MLA Data Dump'!$M:$M,'MLA FEED 2'!AD$2,'MLA Data Dump'!$I:$I,'MLA FEED 2'!$B$1) -> 14 | AE7: =SUBTOTAL(9,AB7:AD7) -> 15 | AF7: =COUNTIFS('MLA Data Dump'!$H:$H,'MLA FEED 2'!$B7,'MLA Data Dump'!$M:$M,'MLA FEED 2'!AF$2,'MLA Data Dump'!$I:$I,'MLA FEED 2'!$B$1) -> 12 | AG7: =COUNTIFS('MLA Data Dump'!$H:$H,'MLA FEED 2'!$B7,'MLA Data Dump'!$M:$M,'MLA FEED 2'!AG$2,'MLA Data Dump'!$I:$I,'MLA FEED 2'!$B$1) -> 24 | AH7: =COUNTIFS('MLA Data Dump'!$H:$H,'MLA FEED 2'!$B7,'MLA Data Dump'!$M:$M,'MLA FEED 2'!AH$2,'MLA Data Dump'!$I:$I,'MLA FEED 2'!$B$1) -> 0 | AI7: =SUBTOTAL(9,AF7:AH7) -> 36 | AJ7: =SUBTOTAL(9,T7:AI7) -> 57
B8: Cyber Security Awareness - Malicious Links | C8: =COUNTIFS('MLA Data Dump'!$H:$H,'MLA FEED 2'!$B8,'MLA Data Dump'!$M:$M,'MLA FEED 2'!C$2,'MLA Data Dump'!$I:$I,'MLA FEED 2'!$B$1) -> 0 | D8: =COUNTIFS('MLA Data Dump'!$H:$H,'MLA FEED 2'!$B8,'MLA Data Dump'!$M:$M,'MLA FEED 2'!D$2,'MLA Data Dump'!$I:$I,'MLA FEED 2'!$B$1) -> 0 | E8: =COUNTIFS('MLA Data Dump'!$H:$H,'MLA FEED 2'!$B8,'MLA Data Dump'!$M:$M,'MLA FEED 2'!E$2,'MLA Data Dump'!$I:$I,'MLA FEED 2'!$B$1) -> 0 | F8: =SUBTOTAL(9,C8:E8) -> 0 | G8: =COUNTIFS('MLA Data Dump'!$H:$H,'MLA FEED 2'!$B8,'MLA Data Dump'!$M:$M,'MLA FEED 2'!G$2,'MLA Data Dump'!$I:$I,'MLA FEED 2'!$B$1) -> 0 | H8: =COUNTIFS('MLA Data Dump'!$H:$H,'MLA FEED 2'!$B8,'MLA Data Dump'!$M:$M,'MLA FEED 2'!H$2,'MLA Data Dump'!$I:$I,'MLA FEED 2'!$B$1) -> 0 | I8: =COUNTIFS('MLA Data Dump'!$H:$H,'MLA FEED 2'!$B8,'MLA Data Dump'!$M:$M,'MLA FEED 2'!I$2,'MLA Data Dump'!$I:$I,'MLA FEED 2'!$B$1) -> 0 | J8: =SUBTOTAL(9,G8:I8) -> 0 | K8: =COUNTIFS('MLA Data Dump'!$H:$H,'MLA FEED 2'!$B8,'MLA Data Dump'!$M:$M,'MLA FEED 2'!K$2,'MLA Data Dump'!$I:$I,'MLA FEED 2'!$B$1) -> 0 | L8: =COUNTIFS('MLA Data Dump'!$H:$H,'MLA FEED 2'!$B8,'MLA Data Dump'!$M:$M,'MLA FEED 2'!L$2,'MLA Data Dump'!$I:$I,'MLA FEED 2'!$B$1) -> 0 | M8: =COUNTIFS('MLA Data Dump'!$H:$H,'MLA FEED 2'!$B8,'MLA Data Dump'!$M:$M,'MLA FEED 2'!M$2,'MLA Data Dump'!$I:$I,'MLA FEED 2'!$B$1) -> 99 | N8: =SUBTOTAL(9,K8:M8) -> 99 | O8: =COUNTIFS('MLA Data Dump'!$H:$H,'MLA FEED 2'!$B8,'MLA Data Dump'!$M:$M,'MLA FEED 2'!O$2,'MLA Data Dump'!$I:$I,'MLA FEED 2'!$B$1) -> 3 | P8: =COUNTIFS('MLA Data Dump'!$H:$H,'MLA FEED 2'!$B8,'MLA Data Dump'!$M:$M,'MLA FEED 2'!P$2,'MLA Data Dump'!$I:$I,'MLA FEED 2'!$B$1) -> 0 | Q8: =COUNTIFS('MLA Data Dump'!$H:$H,'MLA FEED 2'!$B8,'MLA Data Dump'!$M:$M,'MLA FEED 2'!Q$2,'MLA Data Dump'!$I:$I,'MLA FEED 2'!$B$1) -> 3 | R8: =SUBTOTAL(9,O8:Q8) -> 6 | S8: =SUBTOTAL(9,C8:R8) -> 105 | T8: =COUNTIFS('MLA Data Dump'!$H:$H,'MLA FEED 2'!$B8,'MLA Data Dump'!$M:$M,'MLA FEED 2'!T$2,'MLA Data Dump'!$I:$I,'MLA FEED 2'!$B$1) -> 2 | U8: =COUNTIFS('MLA Data Dump'!$H:$H,'MLA FEED 2'!$B8,'MLA Data Dump'!$M:$M,'MLA FEED 2'!U$2,'MLA Data Dump'!$I:$I,'MLA FEED 2'!$B$1) -> 1 | V8: =COUNTIFS('MLA Data Dump'!$H:$H,'MLA FEED 2'!$B8,'MLA Data Dump'!$M:$M,'MLA FEED 2'!V$2,'MLA Data Dump'!$I:$I,'MLA FEED 2'!$B$1) -> 0 | W8: =SUBTOTAL(9,T8:V8) -> 3 | X8: =COUNTIFS('MLA Data Dump'!$H:$H,'MLA FEED 2'!$B8,'MLA Data Dump'!$M:$M,'MLA FEED 2'!X$2,'MLA Data Dump'!$I:$I,'MLA FEED 2'!$B$1) -> 1 | Y8: =COUNTIFS('MLA Data Dump'!$H:$H,'MLA FEED 2'!$B8,'MLA Data Dump'!$M:$M,'MLA FEED 2'!Y$2,'MLA Data Dump'!$I:$I,'MLA FEED 2'!$B$1) -> 2 | Z8: =COUNTIFS('MLA Data Dump'!$H:$H,'MLA FEED 2'!$B8,'MLA Data Dump'!$M:$M,'MLA FEED 2'!Z$2,'MLA Data Dump'!$I:$I,'MLA FEED 2'!$B$1) -> 0 | AA8: =SUBTOTAL(9,X8:Z8) -> 3 | AB8: =COUNTIFS('MLA Data Dump'!$H:$H,'MLA FEED 2'!$B8,'MLA Data Dump'!$M:$M,'MLA FEED 2'!AB$2,'MLA Data Dump'!$I:$I,'MLA FEED 2'!$B$1) -> 0 | AC8: =COUNTIFS('MLA Data Dump'!$H:$H,'MLA FEED 2'!$B8,'MLA Data Dump'!$M:$M,'MLA FEED 2'!AC$2,'MLA Data Dump'!$I:$I,'MLA FEED 2'!$B$1) -> 2 | AD8: =COUNTIFS('MLA Data Dump'!$H:$H,'MLA FEED 2'!$B8,'MLA Data Dump'!$M:$M,'MLA FEED 2'!AD$2,'MLA Data Dump'!$I:$I,'MLA FEED 2'!$B$1) -> 14 | AE8: =SUBTOTAL(9,AB8:AD8) -> 16 | AF8: =COUNTIFS('MLA Data Dump'!$H:$H,'MLA FEED 2'!$B8,'MLA Data Dump'!$M:$M,'MLA FEED 2'!AF$2,'MLA Data Dump'!$I:$I,'MLA FEED 2'!$B$1) -> 11 | AG8: =COUNTIFS('MLA Data Dump'!$H:$H,'MLA FEED 2'!$B8,'MLA Data Dump'!$M:$M,'MLA FEED 2'!AG$2,'MLA Data Dump'!$I:$I,'MLA FEED 2'!$B$1) -> 27 | AH8: =COUNTIFS('MLA Data Dump'!$H:$H,'MLA FEED 2'!$B8,'MLA Data Dump'!$M:$M,'MLA FEED 2'!AH$2,'MLA Data Dump'!$I:$I,'MLA FEED 2'!$B$1) -> 0 | AI8: =SUBTOTAL(9,AF8:AH8) -> 38 | AJ8: =SUBTOTAL(9,T8:AI8) -> 60
B9: Cyber Security Awareness - Surfing the Web | C9: =COUNTIFS('MLA Data Dump'!$H:$H,'MLA FEED 2'!$B9,'MLA Data Dump'!$M:$M,'MLA FEED 2'!C$2,'MLA Data Dump'!$I:$I,'MLA FEED 2'!$B$1) -> 0 | D9: =COUNTIFS('MLA Data Dump'!$H:$H,'MLA FEED 2'!$B9,'MLA Data Dump'!$M:$M,'MLA FEED 2'!D$2,'MLA Data Dump'!$I:$I,'MLA FEED 2'!$B$1) -> 0 | E9: =COUNTIFS('MLA Data Dump'!$H:$H,'MLA FEED 2'!$B9,'MLA Data Dump'!$M:$M,'MLA FEED 2'!E$2,'MLA Data Dump'!$I:$I,'MLA FEED 2'!$B$1) -> 0 | F9: =SUBTOTAL(9,C9:E9) -> 0 | G9: =COUNTIFS('MLA Data Dump'!$H:$H,'MLA FEED 2'!$B9,'MLA Data Dump'!$M:$M,'MLA FEED 2'!G$2,'MLA Data Dump'!$I:$I,'MLA FEED 2'!$B$1) -> 0 | H9: =COUNTIFS('MLA Data Dump'!$H:$H,'MLA FEED 2'!$B9,'MLA Data Dump'!$M:$M,'MLA FEED 2'!H$2,'MLA Data Dump'!$I:$I,'MLA FEED 2'!$B$1) -> 0 | I9: =COUNTIFS('MLA Data Dump'!$H:$H,'MLA FEED 2'!$B9,'MLA Data Dump'!$M:$M,'MLA FEED 2'!I$2,'MLA Data Dump'!$I:$I,'MLA FEED 2'!$B$1) -> 0 | J9: =SUBTOTAL(9,G9:I9) -> 0 | K9: =COUNTIFS('MLA Data Dump'!$H:$H,'MLA FEED 2'!$B9,'MLA Data Dump'!$M:$M,'MLA FEED 2'!K$2,'MLA Data Dump'!$I:$I,'MLA FEED 2'!$B$1) -> 0 | L9: =COUNTIFS('MLA Data Dump'!$H:$H,'MLA FEED 2'!$B9,'MLA Data Dump'!$M:$M,'MLA FEED 2'!L$2,'MLA Data Dump'!$I:$I,'MLA FEED 2'!$B$1) -> 0 | M9: =COUNTIFS('MLA Data Dump'!$H:$H,'MLA FEED 2'!$B9,'MLA Data Dump'!$M:$M,'MLA FEED 2'!M$2,'MLA Data Dump'!$I:$I,'MLA FEED 2'!$B$1) -> 105 | N9: =SUBTOTAL(9,K9:M9) -> 105 | O9: =COUNTIFS('MLA Data Dump'!$H:$H,'MLA FEED 2'!$B9,'MLA Data Dump'!$M:$M,'MLA FEED 2'!O$2,'MLA Data Dump'!$I:$I,'MLA FEED 2'!$B$1) -> 3 | P9: =COUNTIFS('MLA Data Dump'!$H:$H,'MLA FEED 2'!$B9,'MLA Data Dump'!$M:$M,'MLA FEED 2'!P$2,'MLA Data Dump'!$I:$I,'MLA FEED 2'!$B$1) -> 0 | Q9: =COUNTIFS('MLA Data Dump'!$H:$H,'MLA FEED 2'!$B9,'MLA Data Dump'!$M:$M,'MLA FEED 2'!Q$2,'MLA Data Dump'!$I:$I,'MLA FEED 2'!$B$1) -> 3 | R9: =SUBTOTAL(9,O9:Q9) -> 6 | S9: =SUBTOTAL(9,C9:R9) -> 111 | T9: =COUNTIFS('MLA Data Dump'!$H:$H,'MLA FEED 2'!$B9,'MLA Data Dump'!$M:$M,'MLA FEED 2'!T$2,'MLA Data Dump'!$I:$I,'MLA FEED 2'!$B$1) -> 2 | U9: =COUNTIFS('MLA Data Dump'!$H:$H,'MLA FEED 2'!$B9,'MLA Data Dump'!$M:$M,'MLA FEED 2'!U$2,'MLA Data Dump'!$I:$I,'MLA FEED 2'!$B$1) -> 1 | V9: =COUNTIFS('MLA Data Dump'!$H:$H,'MLA FEED 2'!$B9,'MLA Data Dump'!$M:$M,'MLA FEED 2'!V$2,'MLA Data Dump'!$I:$I,'MLA FEED 2'!$B$1) -> 0 | W9: =SUBTOTAL(9,T9:V9) -> 3 | X9: =COUNTIFS('MLA Data Dump'!$H:$H,'MLA FEED 2'!$B9,'MLA Data Dump'!$M:$M,'MLA FEED 2'!X$2,'MLA Data Dump'!$I:$I,'MLA FEED 2'!$B$1) -> 1 | Y9: =COUNTIFS('MLA Data Dump'!$H:$H,'MLA FEED 2'!$B9,'MLA Data Dump'!$M:$M,'MLA FEED 2'!Y$2,'MLA Data Dump'!$I:$I,'MLA FEED 2'!$B$1) -> 2 | Z9: =COUNTIFS('MLA Data Dump'!$H:$H,'MLA FEED 2'!$B9,'MLA Data Dump'!$M:$M,'MLA FEED 2'!Z$2,'MLA Data Dump'!$I:$I,'MLA FEED 2'!$B$1) -> 1 | AA9: =SUBTOTAL(9,X9:Z9) -> 4 | AB9: =COUNTIFS('MLA Data Dump'!$H:$H,'MLA FEED 2'!$B9,'MLA Data Dump'!$M:$M,'MLA FEED 2'!AB$2,'MLA Data Dump'!$I:$I,'MLA FEED 2'!$B$1) -> 1 | AC9: =COUNTIFS('MLA Data Dump'!$H:$H,'MLA FEED 2'!$B9,'MLA Data Dump'!$M:$M,'MLA FEED 2'!AC$2,'MLA Data Dump'!$I:$I,'MLA FEED 2'!$B$1) -> 3 | AD9: =COUNTIFS('MLA Data Dump'!$H:$H,'MLA FEED 2'!$B9,'MLA Data Dump'!$M:$M,'MLA FEED 2'!AD$2,'MLA Data Dump'!$I:$I,'MLA FEED 2'!$B$1) -> 16 | AE9: =SUBTOTAL(9,AB9:AD9) -> 20 | AF9: =COUNTIFS('MLA Data Dump'!$H:$H,'MLA FEED 2'!$B9,'MLA Data Dump'!$M:$M,'MLA FEED 2'!AF$2,'MLA Data Dump'!$I:$I,'MLA FEED 2'!$B$1) -> 9 | AG9: =COUNTIFS('MLA Data Dump'!$H:$H,'MLA FEED 2'!$B9,'MLA Data Dump'!$M:$M,'MLA FEED 2'!AG$2,'MLA Data Dump'!$I:$I,'MLA FEED 2'!$B$1) -> 26 | AH9: =COUNTIFS('MLA Data Dump'!$H:$H,'MLA FEED 2'!$B9,'MLA Data Dump'!$M:$M,'MLA FEED 2'!AH$2,'MLA Data Dump'!$I:$I,'MLA FEED 2'!$B$1) -> 0 | AI9: =SUBTOTAL(9,AF9:AH9) -> 35 | AJ9: =SUBTOTAL(9,T9:AI9) -> 62
B10: Cyber Security Toolkit | C10: =COUNTIFS('MLA Data Dump'!$H:$H,'MLA FEED 2'!$B10,'MLA Data Dump'!$M:$M,'MLA FEED 2'!C$2,'MLA Data Dump'!$I:$I,'MLA FEED 2'!$B$1) -> 0 | D10: =COUNTIFS('MLA Data Dump'!$H:$H,'MLA FEED 2'!$B10,'MLA Data Dump'!$M:$M,'MLA FEED 2'!D$2,'MLA Data Dump'!$I:$I,'MLA FEED 2'!$B$1) -> 0 | E10: =COUNTIFS('MLA Data Dump'!$H:$H,'MLA FEED 2'!$B10,'MLA Data Dump'!$M:$M,'MLA FEED 2'!E$2,'MLA Data Dump'!$I:$I,'MLA FEED 2'!$B$1) -> 0 | F10: =SUBTOTAL(9,C10:E10) -> 0 | G10: =COUNTIFS('MLA Data Dump'!$H:$H,'MLA FEED 2'!$B10,'MLA Data Dump'!$M:$M,'MLA FEED 2'!G$2,'MLA Data Dump'!$I:$I,'MLA FEED 2'!$B$1) -> 0 | H10: =COUNTIFS('MLA Data Dump'!$H:$H,'MLA FEED 2'!$B10,'MLA Data Dump'!$M:$M,'MLA FEED 2'!H$2,'MLA Data Dump'!$I:$I,'MLA FEED 2'!$B$1) -> 0 | I10: =COUNTIFS('MLA Data Dump'!$H:$H,'MLA FEED 2'!$B10,'MLA Data Dump'!$M:$M,'MLA FEED 2'!I$2,'MLA Data Dump'!$I:$I,'MLA FEED 2'!$B$1) -> 0 | J10: =SUBTOTAL(9,G10:I10) -> 0 | K10: =COUNTIFS('MLA Data Dump'!$H:$H,'MLA FEED 2'!$B10,'MLA Data Dump'!$M:$M,'MLA FEED 2'!K$2,'MLA Data Dump'!$I:$I,'MLA FEED 2'!$B$1) -> 0 | L10: =COUNTIFS('MLA Data Dump'!$H:$H,'MLA FEED 2'!$B10,'MLA Data Dump'!$M:$M,'MLA FEED 2'!L$2,'MLA Data Dump'!$I:$I,'MLA FEED 2'!$B$1) -> 0 | M10: =COUNTIFS('MLA Data Dump'!$H:$H,'MLA FEED 2'!$B10,'MLA Data Dump'!$M:$M,'MLA FEED 2'!M$2,'MLA Data Dump'!$I:$I,'MLA FEED 2'!$B$1) -> 108 | N10: =SUBTOTAL(9,K10:M10) -> 108 | O10: =COUNTIFS('MLA Data Dump'!$H:$H,'MLA FEED 2'!$B10,'MLA Data Dump'!$M:$M,'MLA FEED 2'!O$2,'MLA Data Dump'!$I:$I,'MLA FEED 2'!$B$1) -> 3 | P10: =COUNTIFS('MLA Data Dump'!$H:$H,'MLA FEED 2'!$B10,'MLA Data Dump'!$M:$M,'MLA FEED 2'!P$2,'MLA Data Dump'!$I:$I,'MLA FEED 2'!$B$1) -> 0 | Q10: =COUNTIFS('MLA Data Dump'!$H:$H,'MLA FEED 2'!$B10,'MLA Data Dump'!$M:$M,'MLA FEED 2'!Q$2,'MLA Data Dump'!$I:$I,'MLA FEED 2'!$B$1) -> 3 | R10: =SUBTOTAL(9,O10:Q10) -> 6 | S10: =SUBTOTAL(9,C10:R10) -> 114 | T10: =COUNTIFS('MLA Data Dump'!$H:$H,'MLA FEED 2'!$B10,'MLA Data Dump'!$M:$M,'MLA FEED 2'!T$2,'MLA Data Dump'!$I:$I,'MLA FEED 2'!$B$1) -> 2 | U10: =COUNTIFS('MLA Data Dump'!$H:$H,'MLA FEED 2'!$B10,'MLA Data Dump'!$M:$M,'MLA FEED 2'!U$2,'MLA Data Dump'!$I:$I,'MLA FEED 2'!$B$1) -> 1 | V10: =COUNTIFS('MLA Data Dump'!$H:$H,'MLA FEED 2'!$B10,'MLA Data Dump'!$M:$M,'MLA FEED 2'!V$2,'MLA Data Dump'!$I:$I,'MLA FEED 2'!$B$1) -> 0 | W10: =SUBTOTAL(9,T10:V10) -> 3 | X10: =COUNTIFS('MLA Data Dump'!$H:$H,'MLA FEED 2'!$B10,'MLA Data Dump'!$M:$M,'MLA FEED 2'!X$2,'MLA Data Dump'!$I:$I,'MLA FEED 2'!$B$1) -> 1 | Y10: =COUNTIFS('MLA Data Dump'!$H:$H,'MLA FEED 2'!$B10,'MLA Data Dump'!$M:$M,'MLA FEED 2'!Y$2,'MLA Data Dump'!$I:$I,'MLA FEED 2'!$B$1) -> 2 | Z10: =COUNTIFS('MLA Data Dump'!$H:$H,'MLA FEED 2'!$B10,'MLA Data Dump'!$M:$M,'MLA FEED 2'!Z$2,'MLA Data Dump'!$I:$I,'MLA FEED 2'!$B$1) -> 1 | AA10: =SUBTOTAL(9,X10:Z10) -> 4 | AB10: =COUNTIFS('MLA Data Dump'!$H:$H,'MLA FEED 2'!$B10,'MLA Data Dump'!$M:$M,'MLA FEED 2'!AB$2,'MLA Data Dump'!$I:$I,'MLA FEED 2'!$B$1) -> 1 | AC10: =COUNTIFS('MLA Data Dump'!$H:$H,'MLA FEED 2'!$B10,'MLA Data Dump'!$M:$M,'MLA FEED 2'!AC$2,'MLA Data Dump'!$I:$I,'MLA FEED 2'!$B$1) -> 4 | AD10: =COUNTIFS('MLA Data Dump'!$H:$H,'MLA FEED 2'!$B10,'MLA Data Dump'!$M:$M,'MLA FEED 2'!AD$2,'MLA Data Dump'!$I:$I,'MLA FEED 2'!$B$1) -> 16 | AE10: =SUBTOTAL(9,AB10:AD10) -> 21 | AF10: =COUNTIFS('MLA Data Dump'!$H:$H,'MLA FEED 2'!$B10,'MLA Data Dump'!$M:$M,'MLA FEED 2'!AF$2,'MLA Data Dump'!$I:$I,'MLA FEED 2'!$B$1) -> 10 | AG10: =COUNTIFS('MLA Data Dump'!$H:$H,'MLA FEED 2'!$B10,'MLA Data Dump'!$M:$M,'MLA FEED 2'!AG$2,'MLA Data Dump'!$I:$I,'MLA FEED 2'!$B$1) -> 25 | AH10: =COUNTIFS('MLA Data Dump'!$H:$H,'MLA FEED 2'!$B10,'MLA Data Dump'!$M:$M,'MLA FEED 2'!AH$2,'MLA Data Dump'!$I:$I,'MLA FEED 2'!$B$1) -> 0 | AI10: =SUBTOTAL(9,AF10:AH10) -> 35 | AJ10: =SUBTOTAL(9,T10:AI10) -> 63
B11: Flexible Working Guidelines | C11: =COUNTIFS('MLA Data Dump'!$H:$H,'MLA FEED 2'!$B11,'MLA Data Dump'!$M:$M,'MLA FEED 2'!C$2,'MLA Data Dump'!$I:$I,'MLA FEED 2'!$B$1) -> 0 | D11: =COUNTIFS('MLA Data Dump'!$H:$H,'MLA FEED 2'!$B11,'MLA Data Dump'!$M:$M,'MLA FEED 2'!D$2,'MLA Data Dump'!$I:$I,'MLA FEED 2'!$B$1) -> 0 | E11: =COUNTIFS('MLA Data Dump'!$H:$H,'MLA FEED 2'!$B11,'MLA Data Dump'!$M:$M,'MLA FEED 2'!E$2,'MLA Data Dump'!$I:$I,'MLA FEED 2'!$B$1) -> 0 | F11: =SUBTOTAL(9,C11:E11) -> 0 | G11: =COUNTIFS('MLA Data Dump'!$H:$H,'MLA FEED 2'!$B11,'MLA Data Dump'!$M:$M,'MLA FEED 2'!G$2,'MLA Data Dump'!$I:$I,'MLA FEED 2'!$B$1) -> 0 | H11: =COUNTIFS('MLA Data Dump'!$H:$H,'MLA FEED 2'!$B11,'MLA Data Dump'!$M:$M,'MLA FEED 2'!H$2,'MLA Data Dump'!$I:$I,'MLA FEED 2'!$B$1) -> 0 | I11: =COUNTIFS('MLA Data Dump'!$H:$H,'MLA FEED 2'!$B11,'MLA Data Dump'!$M:$M,'MLA FEED 2'!I$2,'MLA Data Dump'!$I:$I,'MLA FEED 2'!$B$1) -> 0 | J11: =SUBTOTAL(9,G11:I11) -> 0 | K11: =COUNTIFS('MLA Data Dump'!$H:$H,'MLA FEED 2'!$B11,'MLA Data Dump'!$M:$M,'MLA FEED 2'!K$2,'MLA Data Dump'!$I:$I,'MLA FEED 2'!$B$1) -> 0 | L11: =COUNTIFS('MLA Data Dump'!$H:$H,'MLA FEED 2'!$B11,'MLA Data Dump'!$M:$M,'MLA FEED 2'!L$2,'MLA Data Dump'!$I:$I,'MLA FEED 2'!$B$1) -> 0 | M11: =COUNTIFS('MLA Data Dump'!$H:$H,'MLA FEED 2'!$B11,'MLA Data Dump'!$M:$M,'MLA FEED 2'!M$2,'MLA Data Dump'!$I:$I,'MLA FEED 2'!$B$1) -> 0 | N11: =SUBTOTAL(9,K11:M11) -> 0 | O11: =COUNTIFS('MLA Data Dump'!$H:$H,'MLA FEED 2'!$B11,'MLA Data Dump'!$M:$M,'MLA FEED 2'!O$2,'MLA Data Dump'!$I:$I,'MLA FEED 2'!$B$1) -> 0 | P11: =COUNTIFS('MLA Data Dump'!$H:$H,'MLA FEED 2'!$B11,'MLA Data Dump'!$M:$M,'MLA FEED 2'!P$2,'MLA Data Dump'!$I:$I,'MLA FEED 2'!$B$1) -> 0 | Q11: =COUNTIFS('MLA Data Dump'!$H:$H,'MLA FEED 2'!$B11,'MLA Data Dump'!$M:$M,'MLA FEED 2'!Q$2,'MLA Data Dump'!$I:$I,'MLA FEED 2'!$B$1) -> 0 | R11: =SUBTOTAL(9,O11:Q11) -> 0 | S11: =SUBTOTAL(9,C11:R11) -> 0 | T11: =COUNTIFS('MLA Data Dump'!$H:$H,'MLA FEED 2'!$B11,'MLA Data Dump'!$M:$M,'MLA FEED 2'!T$2,'MLA Data Dump'!$I:$I,'MLA FEED 2'!$B$1) -> 0 | U11: =COUNTIFS('MLA Data Dump'!$H:$H,'MLA FEED 2'!$B11,'MLA Data Dump'!$M:$M,'MLA FEED 2'!U$2,'MLA Data Dump'!$I:$I,'MLA FEED 2'!$B$1) -> 0 | V11: =COUNTIFS('MLA Data Dump'!$H:$H,'MLA FEED 2'!$B11,'MLA Data Dump'!$M:$M,'MLA FEED 2'!V$2,'MLA Data Dump'!$I:$I,'MLA FEED 2'!$B$1) -> 0 | W11: =SUBTOTAL(9,T11:V11) -> 0 | X11: =COUNTIFS('MLA Data Dump'!$H:$H,'MLA FEED 2'!$B11,'MLA Data Dump'!$M:$M,'MLA FEED 2'!X$2,'MLA Data Dump'!$I:$I,'MLA FEED 2'!$B$1) -> 0 | Y11: =COUNTIFS('MLA Data Dump'!$H:$H,'MLA FEED 2'!$B11,'MLA Data Dump'!$M:$M,'MLA FEED 2'!Y$2,'MLA Data Dump'!$I:$I,'MLA FEED 2'!$B$1) -> 0 | Z11: =COUNTIFS('MLA Data Dump'!$H:$H,'MLA FEED 2'!$B11,'MLA Data Dump'!$M:$M,'MLA FEED 2'!Z$2,'MLA Data Dump'!$I:$I,'MLA FEED 2'!$B$1) -> 0 | AA11: =SUBTOTAL(9,X11:Z11) -> 0 | AB11: =COUNTIFS('MLA Data Dump'!$H:$H,'MLA FEED 2'!$B11,'MLA Data Dump'!$M:$M,'MLA FEED 2'!AB$2,'MLA Data Dump'!$I:$I,'MLA FEED 2'!$B$1) -> 0 | AC11: =COUNTIFS('MLA Data Dump'!$H:$H,'MLA FEED 2'!$B11,'MLA Data Dump'!$M:$M,'MLA FEED 2'!AC$2,'MLA Data Dump'!$I:$I,'MLA FEED 2'!$B$1) -> 0 | AD11: =COUNTIFS('MLA Data Dump'!$H:$H,'MLA FEED 2'!$B11,'MLA Data Dump'!$M:$M,'MLA FEED 2'!AD$2,'MLA Data Dump'!$I:$I,'MLA FEED 2'!$B$1) -> 1 | AE11: =SUBTOTAL(9,AB11:AD11) -> 1 | AF11: =COUNTIFS('MLA Data Dump'!$H:$H,'MLA FEED 2'!$B11,'MLA Data Dump'!$M:$M,'MLA FEED 2'!AF$2,'MLA Data Dump'!$I:$I,'MLA FEED 2'!$B$1) -> 2 | AG11: =COUNTIFS('MLA Data Dump'!$H:$H,'MLA FEED 2'!$B11,'MLA Data Dump'!$M:$M,'MLA FEED 2'!AG$2,'MLA Data Dump'!$I:$I,'MLA FEED 2'!$B$1) -> 1 | AH11: =COUNTIFS('MLA Data Dump'!$H:$H,'MLA FEED 2'!$B11,'MLA Data Dump'!$M:$M,'MLA FEED 2'!AH$2,'MLA Data Dump'!$I:$I,'MLA FEED 2'!$B$1) -> 0 | AI11: =SUBTOTAL(9,AF11:AH11) -> 3 | AJ11: =SUBTOTAL(9,T11:AI11) -> 4
B12: Getting to know SGH | C12: =COUNTIFS('MLA Data Dump'!$H:$H,'MLA FEED 2'!$B12,'MLA Data Dump'!$M:$M,'MLA FEED 2'!C$2,'MLA Data Dump'!$I:$I,'MLA FEED 2'!$B$1) -> 0 | D12: =COUNTIFS('MLA Data Dump'!$H:$H,'MLA FEED 2'!$B12,'MLA Data Dump'!$M:$M,'MLA FEED 2'!D$2,'MLA Data Dump'!$I:$I,'MLA FEED 2'!$B$1) -> 0 | E12: =COUNTIFS('MLA Data Dump'!$H:$H,'MLA FEED 2'!$B12,'MLA Data Dump'!$M:$M,'MLA FEED 2'!E$2,'MLA Data Dump'!$I:$I,'MLA FEED 2'!$B$1) -> 0 | F12: =SUBTOTAL(9,C12:E12) -> 0 | G12: =COUNTIFS('MLA Data Dump'!$H:$H,'MLA FEED 2'!$B12,'MLA Data Dump'!$M:$M,'MLA FEED 2'!G$2,'MLA Data Dump'!$I:$I,'MLA FEED 2'!$B$1) -> 0 | H12: =COUNTIFS('MLA Data Dump'!$H:$H,'MLA FEED 2'!$B12,'MLA Data Dump'!$M:$M,'MLA FEED 2'!H$2,'MLA Data Dump'!$I:$I,'MLA FEED 2'!$B$1) -> 0 | I12: =COUNTIFS('MLA Data Dump'!$H:$H,'MLA FEED 2'!$B12,'MLA Data Dump'!$M:$M,'MLA FEED 2'!I$2,'MLA Data Dump'!$I:$I,'MLA FEED 2'!$B$1) -> 0 | J12: =SUBTOTAL(9,G12:I12) -> 0 | K12: =COUNTIFS('MLA Data Dump'!$H:$H,'MLA FEED 2'!$B12,'MLA Data Dump'!$M:$M,'MLA FEED 2'!K$2,'MLA Data Dump'!$I:$I,'MLA FEED 2'!$B$1) -> 0 | L12: =COUNTIFS('MLA Data Dump'!$H:$H,'MLA FEED 2'!$B12,'MLA Data Dump'!$M:$M,'MLA FEED 2'!L$2,'MLA Data Dump'!$I:$I,'MLA FEED 2'!$B$1) -> 0 | M12: =COUNTIFS('MLA Data Dump'!$H:$H,'MLA FEED 2'!$B12,'MLA Data Dump'!$M:$M,'MLA FEED 2'!M$2,'MLA Data Dump'!$I:$I,'MLA FEED 2'!$B$1) -> 0 | N12: =SUBTOTAL(9,K12:M12) -> 0 | O12: =COUNTIFS('MLA Data Dump'!$H:$H,'MLA FEED 2'!$B12,'MLA Data Dump'!$M:$M,'MLA FEED 2'!O$2,'MLA Data Dump'!$I:$I,'MLA FEED 2'!$B$1) -> 0 | P12: =COUNTIFS('MLA Data Dump'!$H:$H,'MLA FEED 2'!$B12,'MLA Data Dump'!$M:$M,'MLA FEED 2'!P$2,'MLA Data Dump'!$I:$I,'MLA FEED 2'!$B$1) -> 0 | Q12: =COUNTIFS('MLA Data Dump'!$H:$H,'MLA FEED 2'!$B12,'MLA Data Dump'!$M:$M,'MLA FEED 2'!Q$2,'MLA Data Dump'!$I:$I,'MLA FEED 2'!$B$1) -> 0 | R12: =SUBTOTAL(9,O12:Q12) -> 0 | S12: =SUBTOTAL(9,C12:R12) -> 0 | T12: =COUNTIFS('MLA Data Dump'!$H:$H,'MLA FEED 2'!$B12,'MLA Data Dump'!$M:$M,'MLA FEED 2'!T$2,'MLA Data Dump'!$I:$I,'MLA FEED 2'!$B$1) -> 1 | U12: =COUNTIFS('MLA Data Dump'!$H:$H,'MLA FEED 2'!$B12,'MLA Data Dump'!$M:$M,'MLA FEED 2'!U$2,'MLA Data Dump'!$I:$I,'MLA FEED 2'!$B$1) -> 0 | V12: =COUNTIFS('MLA Data Dump'!$H:$H,'MLA FEED 2'!$B12,'MLA Data Dump'!$M:$M,'MLA FEED 2'!V$2,'MLA Data Dump'!$I:$I,'MLA FEED 2'!$B$1) -> 0 | W12: =SUBTOTAL(9,T12:V12) -> 1 | X12: =COUNTIFS('MLA Data Dump'!$H:$H,'MLA FEED 2'!$B12,'MLA Data Dump'!$M:$M,'MLA FEED 2'!X$2,'MLA Data Dump'!$I:$I,'MLA FEED 2'!$B$1) -> 0 | Y12: =COUNTIFS('MLA Data Dump'!$H:$H,'MLA FEED 2'!$B12,'MLA Data Dump'!$M:$M,'MLA FEED 2'!Y$2,'MLA Data Dump'!$I:$I,'MLA FEED 2'!$B$1) -> 0 | Z12: =COUNTIFS('MLA Data Dump'!$H:$H,'MLA FEED 2'!$B12,'MLA Data Dump'!$M:$M,'MLA FEED 2'!Z$2,'MLA Data Dump'!$I:$I,'MLA FEED 2'!$B$1) -> 1 | AA12: =SUBTOTAL(9,X12:Z12) -> 1 | AB12: =COUNTIFS('MLA Data Dump'!$H:$H,'MLA FEED 2'!$B12,'MLA Data Dump'!$M:$M,'MLA FEED 2'!AB$2,'MLA Data Dump'!$I:$I,'MLA FEED 2'!$B$1) -> 0 | AC12: =COUNTIFS('MLA Data Dump'!$H:$H,'MLA FEED 2'!$B12,'MLA Data Dump'!$M:$M,'MLA FEED 2'!AC$2,'MLA Data Dump'!$I:$I,'MLA FEED 2'!$B$1) -> 0 | AD12: =COUNTIFS('MLA Data Dump'!$H:$H,'MLA FEED 2'!$B12,'MLA Data Dump'!$M:$M,'MLA FEED 2'!AD$2,'MLA Data Dump'!$I:$I,'MLA FEED 2'!$B$1) -> 1 | AE12: =SUBTOTAL(9,AB12:AD12) -> 1 | AF12: =COUNTIFS('MLA Data Dump'!$H:$H,'MLA FEED 2'!$B12,'MLA Data Dump'!$M:$M,'MLA FEED 2'!AF$2,'MLA Data Dump'!$I:$I,'MLA FEED 2'!$B$1) -> 2 | AG12: =COUNTIFS('MLA Data Dump'!$H:$H,'MLA FEED 2'!$B12,'MLA Data Dump'!$M:$M,'MLA FEED 2'!AG$2,'MLA Data Dump'!$I:$I,'MLA FEED 2'!$B$1) -> 1 | AH12: =COUNTIFS('MLA Data Dump'!$H:$H,'MLA FEED 2'!$B12,'MLA Data Dump'!$M:$M,'MLA FEED 2'!AH$2,'MLA Data Dump'!$I:$I,'MLA FEED 2'!$B$1) -> 0 | AI12: =SUBTOTAL(9,AF12:AH12) -> 3 | AJ12: =SUBTOTAL(9,T12:AI12) -> 6
B13: Health and Safety Begins with You | C13: =COUNTIFS('MLA Data Dump'!$H:$H,'MLA FEED 2'!$B13,'MLA Data Dump'!$M:$M,'MLA FEED 2'!C$2,'MLA Data Dump'!$I:$I,'MLA FEED 2'!$B$1) -> 0 | D13: =COUNTIFS('MLA Data Dump'!$H:$H,'MLA FEED 2'!$B13,'MLA Data Dump'!$M:$M,'MLA FEED 2'!D$2,'MLA Data Dump'!$I:$I,'MLA FEED 2'!$B$1) -> 0 | E13: =COUNTIFS('MLA Data Dump'!$H:$H,'MLA FEED 2'!$B13,'MLA Data Dump'!$M:$M,'MLA FEED 2'!E$2,'MLA Data Dump'!$I:$I,'MLA FEED 2'!$B$1) -> 0 | F13: =SUBTOTAL(9,C13:E13) -> 0 | G13: =COUNTIFS('MLA Data Dump'!$H:$H,'MLA FEED 2'!$B13,'MLA Data Dump'!$M:$M,'MLA FEED 2'!G$2,'MLA Data Dump'!$I:$I,'MLA FEED 2'!$B$1) -> 0 | H13: =COUNTIFS('MLA Data Dump'!$H:$H,'MLA FEED 2'!$B13,'MLA Data Dump'!$M:$M,'MLA FEED 2'!H$2,'MLA Data Dump'!$I:$I,'MLA FEED 2'!$B$1) -> 0 | I13: =COUNTIFS('MLA Data Dump'!$H:$H,'MLA FEED 2'!$B13,'MLA Data Dump'!$M:$M,'MLA FEED 2'!I$2,'MLA Data Dump'!$I:$I,'MLA FEED 2'!$B$1) -> 0 | J13: =SUBTOTAL(9,G13:I13) -> 0 | K13: =COUNTIFS('MLA Data Dump'!$H:$H,'MLA FEED 2'!$B13,'MLA Data Dump'!$M:$M,'MLA FEED 2'!K$2,'MLA Data Dump'!$I:$I,'MLA FEED 2'!$B$1) -> 0 | L13: =COUNTIFS('MLA Data Dump'!$H:$H,'MLA FEED 2'!$B13,'MLA Data Dump'!$M:$M,'MLA FEED 2'!L$2,'MLA Data Dump'!$I:$I,'MLA FEED 2'!$B$1) -> 0 | M13: =COUNTIFS('MLA Data Dump'!$H:$H,'MLA FEED 2'!$B13,'MLA Data Dump'!$M:$M,'MLA FEED 2'!M$2,'MLA Data Dump'!$I:$I,'MLA FEED 2'!$B$1) -> 0 | N13: =SUBTOTAL(9,K13:M13) -> 0 | O13: =COUNTIFS('MLA Data Dump'!$H:$H,'MLA FEED 2'!$B13,'MLA Data Dump'!$M:$M,'MLA FEED 2'!O$2,'MLA Data Dump'!$I:$I,'MLA FEED 2'!$B$1) -> 0 | P13: =COUNTIFS('MLA Data Dump'!$H:$H,'MLA FEED 2'!$B13,'MLA Data Dump'!$M:$M,'MLA FEED 2'!P$2,'MLA Data Dump'!$I:$I,'MLA FEED 2'!$B$1) -> 0 | Q13: =COUNTIFS('MLA Data Dump'!$H:$H,'MLA FEED 2'!$B13,'MLA Data Dump'!$M:$M,'MLA FEED 2'!Q$2,'MLA Data Dump'!$I:$I,'MLA FEED 2'!$B$1) -> 0 | R13: =SUBTOTAL(9,O13:Q13) -> 0 | S13: =SUBTOTAL(9,C13:R13) -> 0 | T13: =COUNTIFS('MLA Data Dump'!$H:$H,'MLA FEED 2'!$B13,'MLA Data Dump'!$M:$M,'MLA FEED 2'!T$2,'MLA Data Dump'!$I:$I,'MLA FEED 2'!$B$1) -> 1 | U13: =COUNTIFS('MLA Data Dump'!$H:$H,'MLA FEED 2'!$B13,'MLA Data Dump'!$M:$M,'MLA FEED 2'!U$2,'MLA Data Dump'!$I:$I,'MLA FEED 2'!$B$1) -> 0 | V13: =COUNTIFS('MLA Data Dump'!$H:$H,'MLA FEED 2'!$B13,'MLA Data Dump'!$M:$M,'MLA FEED 2'!V$2,'MLA Data Dump'!$I:$I,'MLA FEED 2'!$B$1) -> 0 | W13: =SUBTOTAL(9,T13:V13) -> 1 | X13: =COUNTIFS('MLA Data Dump'!$H:$H,'MLA FEED 2'!$B13,'MLA Data Dump'!$M:$M,'MLA FEED 2'!X$2,'MLA Data Dump'!$I:$I,'MLA FEED 2'!$B$1) -> 0 | Y13: =COUNTIFS('MLA Data Dump'!$H:$H,'MLA FEED 2'!$B13,'MLA Data Dump'!$M:$M,'MLA FEED 2'!Y$2,'MLA Data Dump'!$I:$I,'MLA FEED 2'!$B$1) -> 0 | Z13: =COUNTIFS('MLA Data Dump'!$H:$H,'MLA FEED 2'!$B13,'MLA Data Dump'!$M:$M,'MLA FEED 2'!Z$2,'MLA Data Dump'!$I:$I,'MLA FEED 2'!$B$1) -> 0 | AA13: =SUBTOTAL(9,X13:Z13) -> 0 | AB13: =COUNTIFS('MLA Data Dump'!$H:$H,'MLA FEED 2'!$B13,'MLA Data Dump'!$M:$M,'MLA FEED 2'!AB$2,'MLA Data Dump'!$I:$I,'MLA FEED 2'!$B$1) -> 0 | AC13: =COUNTIFS('MLA Data Dump'!$H:$H,'MLA FEED 2'!$B13,'MLA Data Dump'!$M:$M,'MLA FEED 2'!AC$2,'MLA Data Dump'!$I:$I,'MLA FEED 2'!$B$1) -> 0 | AD13: =COUNTIFS('MLA Data Dump'!$H:$H,'MLA FEED 2'!$B13,'MLA Data Dump'!$M:$M,'MLA FEED 2'!AD$2,'MLA Data Dump'!$I:$I,'MLA FEED 2'!$B$1) -> 1 | AE13: =SUBTOTAL(9,AB13:AD13) -> 1 | AF13: =COUNTIFS('MLA Data Dump'!$H:$H,'MLA FEED 2'!$B13,'MLA Data Dump'!$M:$M,'MLA FEED 2'!AF$2,'MLA Data Dump'!$I:$I,'MLA FEED 2'!$B$1) -> 2 | AG13: =COUNTIFS('MLA Data Dump'!$H:$H,'MLA FEED 2'!$B13,'MLA Data Dump'!$M:$M,'MLA FEED 2'!AG$2,'MLA Data Dump'!$I:$I,'MLA FEED 2'!$B$1) -> 1 | AH13: =COUNTIFS('MLA Data Dump'!$H:$H,'MLA FEED 2'!$B13,'MLA Data Dump'!$M:$M,'MLA FEED 2'!AH$2,'MLA Data Dump'!$I:$I,'MLA FEED 2'!$B$1) -> 0 | AI13: =SUBTOTAL(9,AF13:AH13) -> 3 | AJ13: =SUBTOTAL(9,T13:AI13) -> 5
B14: Technology Usage - PCI Compliance | C14: =COUNTIFS('MLA Data Dump'!$H:$H,'MLA FEED 2'!$B14,'MLA Data Dump'!$M:$M,'MLA FEED 2'!C$2,'MLA Data Dump'!$I:$I,'MLA FEED 2'!$B$1) -> 0 | D14: =COUNTIFS('MLA Data Dump'!$H:$H,'MLA FEED 2'!$B14,'MLA Data Dump'!$M:$M,'MLA FEED 2'!D$2,'MLA Data Dump'!$I:$I,'MLA FEED 2'!$B$1) -> 0 | E14: =COUNTIFS('MLA Data Dump'!$H:$H,'MLA FEED 2'!$B14,'MLA Data Dump'!$M:$M,'MLA FEED 2'!E$2,'MLA Data Dump'!$I:$I,'MLA FEED 2'!$B$1) -> 0 | F14: =SUBTOTAL(9,C14:E14) -> 0 | G14: =COUNTIFS('MLA Data Dump'!$H:$H,'MLA FEED 2'!$B14,'MLA Data Dump'!$M:$M,'MLA FEED 2'!G$2,'MLA Data Dump'!$I:$I,'MLA FEED 2'!$B$1) -> 0 | H14: =COUNTIFS('MLA Data Dump'!$H:$H,'MLA FEED 2'!$B14,'MLA Data Dump'!$M:$M,'MLA FEED 2'!H$2,'MLA Data Dump'!$I:$I,'MLA FEED 2'!$B$1) -> 0 | I14: =COUNTIFS('MLA Data Dump'!$H:$H,'MLA FEED 2'!$B14,'MLA Data Dump'!$M:$M,'MLA FEED 2'!I$2,'MLA Data Dump'!$I:$I,'MLA FEED 2'!$B$1) -> 0 | J14: =SUBTOTAL(9,G14:I14) -> 0 | K14: =COUNTIFS('MLA Data Dump'!$H:$H,'MLA FEED 2'!$B14,'MLA Data Dump'!$M:$M,'MLA FEED 2'!K$2,'MLA Data Dump'!$I:$I,'MLA FEED 2'!$B$1) -> 0 | L14: =COUNTIFS('MLA Data Dump'!$H:$H,'MLA FEED 2'!$B14,'MLA Data Dump'!$M:$M,'MLA FEED 2'!L$2,'MLA Data Dump'!$I:$I,'MLA FEED 2'!$B$1) -> 0 | M14: =COUNTIFS('MLA Data Dump'!$H:$H,'MLA FEED 2'!$B14,'MLA Data Dump'!$M:$M,'MLA FEED 2'!M$2,'MLA Data Dump'!$I:$I,'MLA FEED 2'!$B$1) -> 0 | N14: =SUBTOTAL(9,K14:M14) -> 0 | O14: =COUNTIFS('MLA Data Dump'!$H:$H,'MLA FEED 2'!$B14,'MLA Data Dump'!$M:$M,'MLA FEED 2'!O$2,'MLA Data Dump'!$I:$I,'MLA FEED 2'!$B$1) -> 0 | P14: =COUNTIFS('MLA Data Dump'!$H:$H,'MLA FEED 2'!$B14,'MLA Data Dump'!$M:$M,'MLA FEED 2'!P$2,'MLA Data Dump'!$I:$I,'MLA FEED 2'!$B$1) -> 0 | Q14: =COUNTIFS('MLA Data Dump'!$H:$H,'MLA FEED 2'!$B14,'MLA Data Dump'!$M:$M,'MLA FEED 2'!Q$2,'MLA Data Dump'!$I:$I,'MLA FEED 2'!$B$1) -> 0 | R14: =SUBTOTAL(9,O14:Q14) -> 0 | S14: =SUBTOTAL(9,C14:R14) -> 0 | T14: =COUNTIFS('MLA Data Dump'!$H:$H,'MLA FEED 2'!$B14,'MLA Data Dump'!$M:$M,'MLA FEED 2'!T$2,'MLA Data Dump'!$I:$I,'MLA FEED 2'!$B$1) -> 1 | U14: =COUNTIFS('MLA Data Dump'!$H:$H,'MLA FEED 2'!$B14,'MLA Data Dump'!$M:$M,'MLA FEED 2'!U$2,'MLA Data Dump'!$I:$I,'MLA FEED 2'!$B$1) -> 0 | V14: =COUNTIFS('MLA Data Dump'!$H:$H,'MLA FEED 2'!$B14,'MLA Data Dump'!$M:$M,'MLA FEED 2'!V$2,'MLA Data Dump'!$I:$I,'MLA FEED 2'!$B$1) -> 0 | W14: =SUBTOTAL(9,T14:V14) -> 1 | X14: =COUNTIFS('MLA Data Dump'!$H:$H,'MLA FEED 2'!$B14,'MLA Data Dump'!$M:$M,'MLA FEED 2'!X$2,'MLA Data Dump'!$I:$I,'MLA FEED 2'!$B$1) -> 0 | Y14: =COUNTIFS('MLA Data Dump'!$H:$H,'MLA FEED 2'!$B14,'MLA Data Dump'!$M:$M,'MLA FEED 2'!Y$2,'MLA Data Dump'!$I:$I,'MLA FEED 2'!$B$1) -> 0 | Z14: =COUNTIFS('MLA Data Dump'!$H:$H,'MLA FEED 2'!$B14,'MLA Data Dump'!$M:$M,'MLA FEED 2'!Z$2,'MLA Data Dump'!$I:$I,'MLA FEED 2'!$B$1) -> 0 | AA14: =SUBTOTAL(9,X14:Z14) -> 0 | AB14: =COUNTIFS('MLA Data Dump'!$H:$H,'MLA FEED 2'!$B14,'MLA Data Dump'!$M:$M,'MLA FEED 2'!AB$2,'MLA Data Dump'!$I:$I,'MLA FEED 2'!$B$1) -> 0 | AC14: =COUNTIFS('MLA Data Dump'!$H:$H,'MLA FEED 2'!$B14,'MLA Data Dump'!$M:$M,'MLA FEED 2'!AC$2,'MLA Data Dump'!$I:$I,'MLA FEED 2'!$B$1) -> 1 | AD14: =COUNTIFS('MLA Data Dump'!$H:$H,'MLA FEED 2'!$B14,'MLA Data Dump'!$M:$M,'MLA FEED 2'!AD$2,'MLA Data Dump'!$I:$I,'MLA FEED 2'!$B$1) -> 1 | AE14: =SUBTOTAL(9,AB14:AD14) -> 2 | AF14: =COUNTIFS('MLA Data Dump'!$H:$H,'MLA FEED 2'!$B14,'MLA Data Dump'!$M:$M,'MLA FEED 2'!AF$2,'MLA Data Dump'!$I:$I,'MLA FEED 2'!$B$1) -> 2 | AG14: =COUNTIFS('MLA Data Dump'!$H:$H,'MLA FEED 2'!$B14,'MLA Data Dump'!$M:$M,'MLA FEED 2'!AG$2,'MLA Data Dump'!$I:$I,'MLA FEED 2'!$B$1) -> 7 | AH14: =COUNTIFS('MLA Data Dump'!$H:$H,'MLA FEED 2'!$B14,'MLA Data Dump'!$M:$M,'MLA FEED 2'!AH$2,'MLA Data Dump'!$I:$I,'MLA FEED 2'!$B$1) -> 0 | AI14: =SUBTOTAL(9,AF14:AH14) -> 9 | AJ14: =SUBTOTAL(9,T14:AI14) -> 12
B16: Booked - YTD
A17: YTD - Mandatory Learning Activity | B17: YTD Bullying, Harassment and Discrimination - Module 1 | C17: =SUBTOTAL(9,$C3:C3) -> 0 | D17: =SUBTOTAL(9,$C3:D3) -> 0 | E17: =SUBTOTAL(9,$C3:E3) -> 0 | F17: =SUBTOTAL(9,$C3:F3) -> 0 | G17: =SUBTOTAL(9,$C3:G3) -> 0 | H17: =SUBTOTAL(9,$C3:H3) -> 0 | I17: =SUBTOTAL(9,$C3:I3) -> 0 | J17: =SUBTOTAL(9,$C3:J3) -> 0 | ... S17: =SUBTOTAL(9,$C3:S3) -> 0 | T17: =SUBTOTAL(9,$T3:T3) -> 1 | U17: =SUBTOTAL(9,$T3:U3) -> 1 | V17: =SUBTOTAL(9,$T3:V3) -> 1 | W17: =SUBTOTAL(9,$T3:W3) -> 1 | X17: =SUBTOTAL(9,$T3:X3) -> 1 | Y17: =SUBTOTAL(9,$T3:Y3) -> 1 | Z17: =SUBTOTAL(9,$T3:Z3) -> 1 | AA17: =SUBTOTAL(9,$T3:AA3) -> 1 | ... AJ17: =SUBTOTAL(9,$T3:AJ3) -> 5
B18: YTD Bullying, Harassment and Discrimination - Module 2 | C18: =SUBTOTAL(9,$C4:C4) -> 0 | D18: =SUBTOTAL(9,$C4:D4) -> 0 | E18: =SUBTOTAL(9,$C4:E4) -> 0 | F18: =SUBTOTAL(9,$C4:F4) -> 0 | G18: =SUBTOTAL(9,$C4:G4) -> 0 | H18: =SUBTOTAL(9,$C4:H4) -> 0 | I18: =SUBTOTAL(9,$C4:I4) -> 0 | J18: =SUBTOTAL(9,$C4:J4) -> 0 | ... S18: =SUBTOTAL(9,$C4:S4) -> 0 | T18: =SUBTOTAL(9,$T4:T4) -> 1 | U18: =SUBTOTAL(9,$T4:U4) -> 1 | V18: =SUBTOTAL(9,$T4:V4) -> 1 | W18: =SUBTOTAL(9,$T4:W4) -> 1 | X18: =SUBTOTAL(9,$T4:X4) -> 1 | Y18: =SUBTOTAL(9,$T4:Y4) -> 1 | Z18: =SUBTOTAL(9,$T4:Z4) -> 1 | AA18: =SUBTOTAL(9,$T4:AA4) -> 1 | ... AJ18: =SUBTOTAL(9,$T4:AJ4) -> 5
B19: YTD Bullying, Harassment and Discrimination for Team Leaders/Line Managers | C19: =SUBTOTAL(9,$C5:C5) -> 0 | D19: =SUBTOTAL(9,$C5:D5) -> 0 | E19: =SUBTOTAL(9,$C5:E5) -> 0 | F19: =SUBTOTAL(9,$C5:F5) -> 0 | G19: =SUBTOTAL(9,$C5:G5) -> 0 | H19: =SUBTOTAL(9,$C5:H5) -> 0 | I19: =SUBTOTAL(9,$C5:I5) -> 0 | J19: =SUBTOTAL(9,$C5:J5) -> 0 | ... S19: =SUBTOTAL(9,$C5:S5) -> 0 | T19: =SUBTOTAL(9,$T5:T5) -> 0 | U19: =SUBTOTAL(9,$T5:U5) -> 0 | V19: =SUBTOTAL(9,$T5:V5) -> 0 | W19: =SUBTOTAL(9,$T5:W5) -> 0 | X19: =SUBTOTAL(9,$T5:X5) -> 0 | Y19: =SUBTOTAL(9,$T5:Y5) -> 0 | Z19: =SUBTOTAL(9,$T5:Z5) -> 0 | AA19: =SUBTOTAL(9,$T5:AA5) -> 0 | ... AJ19: =SUBTOTAL(9,$T5:AJ5) -> 0
B20: YTD Cyber Security Awareness - Business Email Compromise Scams | C20: =SUBTOTAL(9,$C6:C6) -> 0 | D20: =SUBTOTAL(9,$C6:D6) -> 0 | E20: =SUBTOTAL(9,$C6:E6) -> 0 | F20: =SUBTOTAL(9,$C6:F6) -> 0 | G20: =SUBTOTAL(9,$C6:G6) -> 0 | H20: =SUBTOTAL(9,$C6:H6) -> 0 | I20: =SUBTOTAL(9,$C6:I6) -> 0 | J20: =SUBTOTAL(9,$C6:J6) -> 0 | ... S20: =SUBTOTAL(9,$C6:S6) -> 102 | T20: =SUBTOTAL(9,$T6:T6) -> 2 | U20: =SUBTOTAL(9,$T6:U6) -> 3 | V20: =SUBTOTAL(9,$T6:V6) -> 3 | W20: =SUBTOTAL(9,$T6:W6) -> 3 | X20: =SUBTOTAL(9,$T6:X6) -> 4 | Y20: =SUBTOTAL(9,$T6:Y6) -> 6 | Z20: =SUBTOTAL(9,$T6:Z6) -> 7 | AA20: =SUBTOTAL(9,$T6:AA6) -> 7 | ... AJ20: =SUBTOTAL(9,$T6:AJ6) -> 61
B21: YTD Cyber Security Awareness - Introduction | C21: =SUBTOTAL(9,$C7:C7) -> 0 | D21: =SUBTOTAL(9,$C7:D7) -> 0 | E21: =SUBTOTAL(9,$C7:E7) -> 0 | F21: =SUBTOTAL(9,$C7:F7) -> 0 | G21: =SUBTOTAL(9,$C7:G7) -> 0 | H21: =SUBTOTAL(9,$C7:H7) -> 0 | I21: =SUBTOTAL(9,$C7:I7) -> 0 | J21: =SUBTOTAL(9,$C7:J7) -> 0 | ... S21: =SUBTOTAL(9,$C7:S7) -> 91 | T21: =SUBTOTAL(9,$T7:T7) -> 2 | U21: =SUBTOTAL(9,$T7:U7) -> 3 | V21: =SUBTOTAL(9,$T7:V7) -> 3 | W21: =SUBTOTAL(9,$T7:W7) -> 3 | X21: =SUBTOTAL(9,$T7:X7) -> 4 | Y21: =SUBTOTAL(9,$T7:Y7) -> 6 | Z21: =SUBTOTAL(9,$T7:Z7) -> 6 | AA21: =SUBTOTAL(9,$T7:AA7) -> 6 | ... AJ21: =SUBTOTAL(9,$T7:AJ7) -> 57
B22: YTD Cyber Security Awareness - Malicious Links | C22: =SUBTOTAL(9,$C8:C8) -> 0 | D22: =SUBTOTAL(9,$C8:D8) -> 0 | E22: =SUBTOTAL(9,$C8:E8) -> 0 | F22: =SUBTOTAL(9,$C8:F8) -> 0 | G22: =SUBTOTAL(9,$C8:G8) -> 0 | H22: =SUBTOTAL(9,$C8:H8) -> 0 | I22: =SUBTOTAL(9,$C8:I8) -> 0 | J22: =SUBTOTAL(9,$C8:J8) -> 0 | ... S22: =SUBTOTAL(9,$C8:S8) -> 105 | T22: =SUBTOTAL(9,$T8:T8) -> 2 | U22: =SUBTOTAL(9,$T8:U8) -> 3 | V22: =SUBTOTAL(9,$T8:V8) -> 3 | W22: =SUBTOTAL(9,$T8:W8) -> 3 | X22: =SUBTOTAL(9,$T8:X8) -> 4 | Y22: =SUBTOTAL(9,$T8:Y8) -> 6 | Z22: =SUBTOTAL(9,$T8:Z8) -> 6 | AA22: =SUBTOTAL(9,$T8:AA8) -> 6 | ... AJ22: =SUBTOTAL(9,$T8:AJ8) -> 60
B23: YTD Cyber Security Awareness - Surfing the Web | C23: =SUBTOTAL(9,$C9:C9) -> 0 | D23: =SUBTOTAL(9,$C9:D9) -> 0 | E23: =SUBTOTAL(9,$C9:E9) -> 0 | F23: =SUBTOTAL(9,$C9:F9) -> 0 | G23: =SUBTOTAL(9,$C9:G9) -> 0 | H23: =SUBTOTAL(9,$C9:H9) -> 0 | I23: =SUBTOTAL(9,$C9:I9) -> 0 | J23: =SUBTOTAL(9,$C9:J9) -> 0 | ... S23: =SUBTOTAL(9,$C9:S9) -> 111 | T23: =SUBTOTAL(9,$T9:T9) -> 2 | U23: =SUBTOTAL(9,$T9:U9) -> 3 | V23: =SUBTOTAL(9,$T9:V9) -> 3 | W23: =SUBTOTAL(9,$T9:W9) -> 3 | X23: =SUBTOTAL(9,$T9:X9) -> 4 | Y23: =SUBTOTAL(9,$T9:Y9) -> 6 | Z23: =SUBTOTAL(9,$T9:Z9) -> 7 | AA23: =SUBTOTAL(9,$T9:AA9) -> 7 | ... AJ23: =SUBTOTAL(9,$T9:AJ9) -> 62
B24: YTD Cyber Security Toolkit | C24: =SUBTOTAL(9,$C10:C10) -> 0 | D24: =SUBTOTAL(9,$C10:D10) -> 0 | E24: =SUBTOTAL(9,$C10:E10) -> 0 | F24: =SUBTOTAL(9,$C10:F10) -> 0 | G24: =SUBTOTAL(9,$C10:G10) -> 0 | H24: =SUBTOTAL(9,$C10:H10) -> 0 | I24: =SUBTOTAL(9,$C10:I10) -> 0 | J24: =SUBTOTAL(9,$C10:J10) -> 0 | ... S24: =SUBTOTAL(9,$C10:S10) -> 114 | T24: =SUBTOTAL(9,$T10:T10) -> 2 | U24: =SUBTOTAL(9,$T10:U10) -> 3 | V24: =SUBTOTAL(9,$T10:V10) -> 3 | W24: =SUBTOTAL(9,$T10:W10) -> 3 | X24: =SUBTOTAL(9,$T10:X10) -> 4 | Y24: =SUBTOTAL(9,$T10:Y10) -> 6 | Z24: =SUBTOTAL(9,$T10:Z10) -> 7 | AA24: =SUBTOTAL(9,$T10:AA10) -> 7 | ... AJ24: =SUBTOTAL(9,$T10:AJ10) -> 63
B25: YTD Flexible Working Guidelines | C25: =SUBTOTAL(9,$C11:C11) -> 0 | D25: =SUBTOTAL(9,$C11:D11) -> 0 | E25: =SUBTOTAL(9,$C11:E11) -> 0 | F25: =SUBTOTAL(9,$C11:F11) -> 0 | G25: =SUBTOTAL(9,$C11:G11) -> 0 | H25: =SUBTOTAL(9,$C11:H11) -> 0 | I25: =SUBTOTAL(9,$C11:I11) -> 0 | J25: =SUBTOTAL(9,$C11:J11) -> 0 | ... S25: =SUBTOTAL(9,$C11:S11) -> 0 | T25: =SUBTOTAL(9,$T11:T11) -> 0 | U25: =SUBTOTAL(9,$T11:U11) -> 0 | V25: =SUBTOTAL(9,$T11:V11) -> 0 | W25: =SUBTOTAL(9,$T11:W11) -> 0 | X25: =SUBTOTAL(9,$T11:X11) -> 0 | Y25: =SUBTOTAL(9,$T11:Y11) -> 0 | Z25: =SUBTOTAL(9,$T11:Z11) -> 0 | AA25: =SUBTOTAL(9,$T11:AA11) -> 0 | ... AJ25: =SUBTOTAL(9,$T11:AJ11) -> 4
B26: YTD Getting to know SGH | C26: =SUBTOTAL(9,$C12:C12) -> 0 | D26: =SUBTOTAL(9,$C12:D12) -> 0 | E26: =SUBTOTAL(9,$C12:E12) -> 0 | F26: =SUBTOTAL(9,$C12:F12) -> 0 | G26: =SUBTOTAL(9,$C12:G12) -> 0 | H26: =SUBTOTAL(9,$C12:H12) -> 0 | I26: =SUBTOTAL(9,$C12:I12) -> 0 | J26: =SUBTOTAL(9,$C12:J12) -> 0 | ... S26: =SUBTOTAL(9,$C12:S12) -> 0 | T26: =SUBTOTAL(9,$T12:T12) -> 1 | U26: =SUBTOTAL(9,$T12:U12) -> 1 | V26: =SUBTOTAL(9,$T12:V12) -> 1 | W26: =SUBTOTAL(9,$T12:W12) -> 1 | X26: =SUBTOTAL(9,$T12:X12) -> 1 | Y26: =SUBTOTAL(9,$T12:Y12) -> 1 | Z26: =SUBTOTAL(9,$T12:Z12) -> 2 | AA26: =SUBTOTAL(9,$T12:AA12) -> 2 | ... AJ26: =SUBTOTAL(9,$T12:AJ12) -> 6
B27: YTD Health and Safety Begins with You | C27: =SUBTOTAL(9,$C13:C13) -> 0 | D27: =SUBTOTAL(9,$C13:D13) -> 0 | E27: =SUBTOTAL(9,$C13:E13) -> 0 | F27: =SUBTOTAL(9,$C13:F13) -> 0 | G27: =SUBTOTAL(9,$C13:G13) -> 0 | H27: =SUBTOTAL(9,$C13:H13) -> 0 | I27: =SUBTOTAL(9,$C13:I13) -> 0 | J27: =SUBTOTAL(9,$C13:J13) -> 0 | ... S27: =SUBTOTAL(9,$C13:S13) -> 0 | T27: =SUBTOTAL(9,$T13:T13) -> 1 | U27: =SUBTOTAL(9,$T13:U13) -> 1 | V27: =SUBTOTAL(9,$T13:V13) -> 1 | W27: =SUBTOTAL(9,$T13:W13) -> 1 | X27: =SUBTOTAL(9,$T13:X13) -> 1 | Y27: =SUBTOTAL(9,$T13:Y13) -> 1 | Z27: =SUBTOTAL(9,$T13:Z13) -> 1 | AA27: =SUBTOTAL(9,$T13:AA13) -> 1 | ... AJ27: =SUBTOTAL(9,$T13:AJ13) -> 5
B28: YTD Technology Usage - PCI Compliance | C28: =SUBTOTAL(9,$C14:C14) -> 0 | D28: =SUBTOTAL(9,$C14:D14) -> 0 | E28: =SUBTOTAL(9,$C14:E14) -> 0 | F28: =SUBTOTAL(9,$C14:F14) -> 0 | G28: =SUBTOTAL(9,$C14:G14) -> 0 | H28: =SUBTOTAL(9,$C14:H14) -> 0 | I28: =SUBTOTAL(9,$C14:I14) -> 0 | J28: =SUBTOTAL(9,$C14:J14) -> 0 | ... S28: =SUBTOTAL(9,$C14:S14) -> 0 | T28: =SUBTOTAL(9,$T14:T14) -> 1 | U28: =SUBTOTAL(9,$T14:U14) -> 1 | V28: =SUBTOTAL(9,$T14:V14) -> 1 | W28: =SUBTOTAL(9,$T14:W14) -> 1 | X28: =SUBTOTAL(9,$T14:X14) -> 1 | Y28: =SUBTOTAL(9,$T14:Y14) -> 1 | Z28: =SUBTOTAL(9,$T14:Z14) -> 1 | AA28: =SUBTOTAL(9,$T14:AA14) -> 1 | ... AJ28: =SUBTOTAL(9,$T14:AJ14) -> 12
B31: In Progress
A32: Mandatory Learning Activity | B32: Bullying, Harassment and Discrimination - Module 1 | C32: =COUNTIFS('MLA Data Dump'!$H:$H,'MLA FEED 2'!$B32,'MLA Data Dump'!$M:$M,'MLA FEED 2'!C$2,'MLA Data Dump'!$I:$I,'MLA FEED 2'!$B$31) -> 0 | D32: =COUNTIFS('MLA Data Dump'!$H:$H,'MLA FEED 2'!$B32,'MLA Data Dump'!$M:$M,'MLA FEED 2'!D$2,'MLA Data Dump'!$I:$I,'MLA FEED 2'!$B$31) -> 0 | E32: =COUNTIFS('MLA Data Dump'!$H:$H,'MLA FEED 2'!$B32,'MLA Data Dump'!$M:$M,'MLA FEED 2'!E$2,'MLA Data Dump'!$I:$I,'MLA FEED 2'!$B$31) -> 0 | F32: =SUBTOTAL(9,C32:E32) -> 0 | G32: =COUNTIFS('MLA Data Dump'!$H:$H,'MLA FEED 2'!$B32,'MLA Data Dump'!$M:$M,'MLA FEED 2'!G$2,'MLA Data Dump'!$I:$I,'MLA FEED 2'!$B$31) -> 0 | H32: =COUNTIFS('MLA Data Dump'!$H:$H,'MLA FEED 2'!$B32,'MLA Data Dump'!$M:$M,'MLA FEED 2'!H$2,'MLA Data Dump'!$I:$I,'MLA FEED 2'!$B$31) -> 0 | I32: =COUNTIFS('MLA Data Dump'!$H:$H,'MLA FEED 2'!$B32,'MLA Data Dump'!$M:$M,'MLA FEED 2'!I$2,'MLA Data Dump'!$I:$I,'MLA FEED 2'!$B$31) -> 0 | J32: =SUBTOTAL(9,G32:I32) -> 0 | K32: =COUNTIFS('MLA Data Dump'!$H:$H,'MLA FEED 2'!$B32,'MLA Data Dump'!$M:$M,'MLA FEED 2'!K$2,'MLA Data Dump'!$I:$I,'MLA FEED 2'!$B$31) -> 0 | L32: =COUNTIFS('MLA Data Dump'!$H:$H,'MLA FEED 2'!$B32,'MLA Data Dump'!$M:$M,'MLA FEED 2'!L$2,'MLA Data Dump'!$I:$I,'MLA FEED 2'!$B$31) -> 0 | M32: =COUNTIFS('MLA Data Dump'!$H:$H,'MLA FEED 2'!$B32,'MLA Data Dump'!$M:$M,'MLA FEED 2'!M$2,'MLA Data Dump'!$I:$I,'MLA FEED 2'!$B$31) -> 0 | N32: =SUBTOTAL(9,K32:M32) -> 0 | O32: =COUNTIFS('MLA Data Dump'!$H:$H,'MLA FEED 2'!$B32,'MLA Data Dump'!$M:$M,'MLA FEED 2'!O$2,'MLA Data Dump'!$I:$I,'MLA FEED 2'!$B$31) -> 0 | P32: =COUNTIFS('MLA Data Dump'!$H:$H,'MLA FEED 2'!$B32,'MLA Data Dump'!$M:$M,'MLA FEED 2'!P$2,'MLA Data Dump'!$I:$I,'MLA FEED 2'!$B$31) -> 0 | Q32: =COUNTIFS('MLA Data Dump'!$H:$H,'MLA FEED 2'!$B32,'MLA Data Dump'!$M:$M,'MLA FEED 2'!Q$2,'MLA Data Dump'!$I:$I,'MLA FEED 2'!$B$31) -> 0 | R32: =SUBTOTAL(9,O32:Q32) -> 0 | S32: =SUBTOTAL(9,C32:R32) -> 0 | T32: =COUNTIFS('MLA Data Dump'!$H:$H,'MLA FEED 2'!$B32,'MLA Data Dump'!$M:$M,'MLA FEED 2'!T$2,'MLA Data Dump'!$I:$I,'MLA FEED 2'!$B$31) -> 0 | U32: =COUNTIFS('MLA Data Dump'!$H:$H,'MLA FEED 2'!$B32,'MLA Data Dump'!$M:$M,'MLA FEED 2'!U$2,'MLA Data Dump'!$I:$I,'MLA FEED 2'!$B$31) -> 0 | V32: =COUNTIFS('MLA Data Dump'!$H:$H,'MLA FEED 2'!$B32,'MLA Data Dump'!$M:$M,'MLA FEED 2'!V$2,'MLA Data Dump'!$I:$I,'MLA FEED 2'!$B$31) -> 0 | W32: =SUBTOTAL(9,T32:V32) -> 0 | X32: =COUNTIFS('MLA Data Dump'!$H:$H,'MLA FEED 2'!$B32,'MLA Data Dump'!$M:$M,'MLA FEED 2'!X$2,'MLA Data Dump'!$I:$I,'MLA FEED 2'!$B$31) -> 0 | Y32: =COUNTIFS('MLA Data Dump'!$H:$H,'MLA FEED 2'!$B32,'MLA Data Dump'!$M:$M,'MLA FEED 2'!Y$2,'MLA Data Dump'!$I:$I,'MLA FEED 2'!$B$31) -> 0 | Z32: =COUNTIFS('MLA Data Dump'!$H:$H,'MLA FEED 2'!$B32,'MLA Data Dump'!$M:$M,'MLA FEED 2'!Z$2,'MLA Data Dump'!$I:$I,'MLA FEED 2'!$B$31) -> 0 | AA32: =SUBTOTAL(9,X32:Z32) -> 0 | AB32: =COUNTIFS('MLA Data Dump'!$H:$H,'MLA FEED 2'!$B32,'MLA Data Dump'!$M:$M,'MLA FEED 2'!AB$2,'MLA Data Dump'!$I:$I,'MLA FEED 2'!$B$31) -> 0 | AC32: =COUNTIFS('MLA Data Dump'!$H:$H,'MLA FEED 2'!$B32,'MLA Data Dump'!$M:$M,'MLA FEED 2'!AC$2,'MLA Data Dump'!$I:$I,'MLA FEED 2'!$B$31) -> 0 | AD32: =COUNTIFS('MLA Data Dump'!$H:$H,'MLA FEED 2'!$B32,'MLA Data Dump'!$M:$M,'MLA FEED 2'!AD$2,'MLA Data Dump'!$I:$I,'MLA FEED 2'!$B$31) -> 0 | AE32: =SUBTOTAL(9,AB32:AD32) -> 0 | AF32: =COUNTIFS('MLA Data Dump'!$H:$H,'MLA FEED 2'!$B32,'MLA Data Dump'!$M:$M,'MLA FEED 2'!AF$2,'MLA Data Dump'!$I:$I,'MLA FEED 2'!$B$31) -> 0 | AG32: =COUNTIFS('MLA Data Dump'!$H:$H,'MLA FEED 2'!$B32,'MLA Data Dump'!$M:$M,'MLA FEED 2'!AG$2,'MLA Data Dump'!$I:$I,'MLA FEED 2'!$B$31) -> 0 | AH32: =COUNTIFS('MLA Data Dump'!$H:$H,'MLA FEED 2'!$B32,'MLA Data Dump'!$M:$M,'MLA FEED 2'!AH$2,'MLA Data Dump'!$I:$I,'MLA FEED 2'!$B$31) -> 0 | AI32: =SUBTOTAL(9,AF32:AH32) -> 0 | AJ32: =SUBTOTAL(9,T32:AI32) -> 0
B33: Bullying, Harassment and Discrimination - Module 2 | C33: =COUNTIFS('MLA Data Dump'!$H:$H,'MLA FEED 2'!$B33,'MLA Data Dump'!$M:$M,'MLA FEED 2'!C$2,'MLA Data Dump'!$I:$I,'MLA FEED 2'!$B$31) -> 0 | D33: =COUNTIFS('MLA Data Dump'!$H:$H,'MLA FEED 2'!$B33,'MLA Data Dump'!$M:$M,'MLA FEED 2'!D$2,'MLA Data Dump'!$I:$I,'MLA FEED 2'!$B$31) -> 0 | E33: =COUNTIFS('MLA Data Dump'!$H:$H,'MLA FEED 2'!$B33,'MLA Data Dump'!$M:$M,'MLA FEED 2'!E$2,'MLA Data Dump'!$I:$I,'MLA FEED 2'!$B$31) -> 0 | F33: =SUBTOTAL(9,C33:E33) -> 0 | G33: =COUNTIFS('MLA Data Dump'!$H:$H,'MLA FEED 2'!$B33,'MLA Data Dump'!$M:$M,'MLA FEED 2'!G$2,'MLA Data Dump'!$I:$I,'MLA FEED 2'!$B$31) -> 0 | H33: =COUNTIFS('MLA Data Dump'!$H:$H,'MLA FEED 2'!$B33,'MLA Data Dump'!$M:$M,'MLA FEED 2'!H$2,'MLA Data Dump'!$I:$I,'MLA FEED 2'!$B$31) -> 0 | I33: =COUNTIFS('MLA Data Dump'!$H:$H,'MLA FEED 2'!$B33,'MLA Data Dump'!$M:$M,'MLA FEED 2'!I$2,'MLA Data Dump'!$I:$I,'MLA FEED 2'!$B$31) -> 0 | J33: =SUBTOTAL(9,G33:I33) -> 0 | K33: =COUNTIFS('MLA Data Dump'!$H:$H,'MLA FEED 2'!$B33,'MLA Data Dump'!$M:$M,'MLA FEED 2'!K$2,'MLA Data Dump'!$I:$I,'MLA FEED 2'!$B$31) -> 0 | L33: =COUNTIFS('MLA Data Dump'!$H:$H,'MLA FEED 2'!$B33,'MLA Data Dump'!$M:$M,'MLA FEED 2'!L$2,'MLA Data Dump'!$I:$I,'MLA FEED 2'!$B$31) -> 0 | M33: =COUNTIFS('MLA Data Dump'!$H:$H,'MLA FEED 2'!$B33,'MLA Data Dump'!$M:$M,'MLA FEED 2'!M$2,'MLA Data Dump'!$I:$I,'MLA FEED 2'!$B$31) -> 0 | N33: =SUBTOTAL(9,K33:M33) -> 0 | O33: =COUNTIFS('MLA Data Dump'!$H:$H,'MLA FEED 2'!$B33,'MLA Data Dump'!$M:$M,'MLA FEED 2'!O$2,'MLA Data Dump'!$I:$I,'MLA FEED 2'!$B$31) -> 0 | P33: =COUNTIFS('MLA Data Dump'!$H:$H,'MLA FEED 2'!$B33,'MLA Data Dump'!$M:$M,'MLA FEED 2'!P$2,'MLA Data Dump'!$I:$I,'MLA FEED 2'!$B$31) -> 0 | Q33: =COUNTIFS('MLA Data Dump'!$H:$H,'MLA FEED 2'!$B33,'MLA Data Dump'!$M:$M,'MLA FEED 2'!Q$2,'MLA Data Dump'!$I:$I,'MLA FEED 2'!$B$31) -> 0 | R33: =SUBTOTAL(9,O33:Q33) -> 0 | S33: =SUBTOTAL(9,C33:R33) -> 0 | T33: =COUNTIFS('MLA Data Dump'!$H:$H,'MLA FEED 2'!$B33,'MLA Data Dump'!$M:$M,'MLA FEED 2'!T$2,'MLA Data Dump'!$I:$I,'MLA FEED 2'!$B$31) -> 0 | U33: =COUNTIFS('MLA Data Dump'!$H:$H,'MLA FEED 2'!$B33,'MLA Data Dump'!$M:$M,'MLA FEED 2'!U$2,'MLA Data Dump'!$I:$I,'MLA FEED 2'!$B$31) -> 0 | V33: =COUNTIFS('MLA Data Dump'!$H:$H,'MLA FEED 2'!$B33,'MLA Data Dump'!$M:$M,'MLA FEED 2'!V$2,'MLA Data Dump'!$I:$I,'MLA FEED 2'!$B$31) -> 0 | W33: =SUBTOTAL(9,T33:V33) -> 0 | X33: =COUNTIFS('MLA Data Dump'!$H:$H,'MLA FEED 2'!$B33,'MLA Data Dump'!$M:$M,'MLA FEED 2'!X$2,'MLA Data Dump'!$I:$I,'MLA FEED 2'!$B$31) -> 0 | Y33: =COUNTIFS('MLA Data Dump'!$H:$H,'MLA FEED 2'!$B33,'MLA Data Dump'!$M:$M,'MLA FEED 2'!Y$2,'MLA Data Dump'!$I:$I,'MLA FEED 2'!$B$31) -> 0 | Z33: =COUNTIFS('MLA Data Dump'!$H:$H,'MLA FEED 2'!$B33,'MLA Data Dump'!$M:$M,'MLA FEED 2'!Z$2,'MLA Data Dump'!$I:$I,'MLA FEED 2'!$B$31) -> 0 | AA33: =SUBTOTAL(9,X33:Z33) -> 0 | AB33: =COUNTIFS('MLA Data Dump'!$H:$H,'MLA FEED 2'!$B33,'MLA Data Dump'!$M:$M,'MLA FEED 2'!AB$2,'MLA Data Dump'!$I:$I,'MLA FEED 2'!$B$31) -> 0 | AC33: =COUNTIFS('MLA Data Dump'!$H:$H,'MLA FEED 2'!$B33,'MLA Data Dump'!$M:$M,'MLA FEED 2'!AC$2,'MLA Data Dump'!$I:$I,'MLA FEED 2'!$B$31) -> 0 | AD33: =COUNTIFS('MLA Data Dump'!$H:$H,'MLA FEED 2'!$B33,'MLA Data Dump'!$M:$M,'MLA FEED 2'!AD$2,'MLA Data Dump'!$I:$I,'MLA FEED 2'!$B$31) -> 0 | AE33: =SUBTOTAL(9,AB33:AD33) -> 0 | AF33: =COUNTIFS('MLA Data Dump'!$H:$H,'MLA FEED 2'!$B33,'MLA Data Dump'!$M:$M,'MLA FEED 2'!AF$2,'MLA Data Dump'!$I:$I,'MLA FEED 2'!$B$31) -> 0 | AG33: =COUNTIFS('MLA Data Dump'!$H:$H,'MLA FEED 2'!$B33,'MLA Data Dump'!$M:$M,'MLA FEED 2'!AG$2,'MLA Data Dump'!$I:$I,'MLA FEED 2'!$B$31) -> 0 | AH33: =COUNTIFS('MLA Data Dump'!$H:$H,'MLA FEED 2'!$B33,'MLA Data Dump'!$M:$M,'MLA FEED 2'!AH$2,'MLA Data Dump'!$I:$I,'MLA FEED 2'!$B$31) -> 0 | AI33: =SUBTOTAL(9,AF33:AH33) -> 0 | AJ33: =SUBTOTAL(9,T33:AI33) -> 0
B34: Bullying, Harassment and Discrimination for Team Leaders/Line Managers | C34: =COUNTIFS('MLA Data Dump'!$H:$H,'MLA FEED 2'!$B34,'MLA Data Dump'!$M:$M,'MLA FEED 2'!C$2,'MLA Data Dump'!$I:$I,'MLA FEED 2'!$B$31) -> 0 | D34: =COUNTIFS('MLA Data Dump'!$H:$H,'MLA FEED 2'!$B34,'MLA Data Dump'!$M:$M,'MLA FEED 2'!D$2,'MLA Data Dump'!$I:$I,'MLA FEED 2'!$B$31) -> 0 | E34: =COUNTIFS('MLA Data Dump'!$H:$H,'MLA FEED 2'!$B34,'MLA Data Dump'!$M:$M,'MLA FEED 2'!E$2,'MLA Data Dump'!$I:$I,'MLA FEED 2'!$B$31) -> 0 | F34: =SUBTOTAL(9,C34:E34) -> 0 | G34: =COUNTIFS('MLA Data Dump'!$H:$H,'MLA FEED 2'!$B34,'MLA Data Dump'!$M:$M,'MLA FEED 2'!G$2,'MLA Data Dump'!$I:$I,'MLA FEED 2'!$B$31) -> 0 | H34: =COUNTIFS('MLA Data Dump'!$H:$H,'MLA FEED 2'!$B34,'MLA Data Dump'!$M:$M,'MLA FEED 2'!H$2,'MLA Data Dump'!$I:$I,'MLA FEED 2'!$B$31) -> 0 | I34: =COUNTIFS('MLA Data Dump'!$H:$H,'MLA FEED 2'!$B34,'MLA Data Dump'!$M:$M,'MLA FEED 2'!I$2,'MLA Data Dump'!$I:$I,'MLA FEED 2'!$B$31) -> 0 | J34: =SUBTOTAL(9,G34:I34) -> 0 | K34: =COUNTIFS('MLA Data Dump'!$H:$H,'MLA FEED 2'!$B34,'MLA Data Dump'!$M:$M,'MLA FEED 2'!K$2,'MLA Data Dump'!$I:$I,'MLA FEED 2'!$B$31) -> 0 | L34: =COUNTIFS('MLA Data Dump'!$H:$H,'MLA FEED 2'!$B34,'MLA Data Dump'!$M:$M,'MLA FEED 2'!L$2,'MLA Data Dump'!$I:$I,'MLA FEED 2'!$B$31) -> 0 | M34: =COUNTIFS('MLA Data Dump'!$H:$H,'MLA FEED 2'!$B34,'MLA Data Dump'!$M:$M,'MLA FEED 2'!M$2,'MLA Data Dump'!$I:$I,'MLA FEED 2'!$B$31) -> 0 | N34: =SUBTOTAL(9,K34:M34) -> 0 | O34: =COUNTIFS('MLA Data Dump'!$H:$H,'MLA FEED 2'!$B34,'MLA Data Dump'!$M:$M,'MLA FEED 2'!O$2,'MLA Data Dump'!$I:$I,'MLA FEED 2'!$B$31) -> 0 | P34: =COUNTIFS('MLA Data Dump'!$H:$H,'MLA FEED 2'!$B34,'MLA Data Dump'!$M:$M,'MLA FEED 2'!P$2,'MLA Data Dump'!$I:$I,'MLA FEED 2'!$B$31) -> 0 | Q34: =COUNTIFS('MLA Data Dump'!$H:$H,'MLA FEED 2'!$B34,'MLA Data Dump'!$M:$M,'MLA FEED 2'!Q$2,'MLA Data Dump'!$I:$I,'MLA FEED 2'!$B$31) -> 0 | R34: =SUBTOTAL(9,O34:Q34) -> 0 | S34: =SUBTOTAL(9,C34:R34) -> 0 | T34: =COUNTIFS('MLA Data Dump'!$H:$H,'MLA FEED 2'!$B34,'MLA Data Dump'!$M:$M,'MLA FEED 2'!T$2,'MLA Data Dump'!$I:$I,'MLA FEED 2'!$B$31) -> 0 | U34: =COUNTIFS('MLA Data Dump'!$H:$H,'MLA FEED 2'!$B34,'MLA Data Dump'!$M:$M,'MLA FEED 2'!U$2,'MLA Data Dump'!$I:$I,'MLA FEED 2'!$B$31) -> 0 | V34: =COUNTIFS('MLA Data Dump'!$H:$H,'MLA FEED 2'!$B34,'MLA Data Dump'!$M:$M,'MLA FEED 2'!V$2,'MLA Data Dump'!$I:$I,'MLA FEED 2'!$B$31) -> 0 | W34: =SUBTOTAL(9,T34:V34) -> 0 | X34: =COUNTIFS('MLA Data Dump'!$H:$H,'MLA FEED 2'!$B34,'MLA Data Dump'!$M:$M,'MLA FEED 2'!X$2,'MLA Data Dump'!$I:$I,'MLA FEED 2'!$B$31) -> 0 | Y34: =COUNTIFS('MLA Data Dump'!$H:$H,'MLA FEED 2'!$B34,'MLA Data Dump'!$M:$M,'MLA FEED 2'!Y$2,'MLA Data Dump'!$I:$I,'MLA FEED 2'!$B$31) -> 0 | Z34: =COUNTIFS('MLA Data Dump'!$H:$H,'MLA FEED 2'!$B34,'MLA Data Dump'!$M:$M,'MLA FEED 2'!Z$2,'MLA Data Dump'!$I:$I,'MLA FEED 2'!$B$31) -> 0 | AA34: =SUBTOTAL(9,X34:Z34) -> 0 | AB34: =COUNTIFS('MLA Data Dump'!$H:$H,'MLA FEED 2'!$B34,'MLA Data Dump'!$M:$M,'MLA FEED 2'!AB$2,'MLA Data Dump'!$I:$I,'MLA FEED 2'!$B$31) -> 0 | AC34: =COUNTIFS('MLA Data Dump'!$H:$H,'MLA FEED 2'!$B34,'MLA Data Dump'!$M:$M,'MLA FEED 2'!AC$2,'MLA Data Dump'!$I:$I,'MLA FEED 2'!$B$31) -> 0 | AD34: =COUNTIFS('MLA Data Dump'!$H:$H,'MLA FEED 2'!$B34,'MLA Data Dump'!$M:$M,'MLA FEED 2'!AD$2,'MLA Data Dump'!$I:$I,'MLA FEED 2'!$B$31) -> 0 | AE34: =SUBTOTAL(9,AB34:AD34) -> 0 | AF34: =COUNTIFS('MLA Data Dump'!$H:$H,'MLA FEED 2'!$B34,'MLA Data Dump'!$M:$M,'MLA FEED 2'!AF$2,'MLA Data Dump'!$I:$I,'MLA FEED 2'!$B$31) -> 0 | AG34: =COUNTIFS('MLA Data Dump'!$H:$H,'MLA FEED 2'!$B34,'MLA Data Dump'!$M:$M,'MLA FEED 2'!AG$2,'MLA Data Dump'!$I:$I,'MLA FEED 2'!$B$31) -> 0 | AH34: =COUNTIFS('MLA Data Dump'!$H:$H,'MLA FEED 2'!$B34,'MLA Data Dump'!$M:$M,'MLA FEED 2'!AH$2,'MLA Data Dump'!$I:$I,'MLA FEED 2'!$B$31) -> 0 | AI34: =SUBTOTAL(9,AF34:AH34) -> 0 | AJ34: =SUBTOTAL(9,T34:AI34) -> 0
B35: Cyber Security Awareness - Business Email Compromise Scams | C35: =COUNTIFS('MLA Data Dump'!$H:$H,'MLA FEED 2'!$B35,'MLA Data Dump'!$M:$M,'MLA FEED 2'!C$2,'MLA Data Dump'!$I:$I,'MLA FEED 2'!$B$31) -> 0 | D35: =COUNTIFS('MLA Data Dump'!$H:$H,'MLA FEED 2'!$B35,'MLA Data Dump'!$M:$M,'MLA FEED 2'!D$2,'MLA Data Dump'!$I:$I,'MLA FEED 2'!$B$31) -> 0 | E35: =COUNTIFS('MLA Data Dump'!$H:$H,'MLA FEED 2'!$B35,'MLA Data Dump'!$M:$M,'MLA FEED 2'!E$2,'MLA Data Dump'!$I:$I,'MLA FEED 2'!$B$31) -> 0 | F35: =SUBTOTAL(9,C35:E35) -> 0 | G35: =COUNTIFS('MLA Data Dump'!$H:$H,'MLA FEED 2'!$B35,'MLA Data Dump'!$M:$M,'MLA FEED 2'!G$2,'MLA Data Dump'!$I:$I,'MLA FEED 2'!$B$31) -> 0 | H35: =COUNTIFS('MLA Data Dump'!$H:$H,'MLA FEED 2'!$B35,'MLA Data Dump'!$M:$M,'MLA FEED 2'!H$2,'MLA Data Dump'!$I:$I,'MLA FEED 2'!$B$31) -> 0 | I35: =COUNTIFS('MLA Data Dump'!$H:$H,'MLA FEED 2'!$B35,'MLA Data Dump'!$M:$M,'MLA FEED 2'!I$2,'MLA Data Dump'!$I:$I,'MLA FEED 2'!$B$31) -> 0 | J35: =SUBTOTAL(9,G35:I35) -> 0 | K35: =COUNTIFS('MLA Data Dump'!$H:$H,'MLA FEED 2'!$B35,'MLA Data Dump'!$M:$M,'MLA FEED 2'!K$2,'MLA Data Dump'!$I:$I,'MLA FEED 2'!$B$31) -> 1 | L35: =COUNTIFS('MLA Data Dump'!$H:$H,'MLA FEED 2'!$B35,'MLA Data Dump'!$M:$M,'MLA FEED 2'!L$2,'MLA Data Dump'!$I:$I,'MLA FEED 2'!$B$31) -> 0 | M35: =COUNTIFS('MLA Data Dump'!$H:$H,'MLA FEED 2'!$B35,'MLA Data Dump'!$M:$M,'MLA FEED 2'!M$2,'MLA Data Dump'!$I:$I,'MLA FEED 2'!$B$31) -> 0 | N35: =SUBTOTAL(9,K35:M35) -> 1 | O35: =COUNTIFS('MLA Data Dump'!$H:$H,'MLA FEED 2'!$B35,'MLA Data Dump'!$M:$M,'MLA FEED 2'!O$2,'MLA Data Dump'!$I:$I,'MLA FEED 2'!$B$31) -> 0 | P35: =COUNTIFS('MLA Data Dump'!$H:$H,'MLA FEED 2'!$B35,'MLA Data Dump'!$M:$M,'MLA FEED 2'!P$2,'MLA Data Dump'!$I:$I,'MLA FEED 2'!$B$31) -> 0 | Q35: =COUNTIFS('MLA Data Dump'!$H:$H,'MLA FEED 2'!$B35,'MLA Data Dump'!$M:$M,'MLA FEED 2'!Q$2,'MLA Data Dump'!$I:$I,'MLA FEED 2'!$B$31) -> 0 | R35: =SUBTOTAL(9,O35:Q35) -> 0 | S35: =SUBTOTAL(9,C35:R35) -> 1 | T35: =COUNTIFS('MLA Data Dump'!$H:$H,'MLA FEED 2'!$B35,'MLA Data Dump'!$M:$M,'MLA FEED 2'!T$2,'MLA Data Dump'!$I:$I,'MLA FEED 2'!$B$31) -> 0 | U35: =COUNTIFS('MLA Data Dump'!$H:$H,'MLA FEED 2'!$B35,'MLA Data Dump'!$M:$M,'MLA FEED 2'!U$2,'MLA Data Dump'!$I:$I,'MLA FEED 2'!$B$31) -> 0 | V35: =COUNTIFS('MLA Data Dump'!$H:$H,'MLA FEED 2'!$B35,'MLA Data Dump'!$M:$M,'MLA FEED 2'!V$2,'MLA Data Dump'!$I:$I,'MLA FEED 2'!$B$31) -> 1 | W35: =SUBTOTAL(9,T35:V35) -> 1 | X35: =COUNTIFS('MLA Data Dump'!$H:$H,'MLA FEED 2'!$B35,'MLA Data Dump'!$M:$M,'MLA FEED 2'!X$2,'MLA Data Dump'!$I:$I,'MLA FEED 2'!$B$31) -> 0 | Y35: =COUNTIFS('MLA Data Dump'!$H:$H,'MLA FEED 2'!$B35,'MLA Data Dump'!$M:$M,'MLA FEED 2'!Y$2,'MLA Data Dump'!$I:$I,'MLA FEED 2'!$B$31) -> 0 | Z35: =COUNTIFS('MLA Data Dump'!$H:$H,'MLA FEED 2'!$B35,'MLA Data Dump'!$M:$M,'MLA FEED 2'!Z$2,'MLA Data Dump'!$I:$I,'MLA FEED 2'!$B$31) -> 0 | AA35: =SUBTOTAL(9,X35:Z35) -> 0 | AB35: =COUNTIFS('MLA Data Dump'!$H:$H,'MLA FEED 2'!$B35,'MLA Data Dump'!$M:$M,'MLA FEED 2'!AB$2,'MLA Data Dump'!$I:$I,'MLA FEED 2'!$B$31) -> 0 | AC35: =COUNTIFS('MLA Data Dump'!$H:$H,'MLA FEED 2'!$B35,'MLA Data Dump'!$M:$M,'MLA FEED 2'!AC$2,'MLA Data Dump'!$I:$I,'MLA FEED 2'!$B$31) -> 2 | AD35: =COUNTIFS('MLA Data Dump'!$H:$H,'MLA FEED 2'!$B35,'MLA Data Dump'!$M:$M,'MLA FEED 2'!AD$2,'MLA Data Dump'!$I:$I,'MLA FEED 2'!$B$31) -> 0 | AE35: =SUBTOTAL(9,AB35:AD35) -> 2 | AF35: =COUNTIFS('MLA Data Dump'!$H:$H,'MLA FEED 2'!$B35,'MLA Data Dump'!$M:$M,'MLA FEED 2'!AF$2,'MLA Data Dump'!$I:$I,'MLA FEED 2'!$B$31) -> 2 | AG35: =COUNTIFS('MLA Data Dump'!$H:$H,'MLA FEED 2'!$B35,'MLA Data Dump'!$M:$M,'MLA FEED 2'!AG$2,'MLA Data Dump'!$I:$I,'MLA FEED 2'!$B$31) -> 0 | AH35: =COUNTIFS('MLA Data Dump'!$H:$H,'MLA FEED 2'!$B35,'MLA Data Dump'!$M:$M,'MLA FEED 2'!AH$2,'MLA Data Dump'!$I:$I,'MLA FEED 2'!$B$31) -> 0 | AI35: =SUBTOTAL(9,AF35:AH35) -> 2 | AJ35: =SUBTOTAL(9,T35:AI35) -> 5
B36: Cyber Security Awareness - Introduction | C36: =COUNTIFS('MLA Data Dump'!$H:$H,'MLA FEED 2'!$B36,'MLA Data Dump'!$M:$M,'MLA FEED 2'!C$2,'MLA Data Dump'!$I:$I,'MLA FEED 2'!$B$31) -> 0 | D36: =COUNTIFS('MLA Data Dump'!$H:$H,'MLA FEED 2'!$B36,'MLA Data Dump'!$M:$M,'MLA FEED 2'!D$2,'MLA Data Dump'!$I:$I,'MLA FEED 2'!$B$31) -> 0 | E36: =COUNTIFS('MLA Data Dump'!$H:$H,'MLA FEED 2'!$B36,'MLA Data Dump'!$M:$M,'MLA FEED 2'!E$2,'MLA Data Dump'!$I:$I,'MLA FEED 2'!$B$31) -> 0 | F36: =SUBTOTAL(9,C36:E36) -> 0 | G36: =COUNTIFS('MLA Data Dump'!$H:$H,'MLA FEED 2'!$B36,'MLA Data Dump'!$M:$M,'MLA FEED 2'!G$2,'MLA Data Dump'!$I:$I,'MLA FEED 2'!$B$31) -> 0 | H36: =COUNTIFS('MLA Data Dump'!$H:$H,'MLA FEED 2'!$B36,'MLA Data Dump'!$M:$M,'MLA FEED 2'!H$2,'MLA Data Dump'!$I:$I,'MLA FEED 2'!$B$31) -> 0 | I36: =COUNTIFS('MLA Data Dump'!$H:$H,'MLA FEED 2'!$B36,'MLA Data Dump'!$M:$M,'MLA FEED 2'!I$2,'MLA Data Dump'!$I:$I,'MLA FEED 2'!$B$31) -> 1 | J36: =SUBTOTAL(9,G36:I36) -> 1 | K36: =COUNTIFS('MLA Data Dump'!$H:$H,'MLA FEED 2'!$B36,'MLA Data Dump'!$M:$M,'MLA FEED 2'!K$2,'MLA Data Dump'!$I:$I,'MLA FEED 2'!$B$31) -> 0 | L36: =COUNTIFS('MLA Data Dump'!$H:$H,'MLA FEED 2'!$B36,'MLA Data Dump'!$M:$M,'MLA FEED 2'!L$2,'MLA Data Dump'!$I:$I,'MLA FEED 2'!$B$31) -> 0 | M36: =COUNTIFS('MLA Data Dump'!$H:$H,'MLA FEED 2'!$B36,'MLA Data Dump'!$M:$M,'MLA FEED 2'!M$2,'MLA Data Dump'!$I:$I,'MLA FEED 2'!$B$31) -> 0 | N36: =SUBTOTAL(9,K36:M36) -> 0 | O36: =COUNTIFS('MLA Data Dump'!$H:$H,'MLA FEED 2'!$B36,'MLA Data Dump'!$M:$M,'MLA FEED 2'!O$2,'MLA Data Dump'!$I:$I,'MLA FEED 2'!$B$31) -> 1 | P36: =COUNTIFS('MLA Data Dump'!$H:$H,'MLA FEED 2'!$B36,'MLA Data Dump'!$M:$M,'MLA FEED 2'!P$2,'MLA Data Dump'!$I:$I,'MLA FEED 2'!$B$31) -> 0 | Q36: =COUNTIFS('MLA Data Dump'!$H:$H,'MLA FEED 2'!$B36,'MLA Data Dump'!$M:$M,'MLA FEED 2'!Q$2,'MLA Data Dump'!$I:$I,'MLA FEED 2'!$B$31) -> 1 | R36: =SUBTOTAL(9,O36:Q36) -> 2 | S36: =SUBTOTAL(9,C36:R36) -> 3 | T36: =COUNTIFS('MLA Data Dump'!$H:$H,'MLA FEED 2'!$B36,'MLA Data Dump'!$M:$M,'MLA FEED 2'!T$2,'MLA Data Dump'!$I:$I,'MLA FEED 2'!$B$31) -> 0 | U36: =COUNTIFS('MLA Data Dump'!$H:$H,'MLA FEED 2'!$B36,'MLA Data Dump'!$M:$M,'MLA FEED 2'!U$2,'MLA Data Dump'!$I:$I,'MLA FEED 2'!$B$31) -> 0 | V36: =COUNTIFS('MLA Data Dump'!$H:$H,'MLA FEED 2'!$B36,'MLA Data Dump'!$M:$M,'MLA FEED 2'!V$2,'MLA Data Dump'!$I:$I,'MLA FEED 2'!$B$31) -> 1 | W36: =SUBTOTAL(9,T36:V36) -> 1 | X36: =COUNTIFS('MLA Data Dump'!$H:$H,'MLA FEED 2'!$B36,'MLA Data Dump'!$M:$M,'MLA FEED 2'!X$2,'MLA Data Dump'!$I:$I,'MLA FEED 2'!$B$31) -> 0 | Y36: =COUNTIFS('MLA Data Dump'!$H:$H,'MLA FEED 2'!$B36,'MLA Data Dump'!$M:$M,'MLA FEED 2'!Y$2,'MLA Data Dump'!$I:$I,'MLA FEED 2'!$B$31) -> 0 | Z36: =COUNTIFS('MLA Data Dump'!$H:$H,'MLA FEED 2'!$B36,'MLA Data Dump'!$M:$M,'MLA FEED 2'!Z$2,'MLA Data Dump'!$I:$I,'MLA FEED 2'!$B$31) -> 0 | AA36: =SUBTOTAL(9,X36:Z36) -> 0 | AB36: =COUNTIFS('MLA Data Dump'!$H:$H,'MLA FEED 2'!$B36,'MLA Data Dump'!$M:$M,'MLA FEED 2'!AB$2,'MLA Data Dump'!$I:$I,'MLA FEED 2'!$B$31) -> 0 | AC36: =COUNTIFS('MLA Data Dump'!$H:$H,'MLA FEED 2'!$B36,'MLA Data Dump'!$M:$M,'MLA FEED 2'!AC$2,'MLA Data Dump'!$I:$I,'MLA FEED 2'!$B$31) -> 2 | AD36: =COUNTIFS('MLA Data Dump'!$H:$H,'MLA FEED 2'!$B36,'MLA Data Dump'!$M:$M,'MLA FEED 2'!AD$2,'MLA Data Dump'!$I:$I,'MLA FEED 2'!$B$31) -> 0 | AE36: =SUBTOTAL(9,AB36:AD36) -> 2 | AF36: =COUNTIFS('MLA Data Dump'!$H:$H,'MLA FEED 2'!$B36,'MLA Data Dump'!$M:$M,'MLA FEED 2'!AF$2,'MLA Data Dump'!$I:$I,'MLA FEED 2'!$B$31) -> 0 | AG36: =COUNTIFS('MLA Data Dump'!$H:$H,'MLA FEED 2'!$B36,'MLA Data Dump'!$M:$M,'MLA FEED 2'!AG$2,'MLA Data Dump'!$I:$I,'MLA FEED 2'!$B$31) -> 0 | AH36: =COUNTIFS('MLA Data Dump'!$H:$H,'MLA FEED 2'!$B36,'MLA Data Dump'!$M:$M,'MLA FEED 2'!AH$2,'MLA Data Dump'!$I:$I,'MLA FEED 2'!$B$31) -> 0 | AI36: =SUBTOTAL(9,AF36:AH36) -> 0 | AJ36: =SUBTOTAL(9,T36:AI36) -> 3
B37: Cyber Security Awareness - Malicious Links | C37: =COUNTIFS('MLA Data Dump'!$H:$H,'MLA FEED 2'!$B37,'MLA Data Dump'!$M:$M,'MLA FEED 2'!C$2,'MLA Data Dump'!$I:$I,'MLA FEED 2'!$B$31) -> 0 | D37: =COUNTIFS('MLA Data Dump'!$H:$H,'MLA FEED 2'!$B37,'MLA Data Dump'!$M:$M,'MLA FEED 2'!D$2,'MLA Data Dump'!$I:$I,'MLA FEED 2'!$B$31) -> 0 | E37: =COUNTIFS('MLA Data Dump'!$H:$H,'MLA FEED 2'!$B37,'MLA Data Dump'!$M:$M,'MLA FEED 2'!E$2,'MLA Data Dump'!$I:$I,'MLA FEED 2'!$B$31) -> 0 | F37: =SUBTOTAL(9,C37:E37) -> 0 | G37: =COUNTIFS('MLA Data Dump'!$H:$H,'MLA FEED 2'!$B37,'MLA Data Dump'!$M:$M,'MLA FEED 2'!G$2,'MLA Data Dump'!$I:$I,'MLA FEED 2'!$B$31) -> 0 | H37: =COUNTIFS('MLA Data Dump'!$H:$H,'MLA FEED 2'!$B37,'MLA Data Dump'!$M:$M,'MLA FEED 2'!H$2,'MLA Data Dump'!$I:$I,'MLA FEED 2'!$B$31) -> 0 | I37: =COUNTIFS('MLA Data Dump'!$H:$H,'MLA FEED 2'!$B37,'MLA Data Dump'!$M:$M,'MLA FEED 2'!I$2,'MLA Data Dump'!$I:$I,'MLA FEED 2'!$B$31) -> 0 | J37: =SUBTOTAL(9,G37:I37) -> 0 | K37: =COUNTIFS('MLA Data Dump'!$H:$H,'MLA FEED 2'!$B37,'MLA Data Dump'!$M:$M,'MLA FEED 2'!K$2,'MLA Data Dump'!$I:$I,'MLA FEED 2'!$B$31) -> 0 | L37: =COUNTIFS('MLA Data Dump'!$H:$H,'MLA FEED 2'!$B37,'MLA Data Dump'!$M:$M,'MLA FEED 2'!L$2,'MLA Data Dump'!$I:$I,'MLA FEED 2'!$B$31) -> 0 | M37: =COUNTIFS('MLA Data Dump'!$H:$H,'MLA FEED 2'!$B37,'MLA Data Dump'!$M:$M,'MLA FEED 2'!M$2,'MLA Data Dump'!$I:$I,'MLA FEED 2'!$B$31) -> 0 | N37: =SUBTOTAL(9,K37:M37) -> 0 | O37: =COUNTIFS('MLA Data Dump'!$H:$H,'MLA FEED 2'!$B37,'MLA Data Dump'!$M:$M,'MLA FEED 2'!O$2,'MLA Data Dump'!$I:$I,'MLA FEED 2'!$B$31) -> 0 | P37: =COUNTIFS('MLA Data Dump'!$H:$H,'MLA FEED 2'!$B37,'MLA Data Dump'!$M:$M,'MLA FEED 2'!P$2,'MLA Data Dump'!$I:$I,'MLA FEED 2'!$B$31) -> 0 | Q37: =COUNTIFS('MLA Data Dump'!$H:$H,'MLA FEED 2'!$B37,'MLA Data Dump'!$M:$M,'MLA FEED 2'!Q$2,'MLA Data Dump'!$I:$I,'MLA FEED 2'!$B$31) -> 1 | R37: =SUBTOTAL(9,O37:Q37) -> 1 | S37: =SUBTOTAL(9,C37:R37) -> 1 | T37: =COUNTIFS('MLA Data Dump'!$H:$H,'MLA FEED 2'!$B37,'MLA Data Dump'!$M:$M,'MLA FEED 2'!T$2,'MLA Data Dump'!$I:$I,'MLA FEED 2'!$B$31) -> 0 | U37: =COUNTIFS('MLA Data Dump'!$H:$H,'MLA FEED 2'!$B37,'MLA Data Dump'!$M:$M,'MLA FEED 2'!U$2,'MLA Data Dump'!$I:$I,'MLA FEED 2'!$B$31) -> 0 | V37: =COUNTIFS('MLA Data Dump'!$H:$H,'MLA FEED 2'!$B37,'MLA Data Dump'!$M:$M,'MLA FEED 2'!V$2,'MLA Data Dump'!$I:$I,'MLA FEED 2'!$B$31) -> 1 | W37: =SUBTOTAL(9,T37:V37) -> 1 | X37: =COUNTIFS('MLA Data Dump'!$H:$H,'MLA FEED 2'!$B37,'MLA Data Dump'!$M:$M,'MLA FEED 2'!X$2,'MLA Data Dump'!$I:$I,'MLA FEED 2'!$B$31) -> 0 | Y37: =COUNTIFS('MLA Data Dump'!$H:$H,'MLA FEED 2'!$B37,'MLA Data Dump'!$M:$M,'MLA FEED 2'!Y$2,'MLA Data Dump'!$I:$I,'MLA FEED 2'!$B$31) -> 0 | Z37: =COUNTIFS('MLA Data Dump'!$H:$H,'MLA FEED 2'!$B37,'MLA Data Dump'!$M:$M,'MLA FEED 2'!Z$2,'MLA Data Dump'!$I:$I,'MLA FEED 2'!$B$31) -> 0 | AA37: =SUBTOTAL(9,X37:Z37) -> 0 | AB37: =COUNTIFS('MLA Data Dump'!$H:$H,'MLA FEED 2'!$B37,'MLA Data Dump'!$M:$M,'MLA FEED 2'!AB$2,'MLA Data Dump'!$I:$I,'MLA FEED 2'!$B$31) -> 0 | AC37: =COUNTIFS('MLA Data Dump'!$H:$H,'MLA FEED 2'!$B37,'MLA Data Dump'!$M:$M,'MLA FEED 2'!AC$2,'MLA Data Dump'!$I:$I,'MLA FEED 2'!$B$31) -> 1 | AD37: =COUNTIFS('MLA Data Dump'!$H:$H,'MLA FEED 2'!$B37,'MLA Data Dump'!$M:$M,'MLA FEED 2'!AD$2,'MLA Data Dump'!$I:$I,'MLA FEED 2'!$B$31) -> 0 | AE37: =SUBTOTAL(9,AB37:AD37) -> 1 | AF37: =COUNTIFS('MLA Data Dump'!$H:$H,'MLA FEED 2'!$B37,'MLA Data Dump'!$M:$M,'MLA FEED 2'!AF$2,'MLA Data Dump'!$I:$I,'MLA FEED 2'!$B$31) -> 1 | AG37: =COUNTIFS('MLA Data Dump'!$H:$H,'MLA FEED 2'!$B37,'MLA Data Dump'!$M:$M,'MLA FEED 2'!AG$2,'MLA Data Dump'!$I:$I,'MLA FEED 2'!$B$31) -> 0 | AH37: =COUNTIFS('MLA Data Dump'!$H:$H,'MLA FEED 2'!$B37,'MLA Data Dump'!$M:$M,'MLA FEED 2'!AH$2,'MLA Data Dump'!$I:$I,'MLA FEED 2'!$B$31) -> 0 | AI37: =SUBTOTAL(9,AF37:AH37) -> 1 | AJ37: =SUBTOTAL(9,T37:AI37) -> 3
B38: Cyber Security Awareness - Surfing the Web | C38: =COUNTIFS('MLA Data Dump'!$H:$H,'MLA FEED 2'!$B38,'MLA Data Dump'!$M:$M,'MLA FEED 2'!C$2,'MLA Data Dump'!$I:$I,'MLA FEED 2'!$B$31) -> 0 | D38: =COUNTIFS('MLA Data Dump'!$H:$H,'MLA FEED 2'!$B38,'MLA Data Dump'!$M:$M,'MLA FEED 2'!D$2,'MLA Data Dump'!$I:$I,'MLA FEED 2'!$B$31) -> 0 | E38: =COUNTIFS('MLA Data Dump'!$H:$H,'MLA FEED 2'!$B38,'MLA Data Dump'!$M:$M,'MLA FEED 2'!E$2,'MLA Data Dump'!$I:$I,'MLA FEED 2'!$B$31) -> 0 | F38: =SUBTOTAL(9,C38:E38) -> 0 | G38: =COUNTIFS('MLA Data Dump'!$H:$H,'MLA FEED 2'!$B38,'MLA Data Dump'!$M:$M,'MLA FEED 2'!G$2,'MLA Data Dump'!$I:$I,'MLA FEED 2'!$B$31) -> 0 | H38: =COUNTIFS('MLA Data Dump'!$H:$H,'MLA FEED 2'!$B38,'MLA Data Dump'!$M:$M,'MLA FEED 2'!H$2,'MLA Data Dump'!$I:$I,'MLA FEED 2'!$B$31) -> 0 | I38: =COUNTIFS('MLA Data Dump'!$H:$H,'MLA FEED 2'!$B38,'MLA Data Dump'!$M:$M,'MLA FEED 2'!I$2,'MLA Data Dump'!$I:$I,'MLA FEED 2'!$B$31) -> 0 | J38: =SUBTOTAL(9,G38:I38) -> 0 | K38: =COUNTIFS('MLA Data Dump'!$H:$H,'MLA FEED 2'!$B38,'MLA Data Dump'!$M:$M,'MLA FEED 2'!K$2,'MLA Data Dump'!$I:$I,'MLA FEED 2'!$B$31) -> 0 | L38: =COUNTIFS('MLA Data Dump'!$H:$H,'MLA FEED 2'!$B38,'MLA Data Dump'!$M:$M,'MLA FEED 2'!L$2,'MLA Data Dump'!$I:$I,'MLA FEED 2'!$B$31) -> 0 | M38: =COUNTIFS('MLA Data Dump'!$H:$H,'MLA FEED 2'!$B38,'MLA Data Dump'!$M:$M,'MLA FEED 2'!M$2,'MLA Data Dump'!$I:$I,'MLA FEED 2'!$B$31) -> 0 | N38: =SUBTOTAL(9,K38:M38) -> 0 | O38: =COUNTIFS('MLA Data Dump'!$H:$H,'MLA FEED 2'!$B38,'MLA Data Dump'!$M:$M,'MLA FEED 2'!O$2,'MLA Data Dump'!$I:$I,'MLA FEED 2'!$B$31) -> 0 | P38: =COUNTIFS('MLA Data Dump'!$H:$H,'MLA FEED 2'!$B38,'MLA Data Dump'!$M:$M,'MLA FEED 2'!P$2,'MLA Data Dump'!$I:$I,'MLA FEED 2'!$B$31) -> 1 | Q38: =COUNTIFS('MLA Data Dump'!$H:$H,'MLA FEED 2'!$B38,'MLA Data Dump'!$M:$M,'MLA FEED 2'!Q$2,'MLA Data Dump'!$I:$I,'MLA FEED 2'!$B$31) -> 1 | R38: =SUBTOTAL(9,O38:Q38) -> 2 | S38: =SUBTOTAL(9,C38:R38) -> 2 | T38: =COUNTIFS('MLA Data Dump'!$H:$H,'MLA FEED 2'!$B38,'MLA Data Dump'!$M:$M,'MLA FEED 2'!T$2,'MLA Data Dump'!$I:$I,'MLA FEED 2'!$B$31) -> 0 | U38: =COUNTIFS('MLA Data Dump'!$H:$H,'MLA FEED 2'!$B38,'MLA Data Dump'!$M:$M,'MLA FEED 2'!U$2,'MLA Data Dump'!$I:$I,'MLA FEED 2'!$B$31) -> 0 | V38: =COUNTIFS('MLA Data Dump'!$H:$H,'MLA FEED 2'!$B38,'MLA Data Dump'!$M:$M,'MLA FEED 2'!V$2,'MLA Data Dump'!$I:$I,'MLA FEED 2'!$B$31) -> 1 | W38: =SUBTOTAL(9,T38:V38) -> 1 | X38: =COUNTIFS('MLA Data Dump'!$H:$H,'MLA FEED 2'!$B38,'MLA Data Dump'!$M:$M,'MLA FEED 2'!X$2,'MLA Data Dump'!$I:$I,'MLA FEED 2'!$B$31) -> 0 | Y38: =COUNTIFS('MLA Data Dump'!$H:$H,'MLA FEED 2'!$B38,'MLA Data Dump'!$M:$M,'MLA FEED 2'!Y$2,'MLA Data Dump'!$I:$I,'MLA FEED 2'!$B$31) -> 0 | Z38: =COUNTIFS('MLA Data Dump'!$H:$H,'MLA FEED 2'!$B38,'MLA Data Dump'!$M:$M,'MLA FEED 2'!Z$2,'MLA Data Dump'!$I:$I,'MLA FEED 2'!$B$31) -> 0 | AA38: =SUBTOTAL(9,X38:Z38) -> 0 | AB38: =COUNTIFS('MLA Data Dump'!$H:$H,'MLA FEED 2'!$B38,'MLA Data Dump'!$M:$M,'MLA FEED 2'!AB$2,'MLA Data Dump'!$I:$I,'MLA FEED 2'!$B$31) -> 0 | AC38: =COUNTIFS('MLA Data Dump'!$H:$H,'MLA FEED 2'!$B38,'MLA Data Dump'!$M:$M,'MLA FEED 2'!AC$2,'MLA Data Dump'!$I:$I,'MLA FEED 2'!$B$31) -> 1 | AD38: =COUNTIFS('MLA Data Dump'!$H:$H,'MLA FEED 2'!$B38,'MLA Data Dump'!$M:$M,'MLA FEED 2'!AD$2,'MLA Data Dump'!$I:$I,'MLA FEED 2'!$B$31) -> 0 | AE38: =SUBTOTAL(9,AB38:AD38) -> 1 | AF38: =COUNTIFS('MLA Data Dump'!$H:$H,'MLA FEED 2'!$B38,'MLA Data Dump'!$M:$M,'MLA FEED 2'!AF$2,'MLA Data Dump'!$I:$I,'MLA FEED 2'!$B$31) -> 1 | AG38: =COUNTIFS('MLA Data Dump'!$H:$H,'MLA FEED 2'!$B38,'MLA Data Dump'!$M:$M,'MLA FEED 2'!AG$2,'MLA Data Dump'!$I:$I,'MLA FEED 2'!$B$31) -> 0 | AH38: =COUNTIFS('MLA Data Dump'!$H:$H,'MLA FEED 2'!$B38,'MLA Data Dump'!$M:$M,'MLA FEED 2'!AH$2,'MLA Data Dump'!$I:$I,'MLA FEED 2'!$B$31) -> 0 | AI38: =SUBTOTAL(9,AF38:AH38) -> 1 | AJ38: =SUBTOTAL(9,T38:AI38) -> 3
B39: Cyber Security Toolkit | C39: =COUNTIFS('MLA Data Dump'!$H:$H,'MLA FEED 2'!$B39,'MLA Data Dump'!$M:$M,'MLA FEED 2'!C$2,'MLA Data Dump'!$I:$I,'MLA FEED 2'!$B$31) -> 0 | D39: =COUNTIFS('MLA Data Dump'!$H:$H,'MLA FEED 2'!$B39,'MLA Data Dump'!$M:$M,'MLA FEED 2'!D$2,'MLA Data Dump'!$I:$I,'MLA FEED 2'!$B$31) -> 0 | E39: =COUNTIFS('MLA Data Dump'!$H:$H,'MLA FEED 2'!$B39,'MLA Data Dump'!$M:$M,'MLA FEED 2'!E$2,'MLA Data Dump'!$I:$I,'MLA FEED 2'!$B$31) -> 0 | F39: =SUBTOTAL(9,C39:E39) -> 0 | G39: =COUNTIFS('MLA Data Dump'!$H:$H,'MLA FEED 2'!$B39,'MLA Data Dump'!$M:$M,'MLA FEED 2'!G$2,'MLA Data Dump'!$I:$I,'MLA FEED 2'!$B$31) -> 0 | H39: =COUNTIFS('MLA Data Dump'!$H:$H,'MLA FEED 2'!$B39,'MLA Data Dump'!$M:$M,'MLA FEED 2'!H$2,'MLA Data Dump'!$I:$I,'MLA FEED 2'!$B$31) -> 0 | I39: =COUNTIFS('MLA Data Dump'!$H:$H,'MLA FEED 2'!$B39,'MLA Data Dump'!$M:$M,'MLA FEED 2'!I$2,'MLA Data Dump'!$I:$I,'MLA FEED 2'!$B$31) -> 0 | J39: =SUBTOTAL(9,G39:I39) -> 0 | K39: =COUNTIFS('MLA Data Dump'!$H:$H,'MLA FEED 2'!$B39,'MLA Data Dump'!$M:$M,'MLA FEED 2'!K$2,'MLA Data Dump'!$I:$I,'MLA FEED 2'!$B$31) -> 0 | L39: =COUNTIFS('MLA Data Dump'!$H:$H,'MLA FEED 2'!$B39,'MLA Data Dump'!$M:$M,'MLA FEED 2'!L$2,'MLA Data Dump'!$I:$I,'MLA FEED 2'!$B$31) -> 0 | M39: =COUNTIFS('MLA Data Dump'!$H:$H,'MLA FEED 2'!$B39,'MLA Data Dump'!$M:$M,'MLA FEED 2'!M$2,'MLA Data Dump'!$I:$I,'MLA FEED 2'!$B$31) -> 0 | N39: =SUBTOTAL(9,K39:M39) -> 0 | O39: =COUNTIFS('MLA Data Dump'!$H:$H,'MLA FEED 2'!$B39,'MLA Data Dump'!$M:$M,'MLA FEED 2'!O$2,'MLA Data Dump'!$I:$I,'MLA FEED 2'!$B$31) -> 0 | P39: =COUNTIFS('MLA Data Dump'!$H:$H,'MLA FEED 2'!$B39,'MLA Data Dump'!$M:$M,'MLA FEED 2'!P$2,'MLA Data Dump'!$I:$I,'MLA FEED 2'!$B$31) -> 0 | Q39: =COUNTIFS('MLA Data Dump'!$H:$H,'MLA FEED 2'!$B39,'MLA Data Dump'!$M:$M,'MLA FEED 2'!Q$2,'MLA Data Dump'!$I:$I,'MLA FEED 2'!$B$31) -> 0 | R39: =SUBTOTAL(9,O39:Q39) -> 0 | S39: =SUBTOTAL(9,C39:R39) -> 0 | T39: =COUNTIFS('MLA Data Dump'!$H:$H,'MLA FEED 2'!$B39,'MLA Data Dump'!$M:$M,'MLA FEED 2'!T$2,'MLA Data Dump'!$I:$I,'MLA FEED 2'!$B$31) -> 0 | U39: =COUNTIFS('MLA Data Dump'!$H:$H,'MLA FEED 2'!$B39,'MLA Data Dump'!$M:$M,'MLA FEED 2'!U$2,'MLA Data Dump'!$I:$I,'MLA FEED 2'!$B$31) -> 0 | V39: =COUNTIFS('MLA Data Dump'!$H:$H,'MLA FEED 2'!$B39,'MLA Data Dump'!$M:$M,'MLA FEED 2'!V$2,'MLA Data Dump'!$I:$I,'MLA FEED 2'!$B$31) -> 0 | W39: =SUBTOTAL(9,T39:V39) -> 0 | X39: =COUNTIFS('MLA Data Dump'!$H:$H,'MLA FEED 2'!$B39,'MLA Data Dump'!$M:$M,'MLA FEED 2'!X$2,'MLA Data Dump'!$I:$I,'MLA FEED 2'!$B$31) -> 0 | Y39: =COUNTIFS('MLA Data Dump'!$H:$H,'MLA FEED 2'!$B39,'MLA Data Dump'!$M:$M,'MLA FEED 2'!Y$2,'MLA Data Dump'!$I:$I,'MLA FEED 2'!$B$31) -> 0 | Z39: =COUNTIFS('MLA Data Dump'!$H:$H,'MLA FEED 2'!$B39,'MLA Data Dump'!$M:$M,'MLA FEED 2'!Z$2,'MLA Data Dump'!$I:$I,'MLA FEED 2'!$B$31) -> 0 | AA39: =SUBTOTAL(9,X39:Z39) -> 0 | AB39: =COUNTIFS('MLA Data Dump'!$H:$H,'MLA FEED 2'!$B39,'MLA Data Dump'!$M:$M,'MLA FEED 2'!AB$2,'MLA Data Dump'!$I:$I,'MLA FEED 2'!$B$31) -> 0 | AC39: =COUNTIFS('MLA Data Dump'!$H:$H,'MLA FEED 2'!$B39,'MLA Data Dump'!$M:$M,'MLA FEED 2'!AC$2,'MLA Data Dump'!$I:$I,'MLA FEED 2'!$B$31) -> 0 | AD39: =COUNTIFS('MLA Data Dump'!$H:$H,'MLA FEED 2'!$B39,'MLA Data Dump'!$M:$M,'MLA FEED 2'!AD$2,'MLA Data Dump'!$I:$I,'MLA FEED 2'!$B$31) -> 0 | AE39: =SUBTOTAL(9,AB39:AD39) -> 0 | AF39: =COUNTIFS('MLA Data Dump'!$H:$H,'MLA FEED 2'!$B39,'MLA Data Dump'!$M:$M,'MLA FEED 2'!AF$2,'MLA Data Dump'!$I:$I,'MLA FEED 2'!$B$31) -> 0 | AG39: =COUNTIFS('MLA Data Dump'!$H:$H,'MLA FEED 2'!$B39,'MLA Data Dump'!$M:$M,'MLA FEED 2'!AG$2,'MLA Data Dump'!$I:$I,'MLA FEED 2'!$B$31) -> 0 | AH39: =COUNTIFS('MLA Data Dump'!$H:$H,'MLA FEED 2'!$B39,'MLA Data Dump'!$M:$M,'MLA FEED 2'!AH$2,'MLA Data Dump'!$I:$I,'MLA FEED 2'!$B$31) -> 0 | AI39: =SUBTOTAL(9,AF39:AH39) -> 0 | AJ39: =SUBTOTAL(9,T39:AI39) -> 0
B40: Flexible Working Guidelines | C40: =COUNTIFS('MLA Data Dump'!$H:$H,'MLA FEED 2'!$B40,'MLA Data Dump'!$M:$M,'MLA FEED 2'!C$2,'MLA Data Dump'!$I:$I,'MLA FEED 2'!$B$31) -> 0 | D40: =COUNTIFS('MLA Data Dump'!$H:$H,'MLA FEED 2'!$B40,'MLA Data Dump'!$M:$M,'MLA FEED 2'!D$2,'MLA Data Dump'!$I:$I,'MLA FEED 2'!$B$31) -> 0 | E40: =COUNTIFS('MLA Data Dump'!$H:$H,'MLA FEED 2'!$B40,'MLA Data Dump'!$M:$M,'MLA FEED 2'!E$2,'MLA Data Dump'!$I:$I,'MLA FEED 2'!$B$31) -> 0 | F40: =SUBTOTAL(9,C40:E40) -> 0 | G40: =COUNTIFS('MLA Data Dump'!$H:$H,'MLA FEED 2'!$B40,'MLA Data Dump'!$M:$M,'MLA FEED 2'!G$2,'MLA Data Dump'!$I:$I,'MLA FEED 2'!$B$31) -> 0 | H40: =COUNTIFS('MLA Data Dump'!$H:$H,'MLA FEED 2'!$B40,'MLA Data Dump'!$M:$M,'MLA FEED 2'!H$2,'MLA Data Dump'!$I:$I,'MLA FEED 2'!$B$31) -> 0 | I40: =COUNTIFS('MLA Data Dump'!$H:$H,'MLA FEED 2'!$B40,'MLA Data Dump'!$M:$M,'MLA FEED 2'!I$2,'MLA Data Dump'!$I:$I,'MLA FEED 2'!$B$31) -> 0 | J40: =SUBTOTAL(9,G40:I40) -> 0 | K40: =COUNTIFS('MLA Data Dump'!$H:$H,'MLA FEED 2'!$B40,'MLA Data Dump'!$M:$M,'MLA FEED 2'!K$2,'MLA Data Dump'!$I:$I,'MLA FEED 2'!$B$31) -> 0 | L40: =COUNTIFS('MLA Data Dump'!$H:$H,'MLA FEED 2'!$B40,'MLA Data Dump'!$M:$M,'MLA FEED 2'!L$2,'MLA Data Dump'!$I:$I,'MLA FEED 2'!$B$31) -> 0 | M40: =COUNTIFS('MLA Data Dump'!$H:$H,'MLA FEED 2'!$B40,'MLA Data Dump'!$M:$M,'MLA FEED 2'!M$2,'MLA Data Dump'!$I:$I,'MLA FEED 2'!$B$31) -> 0 | N40: =SUBTOTAL(9,K40:M40) -> 0 | O40: =COUNTIFS('MLA Data Dump'!$H:$H,'MLA FEED 2'!$B40,'MLA Data Dump'!$M:$M,'MLA FEED 2'!O$2,'MLA Data Dump'!$I:$I,'MLA FEED 2'!$B$31) -> 0 | P40: =COUNTIFS('MLA Data Dump'!$H:$H,'MLA FEED 2'!$B40,'MLA Data Dump'!$M:$M,'MLA FEED 2'!P$2,'MLA Data Dump'!$I:$I,'MLA FEED 2'!$B$31) -> 0 | Q40: =COUNTIFS('MLA Data Dump'!$H:$H,'MLA FEED 2'!$B40,'MLA Data Dump'!$M:$M,'MLA FEED 2'!Q$2,'MLA Data Dump'!$I:$I,'MLA FEED 2'!$B$31) -> 0 | R40: =SUBTOTAL(9,O40:Q40) -> 0 | S40: =SUBTOTAL(9,C40:R40) -> 0 | T40: =COUNTIFS('MLA Data Dump'!$H:$H,'MLA FEED 2'!$B40,'MLA Data Dump'!$M:$M,'MLA FEED 2'!T$2,'MLA Data Dump'!$I:$I,'MLA FEED 2'!$B$31) -> 0 | U40: =COUNTIFS('MLA Data Dump'!$H:$H,'MLA FEED 2'!$B40,'MLA Data Dump'!$M:$M,'MLA FEED 2'!U$2,'MLA Data Dump'!$I:$I,'MLA FEED 2'!$B$31) -> 0 | V40: =COUNTIFS('MLA Data Dump'!$H:$H,'MLA FEED 2'!$B40,'MLA Data Dump'!$M:$M,'MLA FEED 2'!V$2,'MLA Data Dump'!$I:$I,'MLA FEED 2'!$B$31) -> 0 | W40: =SUBTOTAL(9,T40:V40) -> 0 | X40: =COUNTIFS('MLA Data Dump'!$H:$H,'MLA FEED 2'!$B40,'MLA Data Dump'!$M:$M,'MLA FEED 2'!X$2,'MLA Data Dump'!$I:$I,'MLA FEED 2'!$B$31) -> 0 | Y40: =COUNTIFS('MLA Data Dump'!$H:$H,'MLA FEED 2'!$B40,'MLA Data Dump'!$M:$M,'MLA FEED 2'!Y$2,'MLA Data Dump'!$I:$I,'MLA FEED 2'!$B$31) -> 0 | Z40: =COUNTIFS('MLA Data Dump'!$H:$H,'MLA FEED 2'!$B40,'MLA Data Dump'!$M:$M,'MLA FEED 2'!Z$2,'MLA Data Dump'!$I:$I,'MLA FEED 2'!$B$31) -> 0 | AA40: =SUBTOTAL(9,X40:Z40) -> 0 | AB40: =COUNTIFS('MLA Data Dump'!$H:$H,'MLA FEED 2'!$B40,'MLA Data Dump'!$M:$M,'MLA FEED 2'!AB$2,'MLA Data Dump'!$I:$I,'MLA FEED 2'!$B$31) -> 0 | AC40: =COUNTIFS('MLA Data Dump'!$H:$H,'MLA FEED 2'!$B40,'MLA Data Dump'!$M:$M,'MLA FEED 2'!AC$2,'MLA Data Dump'!$I:$I,'MLA FEED 2'!$B$31) -> 1 | AD40: =COUNTIFS('MLA Data Dump'!$H:$H,'MLA FEED 2'!$B40,'MLA Data Dump'!$M:$M,'MLA FEED 2'!AD$2,'MLA Data Dump'!$I:$I,'MLA FEED 2'!$B$31) -> 0 | AE40: =SUBTOTAL(9,AB40:AD40) -> 1 | AF40: =COUNTIFS('MLA Data Dump'!$H:$H,'MLA FEED 2'!$B40,'MLA Data Dump'!$M:$M,'MLA FEED 2'!AF$2,'MLA Data Dump'!$I:$I,'MLA FEED 2'!$B$31) -> 1 | AG40: =COUNTIFS('MLA Data Dump'!$H:$H,'MLA FEED 2'!$B40,'MLA Data Dump'!$M:$M,'MLA FEED 2'!AG$2,'MLA Data Dump'!$I:$I,'MLA FEED 2'!$B$31) -> 0 | AH40: =COUNTIFS('MLA Data Dump'!$H:$H,'MLA FEED 2'!$B40,'MLA Data Dump'!$M:$M,'MLA FEED 2'!AH$2,'MLA Data Dump'!$I:$I,'MLA FEED 2'!$B$31) -> 0 | AI40: =SUBTOTAL(9,AF40:AH40) -> 1 | AJ40: =SUBTOTAL(9,T40:AI40) -> 2
B41: Getting to know SGH | C41: =COUNTIFS('MLA Data Dump'!$H:$H,'MLA FEED 2'!$B41,'MLA Data Dump'!$M:$M,'MLA FEED 2'!C$2,'MLA Data Dump'!$I:$I,'MLA FEED 2'!$B$31) -> 0 | D41: =COUNTIFS('MLA Data Dump'!$H:$H,'MLA FEED 2'!$B41,'MLA Data Dump'!$M:$M,'MLA FEED 2'!D$2,'MLA Data Dump'!$I:$I,'MLA FEED 2'!$B$31) -> 0 | E41: =COUNTIFS('MLA Data Dump'!$H:$H,'MLA FEED 2'!$B41,'MLA Data Dump'!$M:$M,'MLA FEED 2'!E$2,'MLA Data Dump'!$I:$I,'MLA FEED 2'!$B$31) -> 0 | F41: =SUBTOTAL(9,C41:E41) -> 0 | G41: =COUNTIFS('MLA Data Dump'!$H:$H,'MLA FEED 2'!$B41,'MLA Data Dump'!$M:$M,'MLA FEED 2'!G$2,'MLA Data Dump'!$I:$I,'MLA FEED 2'!$B$31) -> 0 | H41: =COUNTIFS('MLA Data Dump'!$H:$H,'MLA FEED 2'!$B41,'MLA Data Dump'!$M:$M,'MLA FEED 2'!H$2,'MLA Data Dump'!$I:$I,'MLA FEED 2'!$B$31) -> 0 | I41: =COUNTIFS('MLA Data Dump'!$H:$H,'MLA FEED 2'!$B41,'MLA Data Dump'!$M:$M,'MLA FEED 2'!I$2,'MLA Data Dump'!$I:$I,'MLA FEED 2'!$B$31) -> 0 | J41: =SUBTOTAL(9,G41:I41) -> 0 | K41: =COUNTIFS('MLA Data Dump'!$H:$H,'MLA FEED 2'!$B41,'MLA Data Dump'!$M:$M,'MLA FEED 2'!K$2,'MLA Data Dump'!$I:$I,'MLA FEED 2'!$B$31) -> 0 | L41: =COUNTIFS('MLA Data Dump'!$H:$H,'MLA FEED 2'!$B41,'MLA Data Dump'!$M:$M,'MLA FEED 2'!L$2,'MLA Data Dump'!$I:$I,'MLA FEED 2'!$B$31) -> 0 | M41: =COUNTIFS('MLA Data Dump'!$H:$H,'MLA FEED 2'!$B41,'MLA Data Dump'!$M:$M,'MLA FEED 2'!M$2,'MLA Data Dump'!$I:$I,'MLA FEED 2'!$B$31) -> 0 | N41: =SUBTOTAL(9,K41:M41) -> 0 | O41: =COUNTIFS('MLA Data Dump'!$H:$H,'MLA FEED 2'!$B41,'MLA Data Dump'!$M:$M,'MLA FEED 2'!O$2,'MLA Data Dump'!$I:$I,'MLA FEED 2'!$B$31) -> 0 | P41: =COUNTIFS('MLA Data Dump'!$H:$H,'MLA FEED 2'!$B41,'MLA Data Dump'!$M:$M,'MLA FEED 2'!P$2,'MLA Data Dump'!$I:$I,'MLA FEED 2'!$B$31) -> 0 | Q41: =COUNTIFS('MLA Data Dump'!$H:$H,'MLA FEED 2'!$B41,'MLA Data Dump'!$M:$M,'MLA FEED 2'!Q$2,'MLA Data Dump'!$I:$I,'MLA FEED 2'!$B$31) -> 0 | R41: =SUBTOTAL(9,O41:Q41) -> 0 | S41: =SUBTOTAL(9,C41:R41) -> 0 | T41: =COUNTIFS('MLA Data Dump'!$H:$H,'MLA FEED 2'!$B41,'MLA Data Dump'!$M:$M,'MLA FEED 2'!T$2,'MLA Data Dump'!$I:$I,'MLA FEED 2'!$B$31) -> 0 | U41: =COUNTIFS('MLA Data Dump'!$H:$H,'MLA FEED 2'!$B41,'MLA Data Dump'!$M:$M,'MLA FEED 2'!U$2,'MLA Data Dump'!$I:$I,'MLA FEED 2'!$B$31) -> 0 | V41: =COUNTIFS('MLA Data Dump'!$H:$H,'MLA FEED 2'!$B41,'MLA Data Dump'!$M:$M,'MLA FEED 2'!V$2,'MLA Data Dump'!$I:$I,'MLA FEED 2'!$B$31) -> 0 | W41: =SUBTOTAL(9,T41:V41) -> 0 | X41: =COUNTIFS('MLA Data Dump'!$H:$H,'MLA FEED 2'!$B41,'MLA Data Dump'!$M:$M,'MLA FEED 2'!X$2,'MLA Data Dump'!$I:$I,'MLA FEED 2'!$B$31) -> 0 | Y41: =COUNTIFS('MLA Data Dump'!$H:$H,'MLA FEED 2'!$B41,'MLA Data Dump'!$M:$M,'MLA FEED 2'!Y$2,'MLA Data Dump'!$I:$I,'MLA FEED 2'!$B$31) -> 0 | Z41: =COUNTIFS('MLA Data Dump'!$H:$H,'MLA FEED 2'!$B41,'MLA Data Dump'!$M:$M,'MLA FEED 2'!Z$2,'MLA Data Dump'!$I:$I,'MLA FEED 2'!$B$31) -> 0 | AA41: =SUBTOTAL(9,X41:Z41) -> 0 | AB41: =COUNTIFS('MLA Data Dump'!$H:$H,'MLA FEED 2'!$B41,'MLA Data Dump'!$M:$M,'MLA FEED 2'!AB$2,'MLA Data Dump'!$I:$I,'MLA FEED 2'!$B$31) -> 0 | AC41: =COUNTIFS('MLA Data Dump'!$H:$H,'MLA FEED 2'!$B41,'MLA Data Dump'!$M:$M,'MLA FEED 2'!AC$2,'MLA Data Dump'!$I:$I,'MLA FEED 2'!$B$31) -> 0 | AD41: =COUNTIFS('MLA Data Dump'!$H:$H,'MLA FEED 2'!$B41,'MLA Data Dump'!$M:$M,'MLA FEED 2'!AD$2,'MLA Data Dump'!$I:$I,'MLA FEED 2'!$B$31) -> 0 | AE41: =SUBTOTAL(9,AB41:AD41) -> 0 | AF41: =COUNTIFS('MLA Data Dump'!$H:$H,'MLA FEED 2'!$B41,'MLA Data Dump'!$M:$M,'MLA FEED 2'!AF$2,'MLA Data Dump'!$I:$I,'MLA FEED 2'!$B$31) -> 0 | AG41: =COUNTIFS('MLA Data Dump'!$H:$H,'MLA FEED 2'!$B41,'MLA Data Dump'!$M:$M,'MLA FEED 2'!AG$2,'MLA Data Dump'!$I:$I,'MLA FEED 2'!$B$31) -> 0 | AH41: =COUNTIFS('MLA Data Dump'!$H:$H,'MLA FEED 2'!$B41,'MLA Data Dump'!$M:$M,'MLA FEED 2'!AH$2,'MLA Data Dump'!$I:$I,'MLA FEED 2'!$B$31) -> 0 | AI41: =SUBTOTAL(9,AF41:AH41) -> 0 | AJ41: =SUBTOTAL(9,T41:AI41) -> 0
B42: Health and Safety Begins with You | C42: =COUNTIFS('MLA Data Dump'!$H:$H,'MLA FEED 2'!$B42,'MLA Data Dump'!$M:$M,'MLA FEED 2'!C$2,'MLA Data Dump'!$I:$I,'MLA FEED 2'!$B$31) -> 0 | D42: =COUNTIFS('MLA Data Dump'!$H:$H,'MLA FEED 2'!$B42,'MLA Data Dump'!$M:$M,'MLA FEED 2'!D$2,'MLA Data Dump'!$I:$I,'MLA FEED 2'!$B$31) -> 0 | E42: =COUNTIFS('MLA Data Dump'!$H:$H,'MLA FEED 2'!$B42,'MLA Data Dump'!$M:$M,'MLA FEED 2'!E$2,'MLA Data Dump'!$I:$I,'MLA FEED 2'!$B$31) -> 0 | F42: =SUBTOTAL(9,C42:E42) -> 0 | G42: =COUNTIFS('MLA Data Dump'!$H:$H,'MLA FEED 2'!$B42,'MLA Data Dump'!$M:$M,'MLA FEED 2'!G$2,'MLA Data Dump'!$I:$I,'MLA FEED 2'!$B$31) -> 0 | H42: =COUNTIFS('MLA Data Dump'!$H:$H,'MLA FEED 2'!$B42,'MLA Data Dump'!$M:$M,'MLA FEED 2'!H$2,'MLA Data Dump'!$I:$I,'MLA FEED 2'!$B$31) -> 0 | I42: =COUNTIFS('MLA Data Dump'!$H:$H,'MLA FEED 2'!$B42,'MLA Data Dump'!$M:$M,'MLA FEED 2'!I$2,'MLA Data Dump'!$I:$I,'MLA FEED 2'!$B$31) -> 0 | J42: =SUBTOTAL(9,G42:I42) -> 0 | K42: =COUNTIFS('MLA Data Dump'!$H:$H,'MLA FEED 2'!$B42,'MLA Data Dump'!$M:$M,'MLA FEED 2'!K$2,'MLA Data Dump'!$I:$I,'MLA FEED 2'!$B$31) -> 0 | L42: =COUNTIFS('MLA Data Dump'!$H:$H,'MLA FEED 2'!$B42,'MLA Data Dump'!$M:$M,'MLA FEED 2'!L$2,'MLA Data Dump'!$I:$I,'MLA FEED 2'!$B$31) -> 0 | M42: =COUNTIFS('MLA Data Dump'!$H:$H,'MLA FEED 2'!$B42,'MLA Data Dump'!$M:$M,'MLA FEED 2'!M$2,'MLA Data Dump'!$I:$I,'MLA FEED 2'!$B$31) -> 0 | N42: =SUBTOTAL(9,K42:M42) -> 0 | O42: =COUNTIFS('MLA Data Dump'!$H:$H,'MLA FEED 2'!$B42,'MLA Data Dump'!$M:$M,'MLA FEED 2'!O$2,'MLA Data Dump'!$I:$I,'MLA FEED 2'!$B$31) -> 0 | P42: =COUNTIFS('MLA Data Dump'!$H:$H,'MLA FEED 2'!$B42,'MLA Data Dump'!$M:$M,'MLA FEED 2'!P$2,'MLA Data Dump'!$I:$I,'MLA FEED 2'!$B$31) -> 0 | Q42: =COUNTIFS('MLA Data Dump'!$H:$H,'MLA FEED 2'!$B42,'MLA Data Dump'!$M:$M,'MLA FEED 2'!Q$2,'MLA Data Dump'!$I:$I,'MLA FEED 2'!$B$31) -> 0 | R42: =SUBTOTAL(9,O42:Q42) -> 0 | S42: =SUBTOTAL(9,C42:R42) -> 0 | T42: =COUNTIFS('MLA Data Dump'!$H:$H,'MLA FEED 2'!$B42,'MLA Data Dump'!$M:$M,'MLA FEED 2'!T$2,'MLA Data Dump'!$I:$I,'MLA FEED 2'!$B$31) -> 0 | U42: =COUNTIFS('MLA Data Dump'!$H:$H,'MLA FEED 2'!$B42,'MLA Data Dump'!$M:$M,'MLA FEED 2'!U$2,'MLA Data Dump'!$I:$I,'MLA FEED 2'!$B$31) -> 0 | V42: =COUNTIFS('MLA Data Dump'!$H:$H,'MLA FEED 2'!$B42,'MLA Data Dump'!$M:$M,'MLA FEED 2'!V$2,'MLA Data Dump'!$I:$I,'MLA FEED 2'!$B$31) -> 0 | W42: =SUBTOTAL(9,T42:V42) -> 0 | X42: =COUNTIFS('MLA Data Dump'!$H:$H,'MLA FEED 2'!$B42,'MLA Data Dump'!$M:$M,'MLA FEED 2'!X$2,'MLA Data Dump'!$I:$I,'MLA FEED 2'!$B$31) -> 1 | Y42: =COUNTIFS('MLA Data Dump'!$H:$H,'MLA FEED 2'!$B42,'MLA Data Dump'!$M:$M,'MLA FEED 2'!Y$2,'MLA Data Dump'!$I:$I,'MLA FEED 2'!$B$31) -> 0 | Z42: =COUNTIFS('MLA Data Dump'!$H:$H,'MLA FEED 2'!$B42,'MLA Data Dump'!$M:$M,'MLA FEED 2'!Z$2,'MLA Data Dump'!$I:$I,'MLA FEED 2'!$B$31) -> 0 | AA42: =SUBTOTAL(9,X42:Z42) -> 1 | AB42: =COUNTIFS('MLA Data Dump'!$H:$H,'MLA FEED 2'!$B42,'MLA Data Dump'!$M:$M,'MLA FEED 2'!AB$2,'MLA Data Dump'!$I:$I,'MLA FEED 2'!$B$31) -> 0 | AC42: =COUNTIFS('MLA Data Dump'!$H:$H,'MLA FEED 2'!$B42,'MLA Data Dump'!$M:$M,'MLA FEED 2'!AC$2,'MLA Data Dump'!$I:$I,'MLA FEED 2'!$B$31) -> 1 | AD42: =COUNTIFS('MLA Data Dump'!$H:$H,'MLA FEED 2'!$B42,'MLA Data Dump'!$M:$M,'MLA FEED 2'!AD$2,'MLA Data Dump'!$I:$I,'MLA FEED 2'!$B$31) -> 1 | AE42: =SUBTOTAL(9,AB42:AD42) -> 2 | AF42: =COUNTIFS('MLA Data Dump'!$H:$H,'MLA FEED 2'!$B42,'MLA Data Dump'!$M:$M,'MLA FEED 2'!AF$2,'MLA Data Dump'!$I:$I,'MLA FEED 2'!$B$31) -> 0 | AG42: =COUNTIFS('MLA Data Dump'!$H:$H,'MLA FEED 2'!$B42,'MLA Data Dump'!$M:$M,'MLA FEED 2'!AG$2,'MLA Data Dump'!$I:$I,'MLA FEED 2'!$B$31) -> 1 | AH42: =COUNTIFS('MLA Data Dump'!$H:$H,'MLA FEED 2'!$B42,'MLA Data Dump'!$M:$M,'MLA FEED 2'!AH$2,'MLA Data Dump'!$I:$I,'MLA FEED 2'!$B$31) -> 0 | AI42: =SUBTOTAL(9,AF42:AH42) -> 1 | AJ42: =SUBTOTAL(9,T42:AI42) -> 4
B43: Technology Usage - PCI Compliance | C43: =COUNTIFS('MLA Data Dump'!$H:$H,'MLA FEED 2'!$B43,'MLA Data Dump'!$M:$M,'MLA FEED 2'!C$2,'MLA Data Dump'!$I:$I,'MLA FEED 2'!$B$31) -> 0 | D43: =COUNTIFS('MLA Data Dump'!$H:$H,'MLA FEED 2'!$B43,'MLA Data Dump'!$M:$M,'MLA FEED 2'!D$2,'MLA Data Dump'!$I:$I,'MLA FEED 2'!$B$31) -> 0 | E43: =COUNTIFS('MLA Data Dump'!$H:$H,'MLA FEED 2'!$B43,'MLA Data Dump'!$M:$M,'MLA FEED 2'!E$2,'MLA Data Dump'!$I:$I,'MLA FEED 2'!$B$31) -> 0 | F43: =SUBTOTAL(9,C43:E43) -> 0 | G43: =COUNTIFS('MLA Data Dump'!$H:$H,'MLA FEED 2'!$B43,'MLA Data Dump'!$M:$M,'MLA FEED 2'!G$2,'MLA Data Dump'!$I:$I,'MLA FEED 2'!$B$31) -> 0 | H43: =COUNTIFS('MLA Data Dump'!$H:$H,'MLA FEED 2'!$B43,'MLA Data Dump'!$M:$M,'MLA FEED 2'!H$2,'MLA Data Dump'!$I:$I,'MLA FEED 2'!$B$31) -> 0 | I43: =COUNTIFS('MLA Data Dump'!$H:$H,'MLA FEED 2'!$B43,'MLA Data Dump'!$M:$M,'MLA FEED 2'!I$2,'MLA Data Dump'!$I:$I,'MLA FEED 2'!$B$31) -> 0 | J43: =SUBTOTAL(9,G43:I43) -> 0 | K43: =COUNTIFS('MLA Data Dump'!$H:$H,'MLA FEED 2'!$B43,'MLA Data Dump'!$M:$M,'MLA FEED 2'!K$2,'MLA Data Dump'!$I:$I,'MLA FEED 2'!$B$31) -> 0 | L43: =COUNTIFS('MLA Data Dump'!$H:$H,'MLA FEED 2'!$B43,'MLA Data Dump'!$M:$M,'MLA FEED 2'!L$2,'MLA Data Dump'!$I:$I,'MLA FEED 2'!$B$31) -> 0 | M43: =COUNTIFS('MLA Data Dump'!$H:$H,'MLA FEED 2'!$B43,'MLA Data Dump'!$M:$M,'MLA FEED 2'!M$2,'MLA Data Dump'!$I:$I,'MLA FEED 2'!$B$31) -> 0 | N43: =SUBTOTAL(9,K43:M43) -> 0 | O43: =COUNTIFS('MLA Data Dump'!$H:$H,'MLA FEED 2'!$B43,'MLA Data Dump'!$M:$M,'MLA FEED 2'!O$2,'MLA Data Dump'!$I:$I,'MLA FEED 2'!$B$31) -> 0 | P43: =COUNTIFS('MLA Data Dump'!$H:$H,'MLA FEED 2'!$B43,'MLA Data Dump'!$M:$M,'MLA FEED 2'!P$2,'MLA Data Dump'!$I:$I,'MLA FEED 2'!$B$31) -> 0 | Q43: =COUNTIFS('MLA Data Dump'!$H:$H,'MLA FEED 2'!$B43,'MLA Data Dump'!$M:$M,'MLA FEED 2'!Q$2,'MLA Data Dump'!$I:$I,'MLA FEED 2'!$B$31) -> 0 | R43: =SUBTOTAL(9,O43:Q43) -> 0 | S43: =SUBTOTAL(9,C43:R43) -> 0 | T43: =COUNTIFS('MLA Data Dump'!$H:$H,'MLA FEED 2'!$B43,'MLA Data Dump'!$M:$M,'MLA FEED 2'!T$2,'MLA Data Dump'!$I:$I,'MLA FEED 2'!$B$31) -> 0 | U43: =COUNTIFS('MLA Data Dump'!$H:$H,'MLA FEED 2'!$B43,'MLA Data Dump'!$M:$M,'MLA FEED 2'!U$2,'MLA Data Dump'!$I:$I,'MLA FEED 2'!$B$31) -> 0 | V43: =COUNTIFS('MLA Data Dump'!$H:$H,'MLA FEED 2'!$B43,'MLA Data Dump'!$M:$M,'MLA FEED 2'!V$2,'MLA Data Dump'!$I:$I,'MLA FEED 2'!$B$31) -> 0 | W43: =SUBTOTAL(9,T43:V43) -> 0 | X43: =COUNTIFS('MLA Data Dump'!$H:$H,'MLA FEED 2'!$B43,'MLA Data Dump'!$M:$M,'MLA FEED 2'!X$2,'MLA Data Dump'!$I:$I,'MLA FEED 2'!$B$31) -> 0 | Y43: =COUNTIFS('MLA Data Dump'!$H:$H,'MLA FEED 2'!$B43,'MLA Data Dump'!$M:$M,'MLA FEED 2'!Y$2,'MLA Data Dump'!$I:$I,'MLA FEED 2'!$B$31) -> 0 | Z43: =COUNTIFS('MLA Data Dump'!$H:$H,'MLA FEED 2'!$B43,'MLA Data Dump'!$M:$M,'MLA FEED 2'!Z$2,'MLA Data Dump'!$I:$I,'MLA FEED 2'!$B$31) -> 0 | AA43: =SUBTOTAL(9,X43:Z43) -> 0 | AB43: =COUNTIFS('MLA Data Dump'!$H:$H,'MLA FEED 2'!$B43,'MLA Data Dump'!$M:$M,'MLA FEED 2'!AB$2,'MLA Data Dump'!$I:$I,'MLA FEED 2'!$B$31) -> 0 | AC43: =COUNTIFS('MLA Data Dump'!$H:$H,'MLA FEED 2'!$B43,'MLA Data Dump'!$M:$M,'MLA FEED 2'!AC$2,'MLA Data Dump'!$I:$I,'MLA FEED 2'!$B$31) -> 0 | AD43: =COUNTIFS('MLA Data Dump'!$H:$H,'MLA FEED 2'!$B43,'MLA Data Dump'!$M:$M,'MLA FEED 2'!AD$2,'MLA Data Dump'!$I:$I,'MLA FEED 2'!$B$31) -> 0 | AE43: =SUBTOTAL(9,AB43:AD43) -> 0 | AF43: =COUNTIFS('MLA Data Dump'!$H:$H,'MLA FEED 2'!$B43,'MLA Data Dump'!$M:$M,'MLA FEED 2'!AF$2,'MLA Data Dump'!$I:$I,'MLA FEED 2'!$B$31) -> 0 | AG43: =COUNTIFS('MLA Data Dump'!$H:$H,'MLA FEED 2'!$B43,'MLA Data Dump'!$M:$M,'MLA FEED 2'!AG$2,'MLA Data Dump'!$I:$I,'MLA FEED 2'!$B$31) -> 0 | AH43: =COUNTIFS('MLA Data Dump'!$H:$H,'MLA FEED 2'!$B43,'MLA Data Dump'!$M:$M,'MLA FEED 2'!AH$2,'MLA Data Dump'!$I:$I,'MLA FEED 2'!$B$31) -> 0 | AI43: =SUBTOTAL(9,AF43:AH43) -> 0 | AJ43: =SUBTOTAL(9,T43:AI43) -> 0
B45: In Progress - YTD
A46: YTD - Mandatory Learning Activity | B46: YTD Bullying, Harassment and Discrimination - Module 1 | C46: =SUBTOTAL(9,$C32:C32) -> 0 | D46: =SUBTOTAL(9,$C32:D32) -> 0 | E46: =SUBTOTAL(9,$C32:E32) -> 0 | F46: =SUBTOTAL(9,$C32:F32) -> 0 | G46: =SUBTOTAL(9,$C32:G32) -> 0 | H46: =SUBTOTAL(9,$C32:H32) -> 0 | I46: =SUBTOTAL(9,$C32:I32) -> 0 | J46: =SUBTOTAL(9,$C32:J32) -> 0 | ... S46: =SUBTOTAL(9,$C32:S32) -> 0 | T46: =SUBTOTAL(9,$T32:T32) -> 0 | U46: =SUBTOTAL(9,$T32:U32) -> 0 | V46: =SUBTOTAL(9,$T32:V32) -> 0 | W46: =SUBTOTAL(9,$T32:W32) -> 0 | X46: =SUBTOTAL(9,$T32:X32) -> 0 | Y46: =SUBTOTAL(9,$T32:Y32) -> 0 | Z46: =SUBTOTAL(9,$T32:Z32) -> 0 | AA46: =SUBTOTAL(9,$T32:AA32) -> 0 | ... AJ46: =SUBTOTAL(9,$T32:AJ32) -> 0
B47: YTD Bullying, Harassment and Discrimination - Module 2 | C47: =SUBTOTAL(9,$C33:C33) -> 0 | D47: =SUBTOTAL(9,$C33:D33) -> 0 | E47: =SUBTOTAL(9,$C33:E33) -> 0 | F47: =SUBTOTAL(9,$C33:F33) -> 0 | G47: =SUBTOTAL(9,$C33:G33) -> 0 | H47: =SUBTOTAL(9,$C33:H33) -> 0 | I47: =SUBTOTAL(9,$C33:I33) -> 0 | J47: =SUBTOTAL(9,$C33:J33) -> 0 | ... S47: =SUBTOTAL(9,$C33:S33) -> 0 | T47: =SUBTOTAL(9,$T33:T33) -> 0 | U47: =SUBTOTAL(9,$T33:U33) -> 0 | V47: =SUBTOTAL(9,$T33:V33) -> 0 | W47: =SUBTOTAL(9,$T33:W33) -> 0 | X47: =SUBTOTAL(9,$T33:X33) -> 0 | Y47: =SUBTOTAL(9,$T33:Y33) -> 0 | Z47: =SUBTOTAL(9,$T33:Z33) -> 0 | AA47: =SUBTOTAL(9,$T33:AA33) -> 0 | ... AJ47: =SUBTOTAL(9,$T33:AJ33) -> 0
B48: YTD Bullying, Harassment and Discrimination for Team Leaders/Line Managers | C48: =SUBTOTAL(9,$C34:C34) -> 0 | D48: =SUBTOTAL(9,$C34:D34) -> 0 | E48: =SUBTOTAL(9,$C34:E34) -> 0 | F48: =SUBTOTAL(9,$C34:F34) -> 0 | G48: =SUBTOTAL(9,$C34:G34) -> 0 | H48: =SUBTOTAL(9,$C34:H34) -> 0 | I48: =SUBTOTAL(9,$C34:I34) -> 0 | J48: =SUBTOTAL(9,$C34:J34) -> 0 | ... S48: =SUBTOTAL(9,$C34:S34) -> 0 | T48: =SUBTOTAL(9,$T34:T34) -> 0 | U48: =SUBTOTAL(9,$T34:U34) -> 0 | V48: =SUBTOTAL(9,$T34:V34) -> 0 | W48: =SUBTOTAL(9,$T34:W34) -> 0 | X48: =SUBTOTAL(9,$T34:X34) -> 0 | Y48: =SUBTOTAL(9,$T34:Y34) -> 0 | Z48: =SUBTOTAL(9,$T34:Z34) -> 0 | AA48: =SUBTOTAL(9,$T34:AA34) -> 0 | ... AJ48: =SUBTOTAL(9,$T34:AJ34) -> 0
B49: YTD Cyber Security Awareness - Business Email Compromise Scams | C49: =SUBTOTAL(9,$C35:C35) -> 0 | D49: =SUBTOTAL(9,$C35:D35) -> 0 | E49: =SUBTOTAL(9,$C35:E35) -> 0 | F49: =SUBTOTAL(9,$C35:F35) -> 0 | G49: =SUBTOTAL(9,$C35:G35) -> 0 | H49: =SUBTOTAL(9,$C35:H35) -> 0 | I49: =SUBTOTAL(9,$C35:I35) -> 0 | J49: =SUBTOTAL(9,$C35:J35) -> 0 | ... S49: =SUBTOTAL(9,$C35:S35) -> 1 | T49: =SUBTOTAL(9,$T35:T35) -> 0 | U49: =SUBTOTAL(9,$T35:U35) -> 0 | V49: =SUBTOTAL(9,$T35:V35) -> 1 | W49: =SUBTOTAL(9,$T35:W35) -> 1 | X49: =SUBTOTAL(9,$T35:X35) -> 1 | Y49: =SUBTOTAL(9,$T35:Y35) -> 1 | Z49: =SUBTOTAL(9,$T35:Z35) -> 1 | AA49: =SUBTOTAL(9,$T35:AA35) -> 1 | ... AJ49: =SUBTOTAL(9,$T35:AJ35) -> 5
B50: YTD Cyber Security Awareness - Introduction | C50: =SUBTOTAL(9,$C36:C36) -> 0 | D50: =SUBTOTAL(9,$C36:D36) -> 0 | E50: =SUBTOTAL(9,$C36:E36) -> 0 | F50: =SUBTOTAL(9,$C36:F36) -> 0 | G50: =SUBTOTAL(9,$C36:G36) -> 0 | H50: =SUBTOTAL(9,$C36:H36) -> 0 | I50: =SUBTOTAL(9,$C36:I36) -> 1 | J50: =SUBTOTAL(9,$C36:J36) -> 1 | ... S50: =SUBTOTAL(9,$C36:S36) -> 3 | T50: =SUBTOTAL(9,$T36:T36) -> 0 | U50: =SUBTOTAL(9,$T36:U36) -> 0 | V50: =SUBTOTAL(9,$T36:V36) -> 1 | W50: =SUBTOTAL(9,$T36:W36) -> 1 | X50: =SUBTOTAL(9,$T36:X36) -> 1 | Y50: =SUBTOTAL(9,$T36:Y36) -> 1 | Z50: =SUBTOTAL(9,$T36:Z36) -> 1 | AA50: =SUBTOTAL(9,$T36:AA36) -> 1 | ... AJ50: =SUBTOTAL(9,$T36:AJ36) -> 3
B51: YTD Cyber Security Awareness - Malicious Links | C51: =SUBTOTAL(9,$C37:C37) -> 0 | D51: =SUBTOTAL(9,$C37:D37) -> 0 | E51: =SUBTOTAL(9,$C37:E37) -> 0 | F51: =SUBTOTAL(9,$C37:F37) -> 0 | G51: =SUBTOTAL(9,$C37:G37) -> 0 | H51: =SUBTOTAL(9,$C37:H37) -> 0 | I51: =SUBTOTAL(9,$C37:I37) -> 0 | J51: =SUBTOTAL(9,$C37:J37) -> 0 | ... S51: =SUBTOTAL(9,$C37:S37) -> 1 | T51: =SUBTOTAL(9,$T37:T37) -> 0 | U51: =SUBTOTAL(9,$T37:U37) -> 0 | V51: =SUBTOTAL(9,$T37:V37) -> 1 | W51: =SUBTOTAL(9,$T37:W37) -> 1 | X51: =SUBTOTAL(9,$T37:X37) -> 1 | Y51: =SUBTOTAL(9,$T37:Y37) -> 1 | Z51: =SUBTOTAL(9,$T37:Z37) -> 1 | AA51: =SUBTOTAL(9,$T37:AA37) -> 1 | ... AJ51: =SUBTOTAL(9,$T37:AJ37) -> 3
B52: YTD Cyber Security Awareness - Surfing the Web | C52: =SUBTOTAL(9,$C38:C38) -> 0 | D52: =SUBTOTAL(9,$C38:D38) -> 0 | E52: =SUBTOTAL(9,$C38:E38) -> 0 | F52: =SUBTOTAL(9,$C38:F38) -> 0 | G52: =SUBTOTAL(9,$C38:G38) -> 0 | H52: =SUBTOTAL(9,$C38:H38) -> 0 | I52: =SUBTOTAL(9,$C38:I38) -> 0 | J52: =SUBTOTAL(9,$C38:J38) -> 0 | ... S52: =SUBTOTAL(9,$C38:S38) -> 2 | T52: =SUBTOTAL(9,$T38:T38) -> 0 | U52: =SUBTOTAL(9,$T38:U38) -> 0 | V52: =SUBTOTAL(9,$T38:V38) -> 1 | W52: =SUBTOTAL(9,$T38:W38) -> 1 | X52: =SUBTOTAL(9,$T38:X38) -> 1 | Y52: =SUBTOTAL(9,$T38:Y38) -> 1 | Z52: =SUBTOTAL(9,$T38:Z38) -> 1 | AA52: =SUBTOTAL(9,$T38:AA38) -> 1 | ... AJ52: =SUBTOTAL(9,$T38:AJ38) -> 3
B53: YTD Cyber Security Toolkit | C53: =SUBTOTAL(9,$C39:C39) -> 0 | D53: =SUBTOTAL(9,$C39:D39) -> 0 | E53: =SUBTOTAL(9,$C39:E39) -> 0 | F53: =SUBTOTAL(9,$C39:F39) -> 0 | G53: =SUBTOTAL(9,$C39:G39) -> 0 | H53: =SUBTOTAL(9,$C39:H39) -> 0 | I53: =SUBTOTAL(9,$C39:I39) -> 0 | J53: =SUBTOTAL(9,$C39:J39) -> 0 | ... S53: =SUBTOTAL(9,$C39:S39) -> 0 | T53: =SUBTOTAL(9,$T39:T39) -> 0 | U53: =SUBTOTAL(9,$T39:U39) -> 0 | V53: =SUBTOTAL(9,$T39:V39) -> 0 | W53: =SUBTOTAL(9,$T39:W39) -> 0 | X53: =SUBTOTAL(9,$T39:X39) -> 0 | Y53: =SUBTOTAL(9,$T39:Y39) -> 0 | Z53: =SUBTOTAL(9,$T39:Z39) -> 0 | AA53: =SUBTOTAL(9,$T39:AA39) -> 0 | ... AJ53: =SUBTOTAL(9,$T39:AJ39) -> 0
B54: YTD Flexible Working Guidelines | C54: =SUBTOTAL(9,$C40:C40) -> 0 | D54: =SUBTOTAL(9,$C40:D40) -> 0 | E54: =SUBTOTAL(9,$C40:E40) -> 0 | F54: =SUBTOTAL(9,$C40:F40) -> 0 | G54: =SUBTOTAL(9,$C40:G40) -> 0 | H54: =SUBTOTAL(9,$C40:H40) -> 0 | I54: =SUBTOTAL(9,$C40:I40) -> 0 | J54: =SUBTOTAL(9,$C40:J40) -> 0 | ... S54: =SUBTOTAL(9,$C40:S40) -> 0 | T54: =SUBTOTAL(9,$T40:T40) -> 0 | U54: =SUBTOTAL(9,$T40:U40) -> 0 | V54: =SUBTOTAL(9,$T40:V40) -> 0 | W54: =SUBTOTAL(9,$T40:W40) -> 0 | X54: =SUBTOTAL(9,$T40:X40) -> 0 | Y54: =SUBTOTAL(9,$T40:Y40) -> 0 | Z54: =SUBTOTAL(9,$T40:Z40) -> 0 | AA54: =SUBTOTAL(9,$T40:AA40) -> 0 | ... AJ54: =SUBTOTAL(9,$T40:AJ40) -> 2
B55: YTD Getting to know SGH | C55: =SUBTOTAL(9,$C41:C41) -> 0 | D55: =SUBTOTAL(9,$C41:D41) -> 0 | E55: =SUBTOTAL(9,$C41:E41) -> 0 | F55: =SUBTOTAL(9,$C41:F41) -> 0 | G55: =SUBTOTAL(9,$C41:G41) -> 0 | H55: =SUBTOTAL(9,$C41:H41) -> 0 | I55: =SUBTOTAL(9,$C41:I41) -> 0 | J55: =SUBTOTAL(9,$C41:J41) -> 0 | ... S55: =SUBTOTAL(9,$C41:S41) -> 0 | T55: =SUBTOTAL(9,$T41:T41) -> 0 | U55: =SUBTOTAL(9,$T41:U41) -> 0 | V55: =SUBTOTAL(9,$T41:V41) -> 0 | W55: =SUBTOTAL(9,$T41:W41) -> 0 | X55: =SUBTOTAL(9,$T41:X41) -> 0 | Y55: =SUBTOTAL(9,$T41:Y41) -> 0 | Z55: =SUBTOTAL(9,$T41:Z41) -> 0 | AA55: =SUBTOTAL(9,$T41:AA41) -> 0 | ... AJ55: =SUBTOTAL(9,$T41:AJ41) -> 0
B56: YTD Health and Safety Begins with You | C56: =SUBTOTAL(9,$C42:C42) -> 0 | D56: =SUBTOTAL(9,$C42:D42) -> 0 | E56: =SUBTOTAL(9,$C42:E42) -> 0 | F56: =SUBTOTAL(9,$C42:F42) -> 0 | G56: =SUBTOTAL(9,$C42:G42) -> 0 | H56: =SUBTOTAL(9,$C42:H42) -> 0 | I56: =SUBTOTAL(9,$C42:I42) -> 0 | J56: =SUBTOTAL(9,$C42:J42) -> 0 | ... S56: =SUBTOTAL(9,$C42:S42) -> 0 | T56: =SUBTOTAL(9,$T42:T42) -> 0 | U56: =SUBTOTAL(9,$T42:U42) -> 0 | V56: =SUBTOTAL(9,$T42:V42) -> 0 | W56: =SUBTOTAL(9,$T42:W42) -> 0 | X56: =SUBTOTAL(9,$T42:X42) -> 1 | Y56: =SUBTOTAL(9,$T42:Y42) -> 1 | Z56: =SUBTOTAL(9,$T42:Z42) -> 1 | AA56: =SUBTOTAL(9,$T42:AA42) -> 1 | ... AJ56: =SUBTOTAL(9,$T42:AJ42) -> 4
B57: YTD Technology Usage - PCI Compliance | C57: =SUBTOTAL(9,$C43:C43) -> 0 | D57: =SUBTOTAL(9,$C43:D43) -> 0 | E57: =SUBTOTAL(9,$C43:E43) -> 0 | F57: =SUBTOTAL(9,$C43:F43) -> 0 | G57: =SUBTOTAL(9,$C43:G43) -> 0 | H57: =SUBTOTAL(9,$C43:H43) -> 0 | I57: =SUBTOTAL(9,$C43:I43) -> 0 | J57: =SUBTOTAL(9,$C43:J43) -> 0 | ... S57: =SUBTOTAL(9,$C43:S43) -> 0 | T57: =SUBTOTAL(9,$T43:T43) -> 0 | U57: =SUBTOTAL(9,$T43:U43) -> 0 | V57: =SUBTOTAL(9,$T43:V43) -> 0 | W57: =SUBTOTAL(9,$T43:W43) -> 0 | X57: =SUBTOTAL(9,$T43:X43) -> 0 | Y57: =SUBTOTAL(9,$T43:Y43) -> 0 | Z57: =SUBTOTAL(9,$T43:Z43) -> 0 | AA57: =SUBTOTAL(9,$T43:AA43) -> 0 | ... AJ57: =SUBTOTAL(9,$T43:AJ43) -> 0
B60: Complete
