Workbook

Sheet ANA SIT REPORT - APR
E2: Total Booking - Working in Store
E3: ANA FEED | F3: ANA FEED | G3: ANA FEED | H3: ANA FEED | I3: ANA FEED
E4: FY24 | G4: FY25
E5: =E6&", "&E4 -> MAY, FY24 | F5: =E6&", "&E4 -> MAY, FY24 | G5: =G6&", "&G4 -> MAY, FY25 | H5: =G6&", "&G4 -> MAY, FY25
B6: Store Name | C6: Store Description | E6: MAY | F6: YTD | G6: MAY | H6: YTD | I6: VAR
B7: A050 | C7: Anaconda Albury | E7: {=_xlfn.XLOOKUP($B7,INDIRECT("'"&E$3&"'!"&"$A3:$A35"),_xlfn.XLOOKUP(E$5,INDIRECT("'"&E$3&"'!"&"$C2:$AZ2"),INDIRECT("'"&E$3&"'!"&"$C3:$AZ35")))} -> 0 | F7: {=_xlfn.XLOOKUP($B7,INDIRECT("'"&F$3&"'!"&"$A39:$A71"),_xlfn.XLOOKUP(F$5,INDIRECT("'"&F$3&"'!"&"$C2:$AZ2"),INDIRECT("'"&F$3&"'!"&"$C39:$AZ71")))} -> 2 | G7: {=_xlfn.XLOOKUP($B7,INDIRECT("'"&G$3&"'!"&"$A3:$A35"),_xlfn.XLOOKUP(G$5,INDIRECT("'"&G$3&"'!"&"$C2:$AZ2"),INDIRECT("'"&G$3&"'!"&"$C3:$AZ35")))} -> 0 | H7: {=_xlfn.XLOOKUP($B7,INDIRECT("'"&H$3&"'!"&"$A39:$A71"),_xlfn.XLOOKUP(H$5,INDIRECT("'"&H$3&"'!"&"$C2:$AZ2"),INDIRECT("'"&H$3&"'!"&"$C39:$AZ71")))} -> 1 | I7: =H7-F7 -> -1
B8: A002 | C8: Anaconda Ashmore | E8: {=_xlfn.XLOOKUP($B8,INDIRECT("'"&E$3&"'!"&"$A3:$A35"),_xlfn.XLOOKUP(E$5,INDIRECT("'"&E$3&"'!"&"$C2:$AZ2"),INDIRECT("'"&E$3&"'!"&"$C3:$AZ35")))} -> 0 | F8: {=_xlfn.XLOOKUP($B8,INDIRECT("'"&F$3&"'!"&"$A39:$A71"),_xlfn.XLOOKUP(F$5,INDIRECT("'"&F$3&"'!"&"$C2:$AZ2"),INDIRECT("'"&F$3&"'!"&"$C39:$AZ71")))} -> 0 | G8: {=_xlfn.XLOOKUP($B8,INDIRECT("'"&G$3&"'!"&"$A3:$A35"),_xlfn.XLOOKUP(G$5,INDIRECT("'"&G$3&"'!"&"$C2:$AZ2"),INDIRECT("'"&G$3&"'!"&"$C3:$AZ35")))} -> 0 | H8: {=_xlfn.XLOOKUP($B8,INDIRECT("'"&H$3&"'!"&"$A39:$A71"),_xlfn.XLOOKUP(H$5,INDIRECT("'"&H$3&"'!"&"$C2:$AZ2"),INDIRECT("'"&H$3&"'!"&"$C39:$AZ71")))} -> 0 | I8: =H8-F8 -> 0
B9: A035 | C9: Anaconda Ballarat | E9: {=_xlfn.XLOOKUP($B9,INDIRECT("'"&E$3&"'!"&"$A3:$A35"),_xlfn.XLOOKUP(E$5,INDIRECT("'"&E$3&"'!"&"$C2:$AZ2"),INDIRECT("'"&E$3&"'!"&"$C3:$AZ35")))} -> 0 | F9: {=_xlfn.XLOOKUP($B9,INDIRECT("'"&F$3&"'!"&"$A39:$A71"),_xlfn.XLOOKUP(F$5,INDIRECT("'"&F$3&"'!"&"$C2:$AZ2"),INDIRECT("'"&F$3&"'!"&"$C39:$AZ71")))} -> 0 | G9: {=_xlfn.XLOOKUP($B9,INDIRECT("'"&G$3&"'!"&"$A3:$A35"),_xlfn.XLOOKUP(G$5,INDIRECT("'"&G$3&"'!"&"$C2:$AZ2"),INDIRECT("'"&G$3&"'!"&"$C3:$AZ35")))} -> 1 | H9: {=_xlfn.XLOOKUP($B9,INDIRECT("'"&H$3&"'!"&"$A39:$A71"),_xlfn.XLOOKUP(H$5,INDIRECT("'"&H$3&"'!"&"$C2:$AZ2"),INDIRECT("'"&H$3&"'!"&"$C39:$AZ71")))} -> 2 | I9: =H9-F9 -> 2
B10: A001 | C10: Anaconda Bayswater | E10: {=_xlfn.XLOOKUP($B10,INDIRECT("'"&E$3&"'!"&"$A3:$A35"),_xlfn.XLOOKUP(E$5,INDIRECT("'"&E$3&"'!"&"$C2:$AZ2"),INDIRECT("'"&E$3&"'!"&"$C3:$AZ35")))} -> 0 | F10: {=_xlfn.XLOOKUP($B10,INDIRECT("'"&F$3&"'!"&"$A39:$A71"),_xlfn.XLOOKUP(F$5,INDIRECT("'"&F$3&"'!"&"$C2:$AZ2"),INDIRECT("'"&F$3&"'!"&"$C39:$AZ71")))} -> 5 | G10: {=_xlfn.XLOOKUP($B10,INDIRECT("'"&G$3&"'!"&"$A3:$A35"),_xlfn.XLOOKUP(G$5,INDIRECT("'"&G$3&"'!"&"$C2:$AZ2"),INDIRECT("'"&G$3&"'!"&"$C3:$AZ35")))} -> 1 | H10: {=_xlfn.XLOOKUP($B10,INDIRECT("'"&H$3&"'!"&"$A39:$A71"),_xlfn.XLOOKUP(H$5,INDIRECT("'"&H$3&"'!"&"$C2:$AZ2"),INDIRECT("'"&H$3&"'!"&"$C39:$AZ71")))} -> 5 | I10: =H10-F10 -> 0
B11: A021 | C11: Anaconda Bendigo | E11: {=_xlfn.XLOOKUP($B11,INDIRECT("'"&E$3&"'!"&"$A3:$A35"),_xlfn.XLOOKUP(E$5,INDIRECT("'"&E$3&"'!"&"$C2:$AZ2"),INDIRECT("'"&E$3&"'!"&"$C3:$AZ35")))} -> 0 | F11: {=_xlfn.XLOOKUP($B11,INDIRECT("'"&F$3&"'!"&"$A39:$A71"),_xlfn.XLOOKUP(F$5,INDIRECT("'"&F$3&"'!"&"$C2:$AZ2"),INDIRECT("'"&F$3&"'!"&"$C39:$AZ71")))} -> 0 | G11: {=_xlfn.XLOOKUP($B11,INDIRECT("'"&G$3&"'!"&"$A3:$A35"),_xlfn.XLOOKUP(G$5,INDIRECT("'"&G$3&"'!"&"$C2:$AZ2"),INDIRECT("'"&G$3&"'!"&"$C3:$AZ35")))} -> 0 | H11: {=_xlfn.XLOOKUP($B11,INDIRECT("'"&H$3&"'!"&"$A39:$A71"),_xlfn.XLOOKUP(H$5,INDIRECT("'"&H$3&"'!"&"$C2:$AZ2"),INDIRECT("'"&H$3&"'!"&"$C39:$AZ71")))} -> 2 | I11: =H11-F11 -> 2
B12: A041 | C12: Anaconda Box Hill | E12: {=_xlfn.XLOOKUP($B12,INDIRECT("'"&E$3&"'!"&"$A3:$A35"),_xlfn.XLOOKUP(E$5,INDIRECT("'"&E$3&"'!"&"$C2:$AZ2"),INDIRECT("'"&E$3&"'!"&"$C3:$AZ35")))} -> 0 | F12: {=_xlfn.XLOOKUP($B12,INDIRECT("'"&F$3&"'!"&"$A39:$A71"),_xlfn.XLOOKUP(F$5,INDIRECT("'"&F$3&"'!"&"$C2:$AZ2"),INDIRECT("'"&F$3&"'!"&"$C39:$AZ71")))} -> 2 | G12: {=_xlfn.XLOOKUP($B12,INDIRECT("'"&G$3&"'!"&"$A3:$A35"),_xlfn.XLOOKUP(G$5,INDIRECT("'"&G$3&"'!"&"$C2:$AZ2"),INDIRECT("'"&G$3&"'!"&"$C3:$AZ35")))} -> 1 | H12: {=_xlfn.XLOOKUP($B12,INDIRECT("'"&H$3&"'!"&"$A39:$A71"),_xlfn.XLOOKUP(H$5,INDIRECT("'"&H$3&"'!"&"$C2:$AZ2"),INDIRECT("'"&H$3&"'!"&"$C39:$AZ71")))} -> 2 | I12: =H12-F12 -> 0
B13: A071 | C13: Anaconda Bunbury | E13: {=_xlfn.XLOOKUP($B13,INDIRECT("'"&E$3&"'!"&"$A3:$A35"),_xlfn.XLOOKUP(E$5,INDIRECT("'"&E$3&"'!"&"$C2:$AZ2"),INDIRECT("'"&E$3&"'!"&"$C3:$AZ35")))} -> 0 | F13: {=_xlfn.XLOOKUP($B13,INDIRECT("'"&F$3&"'!"&"$A39:$A71"),_xlfn.XLOOKUP(F$5,INDIRECT("'"&F$3&"'!"&"$C2:$AZ2"),INDIRECT("'"&F$3&"'!"&"$C39:$AZ71")))} -> 0 | G13: {=_xlfn.XLOOKUP($B13,INDIRECT("'"&G$3&"'!"&"$A3:$A35"),_xlfn.XLOOKUP(G$5,INDIRECT("'"&G$3&"'!"&"$C2:$AZ2"),INDIRECT("'"&G$3&"'!"&"$C3:$AZ35")))} -> 0 | H13: {=_xlfn.XLOOKUP($B13,INDIRECT("'"&H$3&"'!"&"$A39:$A71"),_xlfn.XLOOKUP(H$5,INDIRECT("'"&H$3&"'!"&"$C2:$AZ2"),INDIRECT("'"&H$3&"'!"&"$C39:$AZ71")))} -> 0 | I13: =H13-F13 -> 0
B14: A037 | C14: Anaconda Cairns | E14: {=_xlfn.XLOOKUP($B14,INDIRECT("'"&E$3&"'!"&"$A3:$A35"),_xlfn.XLOOKUP(E$5,INDIRECT("'"&E$3&"'!"&"$C2:$AZ2"),INDIRECT("'"&E$3&"'!"&"$C3:$AZ35")))} -> 0 | F14: {=_xlfn.XLOOKUP($B14,INDIRECT("'"&F$3&"'!"&"$A39:$A71"),_xlfn.XLOOKUP(F$5,INDIRECT("'"&F$3&"'!"&"$C2:$AZ2"),INDIRECT("'"&F$3&"'!"&"$C39:$AZ71")))} -> 0 | G14: {=_xlfn.XLOOKUP($B14,INDIRECT("'"&G$3&"'!"&"$A3:$A35"),_xlfn.XLOOKUP(G$5,INDIRECT("'"&G$3&"'!"&"$C2:$AZ2"),INDIRECT("'"&G$3&"'!"&"$C3:$AZ35")))} -> 0 | H14: {=_xlfn.XLOOKUP($B14,INDIRECT("'"&H$3&"'!"&"$A39:$A71"),_xlfn.XLOOKUP(H$5,INDIRECT("'"&H$3&"'!"&"$C2:$AZ2"),INDIRECT("'"&H$3&"'!"&"$C39:$AZ71")))} -> 0 | I14: =H14-F14 -> 0
B15: A062 | C15: Anaconda Campbelltown | E15: {=_xlfn.XLOOKUP($B15,INDIRECT("'"&E$3&"'!"&"$A3:$A35"),_xlfn.XLOOKUP(E$5,INDIRECT("'"&E$3&"'!"&"$C2:$AZ2"),INDIRECT("'"&E$3&"'!"&"$C3:$AZ35")))} -> 0 | F15: {=_xlfn.XLOOKUP($B15,INDIRECT("'"&F$3&"'!"&"$A39:$A71"),_xlfn.XLOOKUP(F$5,INDIRECT("'"&F$3&"'!"&"$C2:$AZ2"),INDIRECT("'"&F$3&"'!"&"$C39:$AZ71")))} -> 0 | G15: {=_xlfn.XLOOKUP($B15,INDIRECT("'"&G$3&"'!"&"$A3:$A35"),_xlfn.XLOOKUP(G$5,INDIRECT("'"&G$3&"'!"&"$C2:$AZ2"),INDIRECT("'"&G$3&"'!"&"$C3:$AZ35")))} -> 0 | H15: {=_xlfn.XLOOKUP($B15,INDIRECT("'"&H$3&"'!"&"$A39:$A71"),_xlfn.XLOOKUP(H$5,INDIRECT("'"&H$3&"'!"&"$C2:$AZ2"),INDIRECT("'"&H$3&"'!"&"$C39:$AZ71")))} -> 0 | I15: =H15-F15 -> 0
B16: A006 | C16: Anaconda Chullora | E16: {=_xlfn.XLOOKUP($B16,INDIRECT("'"&E$3&"'!"&"$A3:$A35"),_xlfn.XLOOKUP(E$5,INDIRECT("'"&E$3&"'!"&"$C2:$AZ2"),INDIRECT("'"&E$3&"'!"&"$C3:$AZ35")))} -> 0 | F16: {=_xlfn.XLOOKUP($B16,INDIRECT("'"&F$3&"'!"&"$A39:$A71"),_xlfn.XLOOKUP(F$5,INDIRECT("'"&F$3&"'!"&"$C2:$AZ2"),INDIRECT("'"&F$3&"'!"&"$C39:$AZ71")))} -> 0 | G16: {=_xlfn.XLOOKUP($B16,INDIRECT("'"&G$3&"'!"&"$A3:$A35"),_xlfn.XLOOKUP(G$5,INDIRECT("'"&G$3&"'!"&"$C2:$AZ2"),INDIRECT("'"&G$3&"'!"&"$C3:$AZ35")))} -> 0 | H16: {=_xlfn.XLOOKUP($B16,INDIRECT("'"&H$3&"'!"&"$A39:$A71"),_xlfn.XLOOKUP(H$5,INDIRECT("'"&H$3&"'!"&"$C2:$AZ2"),INDIRECT("'"&H$3&"'!"&"$C39:$AZ71")))} -> 0 | I16: =H16-F16 -> 0
B17: A052 | C17: Anaconda Epping | E17: {=_xlfn.XLOOKUP($B17,INDIRECT("'"&E$3&"'!"&"$A3:$A35"),_xlfn.XLOOKUP(E$5,INDIRECT("'"&E$3&"'!"&"$C2:$AZ2"),INDIRECT("'"&E$3&"'!"&"$C3:$AZ35")))} -> 0 | F17: {=_xlfn.XLOOKUP($B17,INDIRECT("'"&F$3&"'!"&"$A39:$A71"),_xlfn.XLOOKUP(F$5,INDIRECT("'"&F$3&"'!"&"$C2:$AZ2"),INDIRECT("'"&F$3&"'!"&"$C39:$AZ71")))} -> 5 | G17: {=_xlfn.XLOOKUP($B17,INDIRECT("'"&G$3&"'!"&"$A3:$A35"),_xlfn.XLOOKUP(G$5,INDIRECT("'"&G$3&"'!"&"$C2:$AZ2"),INDIRECT("'"&G$3&"'!"&"$C3:$AZ35")))} -> 0 | H17: {=_xlfn.XLOOKUP($B17,INDIRECT("'"&H$3&"'!"&"$A39:$A71"),_xlfn.XLOOKUP(H$5,INDIRECT("'"&H$3&"'!"&"$C2:$AZ2"),INDIRECT("'"&H$3&"'!"&"$C39:$AZ71")))} -> 2 | I17: =H17-F17 -> -3
B18: A004 | C18: Anaconda Everton Park | E18: {=_xlfn.XLOOKUP($B18,INDIRECT("'"&E$3&"'!"&"$A3:$A35"),_xlfn.XLOOKUP(E$5,INDIRECT("'"&E$3&"'!"&"$C2:$AZ2"),INDIRECT("'"&E$3&"'!"&"$C3:$AZ35")))} -> 0 | F18: {=_xlfn.XLOOKUP($B18,INDIRECT("'"&F$3&"'!"&"$A39:$A71"),_xlfn.XLOOKUP(F$5,INDIRECT("'"&F$3&"'!"&"$C2:$AZ2"),INDIRECT("'"&F$3&"'!"&"$C39:$AZ71")))} -> 0 | G18: {=_xlfn.XLOOKUP($B18,INDIRECT("'"&G$3&"'!"&"$A3:$A35"),_xlfn.XLOOKUP(G$5,INDIRECT("'"&G$3&"'!"&"$C2:$AZ2"),INDIRECT("'"&G$3&"'!"&"$C3:$AZ35")))} -> 0 | H18: {=_xlfn.XLOOKUP($B18,INDIRECT("'"&H$3&"'!"&"$A39:$A71"),_xlfn.XLOOKUP(H$5,INDIRECT("'"&H$3&"'!"&"$C2:$AZ2"),INDIRECT("'"&H$3&"'!"&"$C39:$AZ71")))} -> 1 | I18: =H18-F18 -> 1
... B39: A040 | C39: Anaconda Watergardens | E39: {=_xlfn.XLOOKUP($B39,INDIRECT("'"&E$3&"'!"&"$A3:$A35"),_xlfn.XLOOKUP(E$5,INDIRECT("'"&E$3&"'!"&"$C2:$AZ2"),INDIRECT("'"&E$3&"'!"&"$C3:$AZ35")))} -> 0 | F39: {=_xlfn.XLOOKUP($B39,INDIRECT("'"&F$3&"'!"&"$A39:$A71"),_xlfn.XLOOKUP(F$5,INDIRECT("'"&F$3&"'!"&"$C2:$AZ2"),INDIRECT("'"&F$3&"'!"&"$C39:$AZ71")))} -> 4 | G39: {=_xlfn.XLOOKUP($B39,INDIRECT("'"&G$3&"'!"&"$A3:$A35"),_xlfn.XLOOKUP(G$5,INDIRECT("'"&G$3&"'!"&"$C2:$AZ2"),INDIRECT("'"&G$3&"'!"&"$C3:$AZ35")))} -> 0 | H39: {=_xlfn.XLOOKUP($B39,INDIRECT("'"&H$3&"'!"&"$A39:$A71"),_xlfn.XLOOKUP(H$5,INDIRECT("'"&H$3&"'!"&"$C2:$AZ2"),INDIRECT("'"&H$3&"'!"&"$C39:$AZ71")))} -> 4 | I39: =H39-F39 -> 0
B40: Grand Total | E40: =SUM(E7:E39) -> 1 | F40: =SUM(F7:F39) -> 69 | G40: =SUM(G7:G39) -> 9 | H40: =SUM(H7:H39) -> 85 | I40: =SUM(I7:I39) -> 16
B41: *Var denotes the Variance in YTD Columns

Sheet HS SIT REPORT - APR
E2: Total Booking - Working in Store
E3: HS FEED | F3: HS FEED | G3: HS FEED | H3: HS FEED | I3: HS FEED
E4: FY24 | G4: FY25
E5: =E6&", "&E4 -> MAY, FY24 | F5: =E6&", "&E4 -> MAY, FY24 | G5: =G6&", "&G4 -> MAY, FY25 | H5: =G6&", "&G4 -> MAY, FY25
B6: Store Name | C6: Store Description | E6: MAY | F6: YTD | G6: MAY | H6: YTD | I6: VAR
B7: HS2027 | C7: Harris Scarfe Airport West | E7: {=_xlfn.XLOOKUP($B7,INDIRECT("'"&E$3&"'!"&"$A3:$A36"),_xlfn.XLOOKUP(E$5,INDIRECT("'"&E$3&"'!"&"$C2:$AZ2"),INDIRECT("'"&E$3&"'!"&"$C3:$AZ36")))} -> 0 | F7: {=_xlfn.XLOOKUP($B7,INDIRECT("'"&F$3&"'!"&"$A40:$A73"),_xlfn.XLOOKUP(F$5,INDIRECT("'"&F$3&"'!"&"$C2:$AZ2"),INDIRECT("'"&F$3&"'!"&"$C40:$AZ73")))} -> 12 | G7: {=_xlfn.XLOOKUP($B7,INDIRECT("'"&G$3&"'!"&"$A3:$A36"),_xlfn.XLOOKUP(G$5,INDIRECT("'"&G$3&"'!"&"$C2:$AZ2"),INDIRECT("'"&G$3&"'!"&"$C3:$AZ36")))} -> 1 | H7: {=_xlfn.XLOOKUP($B7,INDIRECT("'"&H$3&"'!"&"$A40:$A73"),_xlfn.XLOOKUP(H$5,INDIRECT("'"&H$3&"'!"&"$C2:$AZ2"),INDIRECT("'"&H$3&"'!"&"$C40:$AZ73")))} -> 5 | I7: =H7-F7 -> -7
B8: HS1004 | C8: Harris Scarfe Arndale | E8: {=_xlfn.XLOOKUP($B8,INDIRECT("'"&E$3&"'!"&"$A3:$A36"),_xlfn.XLOOKUP(E$5,INDIRECT("'"&E$3&"'!"&"$C2:$AZ2"),INDIRECT("'"&E$3&"'!"&"$C3:$AZ36")))} -> 0 | F8: {=_xlfn.XLOOKUP($B8,INDIRECT("'"&F$3&"'!"&"$A40:$A73"),_xlfn.XLOOKUP(F$5,INDIRECT("'"&F$3&"'!"&"$C2:$AZ2"),INDIRECT("'"&F$3&"'!"&"$C40:$AZ73")))} -> 0 | G8: {=_xlfn.XLOOKUP($B8,INDIRECT("'"&G$3&"'!"&"$A3:$A36"),_xlfn.XLOOKUP(G$5,INDIRECT("'"&G$3&"'!"&"$C2:$AZ2"),INDIRECT("'"&G$3&"'!"&"$C3:$AZ36")))} -> 0 | H8: {=_xlfn.XLOOKUP($B8,INDIRECT("'"&H$3&"'!"&"$A40:$A73"),_xlfn.XLOOKUP(H$5,INDIRECT("'"&H$3&"'!"&"$C2:$AZ2"),INDIRECT("'"&H$3&"'!"&"$C40:$AZ73")))} -> 0 | I8: =H8-F8 -> 0
B9: HS2059 | C9: Harris Scarfe Bairnsdale | E9: {=_xlfn.XLOOKUP($B9,INDIRECT("'"&E$3&"'!"&"$A3:$A36"),_xlfn.XLOOKUP(E$5,INDIRECT("'"&E$3&"'!"&"$C2:$AZ2"),INDIRECT("'"&E$3&"'!"&"$C3:$AZ36")))} -> 0 | F9: {=_xlfn.XLOOKUP($B9,INDIRECT("'"&F$3&"'!"&"$A40:$A73"),_xlfn.XLOOKUP(F$5,INDIRECT("'"&F$3&"'!"&"$C2:$AZ2"),INDIRECT("'"&F$3&"'!"&"$C40:$AZ73")))} -> 1 | G9: {=_xlfn.XLOOKUP($B9,INDIRECT("'"&G$3&"'!"&"$A3:$A36"),_xlfn.XLOOKUP(G$5,INDIRECT("'"&G$3&"'!"&"$C2:$AZ2"),INDIRECT("'"&G$3&"'!"&"$C3:$AZ36")))} -> 0 | H9: {=_xlfn.XLOOKUP($B9,INDIRECT("'"&H$3&"'!"&"$A40:$A73"),_xlfn.XLOOKUP(H$5,INDIRECT("'"&H$3&"'!"&"$C2:$AZ2"),INDIRECT("'"&H$3&"'!"&"$C40:$AZ73")))} -> 0 | I9: =H9-F9 -> -1
B10: HS2019 | C10: Harris Scarfe Ballarat | E10: {=_xlfn.XLOOKUP($B10,INDIRECT("'"&E$3&"'!"&"$A3:$A36"),_xlfn.XLOOKUP(E$5,INDIRECT("'"&E$3&"'!"&"$C2:$AZ2"),INDIRECT("'"&E$3&"'!"&"$C3:$AZ36")))} -> 0 | F10: {=_xlfn.XLOOKUP($B10,INDIRECT("'"&F$3&"'!"&"$A40:$A73"),_xlfn.XLOOKUP(F$5,INDIRECT("'"&F$3&"'!"&"$C2:$AZ2"),INDIRECT("'"&F$3&"'!"&"$C40:$AZ73")))} -> 0 | G10: {=_xlfn.XLOOKUP($B10,INDIRECT("'"&G$3&"'!"&"$A3:$A36"),_xlfn.XLOOKUP(G$5,INDIRECT("'"&G$3&"'!"&"$C2:$AZ2"),INDIRECT("'"&G$3&"'!"&"$C3:$AZ36")))} -> 0 | H10: {=_xlfn.XLOOKUP($B10,INDIRECT("'"&H$3&"'!"&"$A40:$A73"),_xlfn.XLOOKUP(H$5,INDIRECT("'"&H$3&"'!"&"$C2:$AZ2"),INDIRECT("'"&H$3&"'!"&"$C40:$AZ73")))} -> 0 | I10: =H10-F10 -> 0
B11: HS5054 | C11: Harris Scarfe Blacktown | E11: {=_xlfn.XLOOKUP($B11,INDIRECT("'"&E$3&"'!"&"$A3:$A36"),_xlfn.XLOOKUP(E$5,INDIRECT("'"&E$3&"'!"&"$C2:$AZ2"),INDIRECT("'"&E$3&"'!"&"$C3:$AZ36")))} -> 0 | F11: {=_xlfn.XLOOKUP($B11,INDIRECT("'"&F$3&"'!"&"$A40:$A73"),_xlfn.XLOOKUP(F$5,INDIRECT("'"&F$3&"'!"&"$C2:$AZ2"),INDIRECT("'"&F$3&"'!"&"$C40:$AZ73")))} -> 1 | G11: {=_xlfn.XLOOKUP($B11,INDIRECT("'"&G$3&"'!"&"$A3:$A36"),_xlfn.XLOOKUP(G$5,INDIRECT("'"&G$3&"'!"&"$C2:$AZ2"),INDIRECT("'"&G$3&"'!"&"$C3:$AZ36")))} -> 0 | H11: {=_xlfn.XLOOKUP($B11,INDIRECT("'"&H$3&"'!"&"$A40:$A73"),_xlfn.XLOOKUP(H$5,INDIRECT("'"&H$3&"'!"&"$C2:$AZ2"),INDIRECT("'"&H$3&"'!"&"$C40:$AZ73")))} -> 0 | I11: =H11-F11 -> -1
B12: HS2042 | C12: Harris Scarfe Carnegie | E12: {=_xlfn.XLOOKUP($B12,INDIRECT("'"&E$3&"'!"&"$A3:$A36"),_xlfn.XLOOKUP(E$5,INDIRECT("'"&E$3&"'!"&"$C2:$AZ2"),INDIRECT("'"&E$3&"'!"&"$C3:$AZ36")))} -> 0 | F12: {=_xlfn.XLOOKUP($B12,INDIRECT("'"&F$3&"'!"&"$A40:$A73"),_xlfn.XLOOKUP(F$5,INDIRECT("'"&F$3&"'!"&"$C2:$AZ2"),INDIRECT("'"&F$3&"'!"&"$C40:$AZ73")))} -> 0 | G12: {=_xlfn.XLOOKUP($B12,INDIRECT("'"&G$3&"'!"&"$A3:$A36"),_xlfn.XLOOKUP(G$5,INDIRECT("'"&G$3&"'!"&"$C2:$AZ2"),INDIRECT("'"&G$3&"'!"&"$C3:$AZ36")))} -> 0 | H12: {=_xlfn.XLOOKUP($B12,INDIRECT("'"&H$3&"'!"&"$A40:$A73"),_xlfn.XLOOKUP(H$5,INDIRECT("'"&H$3&"'!"&"$C2:$AZ2"),INDIRECT("'"&H$3&"'!"&"$C40:$AZ73")))} -> 1 | I12: =H12-F12 -> 1
B13: HS2054 | C13: Harris Scarfe Chirnside Park | E13: {=_xlfn.XLOOKUP($B13,INDIRECT("'"&E$3&"'!"&"$A3:$A36"),_xlfn.XLOOKUP(E$5,INDIRECT("'"&E$3&"'!"&"$C2:$AZ2"),INDIRECT("'"&E$3&"'!"&"$C3:$AZ36")))} -> 0 | F13: {=_xlfn.XLOOKUP($B13,INDIRECT("'"&F$3&"'!"&"$A40:$A73"),_xlfn.XLOOKUP(F$5,INDIRECT("'"&F$3&"'!"&"$C2:$AZ2"),INDIRECT("'"&F$3&"'!"&"$C40:$AZ73")))} -> 1 | G13: {=_xlfn.XLOOKUP($B13,INDIRECT("'"&G$3&"'!"&"$A3:$A36"),_xlfn.XLOOKUP(G$5,INDIRECT("'"&G$3&"'!"&"$C2:$AZ2"),INDIRECT("'"&G$3&"'!"&"$C3:$AZ36")))} -> 0 | H13: {=_xlfn.XLOOKUP($B13,INDIRECT("'"&H$3&"'!"&"$A40:$A73"),_xlfn.XLOOKUP(H$5,INDIRECT("'"&H$3&"'!"&"$C2:$AZ2"),INDIRECT("'"&H$3&"'!"&"$C40:$AZ73")))} -> 0 | I13: =H13-F13 -> -1
B14: HS2055 | C14: Harris Scarfe Craigieburn | E14: {=_xlfn.XLOOKUP($B14,INDIRECT("'"&E$3&"'!"&"$A3:$A36"),_xlfn.XLOOKUP(E$5,INDIRECT("'"&E$3&"'!"&"$C2:$AZ2"),INDIRECT("'"&E$3&"'!"&"$C3:$AZ36")))} -> 0 | F14: {=_xlfn.XLOOKUP($B14,INDIRECT("'"&F$3&"'!"&"$A40:$A73"),_xlfn.XLOOKUP(F$5,INDIRECT("'"&F$3&"'!"&"$C2:$AZ2"),INDIRECT("'"&F$3&"'!"&"$C40:$AZ73")))} -> 0 | G14: {=_xlfn.XLOOKUP($B14,INDIRECT("'"&G$3&"'!"&"$A3:$A36"),_xlfn.XLOOKUP(G$5,INDIRECT("'"&G$3&"'!"&"$C2:$AZ2"),INDIRECT("'"&G$3&"'!"&"$C3:$AZ36")))} -> 0 | H14: {=_xlfn.XLOOKUP($B14,INDIRECT("'"&H$3&"'!"&"$A40:$A73"),_xlfn.XLOOKUP(H$5,INDIRECT("'"&H$3&"'!"&"$C2:$AZ2"),INDIRECT("'"&H$3&"'!"&"$C40:$AZ73")))} -> 0 | I14: =H14-F14 -> 0
B15: HS2028 | C15: Harris Scarfe Cranbourne Park | E15: {=_xlfn.XLOOKUP($B15,INDIRECT("'"&E$3&"'!"&"$A3:$A36"),_xlfn.XLOOKUP(E$5,INDIRECT("'"&E$3&"'!"&"$C2:$AZ2"),INDIRECT("'"&E$3&"'!"&"$C3:$AZ36")))} -> 0 | F15: {=_xlfn.XLOOKUP($B15,INDIRECT("'"&F$3&"'!"&"$A40:$A73"),_xlfn.XLOOKUP(F$5,INDIRECT("'"&F$3&"'!"&"$C2:$AZ2"),INDIRECT("'"&F$3&"'!"&"$C40:$AZ73")))} -> 0 | G15: {=_xlfn.XLOOKUP($B15,INDIRECT("'"&G$3&"'!"&"$A3:$A36"),_xlfn.XLOOKUP(G$5,INDIRECT("'"&G$3&"'!"&"$C2:$AZ2"),INDIRECT("'"&G$3&"'!"&"$C3:$AZ36")))} -> 0 | H15: {=_xlfn.XLOOKUP($B15,INDIRECT("'"&H$3&"'!"&"$A40:$A73"),_xlfn.XLOOKUP(H$5,INDIRECT("'"&H$3&"'!"&"$C2:$AZ2"),INDIRECT("'"&H$3&"'!"&"$C40:$AZ73")))} -> 0 | I15: =H15-F15 -> 0
B16: HS2057 | C16: Harris Scarfe DC | E16: {=_xlfn.XLOOKUP($B16,INDIRECT("'"&E$3&"'!"&"$A3:$A36"),_xlfn.XLOOKUP(E$5,INDIRECT("'"&E$3&"'!"&"$C2:$AZ2"),INDIRECT("'"&E$3&"'!"&"$C3:$AZ36")))} -> 0 | F16: {=_xlfn.XLOOKUP($B16,INDIRECT("'"&F$3&"'!"&"$A40:$A73"),_xlfn.XLOOKUP(F$5,INDIRECT("'"&F$3&"'!"&"$C2:$AZ2"),INDIRECT("'"&F$3&"'!"&"$C40:$AZ73")))} -> 0 | G16: {=_xlfn.XLOOKUP($B16,INDIRECT("'"&G$3&"'!"&"$A3:$A36"),_xlfn.XLOOKUP(G$5,INDIRECT("'"&G$3&"'!"&"$C2:$AZ2"),INDIRECT("'"&G$3&"'!"&"$C3:$AZ36")))} -> 0 | H16: {=_xlfn.XLOOKUP($B16,INDIRECT("'"&H$3&"'!"&"$A40:$A73"),_xlfn.XLOOKUP(H$5,INDIRECT("'"&H$3&"'!"&"$C2:$AZ2"),INDIRECT("'"&H$3&"'!"&"$C40:$AZ73")))} -> 3 | I16: =H16-F16 -> 3
B17: HS2033 | C17: Harris Scarfe Eastland | E17: {=_xlfn.XLOOKUP($B17,INDIRECT("'"&E$3&"'!"&"$A3:$A36"),_xlfn.XLOOKUP(E$5,INDIRECT("'"&E$3&"'!"&"$C2:$AZ2"),INDIRECT("'"&E$3&"'!"&"$C3:$AZ36")))} -> 0 | F17: {=_xlfn.XLOOKUP($B17,INDIRECT("'"&F$3&"'!"&"$A40:$A73"),_xlfn.XLOOKUP(F$5,INDIRECT("'"&F$3&"'!"&"$C2:$AZ2"),INDIRECT("'"&F$3&"'!"&"$C40:$AZ73")))} -> 3 | G17: {=_xlfn.XLOOKUP($B17,INDIRECT("'"&G$3&"'!"&"$A3:$A36"),_xlfn.XLOOKUP(G$5,INDIRECT("'"&G$3&"'!"&"$C2:$AZ2"),INDIRECT("'"&G$3&"'!"&"$C3:$AZ36")))} -> 0 | H17: {=_xlfn.XLOOKUP($B17,INDIRECT("'"&H$3&"'!"&"$A40:$A73"),_xlfn.XLOOKUP(H$5,INDIRECT("'"&H$3&"'!"&"$C2:$AZ2"),INDIRECT("'"&H$3&"'!"&"$C40:$AZ73")))} -> 0 | I17: =H17-F17 -> -3
B18: HS2023 | C18: Harris Scarfe Epping | E18: {=_xlfn.XLOOKUP($B18,INDIRECT("'"&E$3&"'!"&"$A3:$A36"),_xlfn.XLOOKUP(E$5,INDIRECT("'"&E$3&"'!"&"$C2:$AZ2"),INDIRECT("'"&E$3&"'!"&"$C3:$AZ36")))} -> 0 | F18: {=_xlfn.XLOOKUP($B18,INDIRECT("'"&F$3&"'!"&"$A40:$A73"),_xlfn.XLOOKUP(F$5,INDIRECT("'"&F$3&"'!"&"$C2:$AZ2"),INDIRECT("'"&F$3&"'!"&"$C40:$AZ73")))} -> 3 | G18: {=_xlfn.XLOOKUP($B18,INDIRECT("'"&G$3&"'!"&"$A3:$A36"),_xlfn.XLOOKUP(G$5,INDIRECT("'"&G$3&"'!"&"$C2:$AZ2"),INDIRECT("'"&G$3&"'!"&"$C3:$AZ36")))} -> 0 | H18: {=_xlfn.XLOOKUP($B18,INDIRECT("'"&H$3&"'!"&"$A40:$A73"),_xlfn.XLOOKUP(H$5,INDIRECT("'"&H$3&"'!"&"$C2:$AZ2"),INDIRECT("'"&H$3&"'!"&"$C40:$AZ73")))} -> 1 | I18: =H18-F18 -> -2
... B40: HS2017 | C40: Harris Scarfe Woodgrove | E40: {=_xlfn.XLOOKUP($B40,INDIRECT("'"&E$3&"'!"&"$A3:$A36"),_xlfn.XLOOKUP(E$5,INDIRECT("'"&E$3&"'!"&"$C2:$AZ2"),INDIRECT("'"&E$3&"'!"&"$C3:$AZ36")))} -> 0 | F40: {=_xlfn.XLOOKUP($B40,INDIRECT("'"&F$3&"'!"&"$A40:$A73"),_xlfn.XLOOKUP(F$5,INDIRECT("'"&F$3&"'!"&"$C2:$AZ2"),INDIRECT("'"&F$3&"'!"&"$C40:$AZ73")))} -> 1 | G40: {=_xlfn.XLOOKUP($B40,INDIRECT("'"&G$3&"'!"&"$A3:$A36"),_xlfn.XLOOKUP(G$5,INDIRECT("'"&G$3&"'!"&"$C2:$AZ2"),INDIRECT("'"&G$3&"'!"&"$C3:$AZ36")))} -> 0 | H40: {=_xlfn.XLOOKUP($B40,INDIRECT("'"&H$3&"'!"&"$A40:$A73"),_xlfn.XLOOKUP(H$5,INDIRECT("'"&H$3&"'!"&"$C2:$AZ2"),INDIRECT("'"&H$3&"'!"&"$C40:$AZ73")))} -> 4 | I40: =H40-F40 -> 3
B41: Grand Total | E41: =SUM(E7:E40) -> 3 | F41: =SUM(F7:F40) -> 88 | G41: =SUM(G7:G40) -> 7 | H41: =SUM(H7:H40) -> 51 | I41: =SUM(I7:I40) -> -37
B42: *Var denotes the Variance in YTD Columns

Sheet SPL SIT REPORT - APR
E2: Total Booking - Working in Store
E3: SPL FEED | F3: SPL FEED | G3: SPL FEED | H3: SPL FEED | I3: SPL FEED
E4: FY24 | G4: FY25
E5: =E6&", "&E4 -> MAY, FY24 | F5: =E6&", "&E4 -> MAY, FY24 | G5: =G6&", "&G4 -> MAY, FY25 | H5: =G6&", "&G4 -> MAY, FY25
B6: Store Name | C6: Store Description | E6: MAY | F6: YTD | G6: MAY | H6: YTD | I6: VAR
B7: S021 | C7: Spotlight Albury | E7: {=_xlfn.XLOOKUP($B7,INDIRECT("'"&E$3&"'!"&"$A3:$A44"),_xlfn.XLOOKUP(E$5,INDIRECT("'"&E$3&"'!"&"$C2:$AZ2"),INDIRECT("'"&E$3&"'!"&"$C3:$AZ44")))} -> 0 | F7: {=_xlfn.XLOOKUP($B7,INDIRECT("'"&F$3&"'!"&"$A48:$A89"),_xlfn.XLOOKUP(F$5,INDIRECT("'"&F$3&"'!"&"$C2:$AZ2"),INDIRECT("'"&F$3&"'!"&"$C48:$AZ89")))} -> 0 | G7: {=_xlfn.XLOOKUP($B7,INDIRECT("'"&G$3&"'!"&"$A3:$A44"),_xlfn.XLOOKUP(G$5,INDIRECT("'"&G$3&"'!"&"$C2:$AZ2"),INDIRECT("'"&G$3&"'!"&"$C3:$AZ44")))} -> 0 | H7: {=_xlfn.XLOOKUP($B7,INDIRECT("'"&H$3&"'!"&"$A48:$A89"),_xlfn.XLOOKUP(H$5,INDIRECT("'"&H$3&"'!"&"$C2:$AZ2"),INDIRECT("'"&H$3&"'!"&"$C48:$AZ89")))} -> 0 | I7: =H7-F7 -> 0
B8: S013 | C8: Spotlight Ballarat | E8: {=_xlfn.XLOOKUP($B8,INDIRECT("'"&E$3&"'!"&"$A3:$A44"),_xlfn.XLOOKUP(E$5,INDIRECT("'"&E$3&"'!"&"$C2:$AZ2"),INDIRECT("'"&E$3&"'!"&"$C3:$AZ44")))} -> 0 | F8: {=_xlfn.XLOOKUP($B8,INDIRECT("'"&F$3&"'!"&"$A48:$A89"),_xlfn.XLOOKUP(F$5,INDIRECT("'"&F$3&"'!"&"$C2:$AZ2"),INDIRECT("'"&F$3&"'!"&"$C48:$AZ89")))} -> 1 | G8: {=_xlfn.XLOOKUP($B8,INDIRECT("'"&G$3&"'!"&"$A3:$A44"),_xlfn.XLOOKUP(G$5,INDIRECT("'"&G$3&"'!"&"$C2:$AZ2"),INDIRECT("'"&G$3&"'!"&"$C3:$AZ44")))} -> 0 | H8: {=_xlfn.XLOOKUP($B8,INDIRECT("'"&H$3&"'!"&"$A48:$A89"),_xlfn.XLOOKUP(H$5,INDIRECT("'"&H$3&"'!"&"$C2:$AZ2"),INDIRECT("'"&H$3&"'!"&"$C48:$AZ89")))} -> 0 | I8: =H8-F8 -> -1
B9: S014 | C9: Spotlight Bayswater | E9: {=_xlfn.XLOOKUP($B9,INDIRECT("'"&E$3&"'!"&"$A3:$A44"),_xlfn.XLOOKUP(E$5,INDIRECT("'"&E$3&"'!"&"$C2:$AZ2"),INDIRECT("'"&E$3&"'!"&"$C3:$AZ44")))} -> 0 | F9: {=_xlfn.XLOOKUP($B9,INDIRECT("'"&F$3&"'!"&"$A48:$A89"),_xlfn.XLOOKUP(F$5,INDIRECT("'"&F$3&"'!"&"$C2:$AZ2"),INDIRECT("'"&F$3&"'!"&"$C48:$AZ89")))} -> 3 | G9: {=_xlfn.XLOOKUP($B9,INDIRECT("'"&G$3&"'!"&"$A3:$A44"),_xlfn.XLOOKUP(G$5,INDIRECT("'"&G$3&"'!"&"$C2:$AZ2"),INDIRECT("'"&G$3&"'!"&"$C3:$AZ44")))} -> 0 | H9: {=_xlfn.XLOOKUP($B9,INDIRECT("'"&H$3&"'!"&"$A48:$A89"),_xlfn.XLOOKUP(H$5,INDIRECT("'"&H$3&"'!"&"$C2:$AZ2"),INDIRECT("'"&H$3&"'!"&"$C48:$AZ89")))} -> 2 | I9: =H9-F9 -> -1
B10: S026 | C10: Spotlight Bendigo | E10: {=_xlfn.XLOOKUP($B10,INDIRECT("'"&E$3&"'!"&"$A3:$A44"),_xlfn.XLOOKUP(E$5,INDIRECT("'"&E$3&"'!"&"$C2:$AZ2"),INDIRECT("'"&E$3&"'!"&"$C3:$AZ44")))} -> 0 | F10: {=_xlfn.XLOOKUP($B10,INDIRECT("'"&F$3&"'!"&"$A48:$A89"),_xlfn.XLOOKUP(F$5,INDIRECT("'"&F$3&"'!"&"$C2:$AZ2"),INDIRECT("'"&F$3&"'!"&"$C48:$AZ89")))} -> 0 | G10: {=_xlfn.XLOOKUP($B10,INDIRECT("'"&G$3&"'!"&"$A3:$A44"),_xlfn.XLOOKUP(G$5,INDIRECT("'"&G$3&"'!"&"$C2:$AZ2"),INDIRECT("'"&G$3&"'!"&"$C3:$AZ44")))} -> 0 | H10: {=_xlfn.XLOOKUP($B10,INDIRECT("'"&H$3&"'!"&"$A48:$A89"),_xlfn.XLOOKUP(H$5,INDIRECT("'"&H$3&"'!"&"$C2:$AZ2"),INDIRECT("'"&H$3&"'!"&"$C48:$AZ89")))} -> 0 | I10: =H10-F10 -> 0
B11: S002 | C11: Spotlight Box Hill | E11: {=_xlfn.XLOOKUP($B11,INDIRECT("'"&E$3&"'!"&"$A3:$A44"),_xlfn.XLOOKUP(E$5,INDIRECT("'"&E$3&"'!"&"$C2:$AZ2"),INDIRECT("'"&E$3&"'!"&"$C3:$AZ44")))} -> 3 | F11: {=_xlfn.XLOOKUP($B11,INDIRECT("'"&F$3&"'!"&"$A48:$A89"),_xlfn.XLOOKUP(F$5,INDIRECT("'"&F$3&"'!"&"$C2:$AZ2"),INDIRECT("'"&F$3&"'!"&"$C48:$AZ89")))} -> 11 | G11: {=_xlfn.XLOOKUP($B11,INDIRECT("'"&G$3&"'!"&"$A3:$A44"),_xlfn.XLOOKUP(G$5,INDIRECT("'"&G$3&"'!"&"$C2:$AZ2"),INDIRECT("'"&G$3&"'!"&"$C3:$AZ44")))} -> 1 | H11: {=_xlfn.XLOOKUP($B11,INDIRECT("'"&H$3&"'!"&"$A48:$A89"),_xlfn.XLOOKUP(H$5,INDIRECT("'"&H$3&"'!"&"$C2:$AZ2"),INDIRECT("'"&H$3&"'!"&"$C48:$AZ89")))} -> 8 | I11: =H11-F11 -> -3
B12: S084 | C12: Spotlight Bunbury | E12: {=_xlfn.XLOOKUP($B12,INDIRECT("'"&E$3&"'!"&"$A3:$A44"),_xlfn.XLOOKUP(E$5,INDIRECT("'"&E$3&"'!"&"$C2:$AZ2"),INDIRECT("'"&E$3&"'!"&"$C3:$AZ44")))} -> 0 | F12: {=_xlfn.XLOOKUP($B12,INDIRECT("'"&F$3&"'!"&"$A48:$A89"),_xlfn.XLOOKUP(F$5,INDIRECT("'"&F$3&"'!"&"$C2:$AZ2"),INDIRECT("'"&F$3&"'!"&"$C48:$AZ89")))} -> 0 | G12: {=_xlfn.XLOOKUP($B12,INDIRECT("'"&G$3&"'!"&"$A3:$A44"),_xlfn.XLOOKUP(G$5,INDIRECT("'"&G$3&"'!"&"$C2:$AZ2"),INDIRECT("'"&G$3&"'!"&"$C3:$AZ44")))} -> 0 | H12: {=_xlfn.XLOOKUP($B12,INDIRECT("'"&H$3&"'!"&"$A48:$A89"),_xlfn.XLOOKUP(H$5,INDIRECT("'"&H$3&"'!"&"$C2:$AZ2"),INDIRECT("'"&H$3&"'!"&"$C48:$AZ89")))} -> 0 | I12: =H12-F12 -> 0
B13: S069 | C13: Spotlight Bundaberg | E13: {=_xlfn.XLOOKUP($B13,INDIRECT("'"&E$3&"'!"&"$A3:$A44"),_xlfn.XLOOKUP(E$5,INDIRECT("'"&E$3&"'!"&"$C2:$AZ2"),INDIRECT("'"&E$3&"'!"&"$C3:$AZ44")))} -> 0 | F13: {=_xlfn.XLOOKUP($B13,INDIRECT("'"&F$3&"'!"&"$A48:$A89"),_xlfn.XLOOKUP(F$5,INDIRECT("'"&F$3&"'!"&"$C2:$AZ2"),INDIRECT("'"&F$3&"'!"&"$C48:$AZ89")))} -> 0 | G13: {=_xlfn.XLOOKUP($B13,INDIRECT("'"&G$3&"'!"&"$A3:$A44"),_xlfn.XLOOKUP(G$5,INDIRECT("'"&G$3&"'!"&"$C2:$AZ2"),INDIRECT("'"&G$3&"'!"&"$C3:$AZ44")))} -> 0 | H13: {=_xlfn.XLOOKUP($B13,INDIRECT("'"&H$3&"'!"&"$A48:$A89"),_xlfn.XLOOKUP(H$5,INDIRECT("'"&H$3&"'!"&"$C2:$AZ2"),INDIRECT("'"&H$3&"'!"&"$C48:$AZ89")))} -> 0 | I13: =H13-F13 -> 0
B14: S098 | C14: Spotlight Burnside | E14: {=_xlfn.XLOOKUP($B14,INDIRECT("'"&E$3&"'!"&"$A3:$A44"),_xlfn.XLOOKUP(E$5,INDIRECT("'"&E$3&"'!"&"$C2:$AZ2"),INDIRECT("'"&E$3&"'!"&"$C3:$AZ44")))} -> 0 | F14: {=_xlfn.XLOOKUP($B14,INDIRECT("'"&F$3&"'!"&"$A48:$A89"),_xlfn.XLOOKUP(F$5,INDIRECT("'"&F$3&"'!"&"$C2:$AZ2"),INDIRECT("'"&F$3&"'!"&"$C48:$AZ89")))} -> 2 | G14: {=_xlfn.XLOOKUP($B14,INDIRECT("'"&G$3&"'!"&"$A3:$A44"),_xlfn.XLOOKUP(G$5,INDIRECT("'"&G$3&"'!"&"$C2:$AZ2"),INDIRECT("'"&G$3&"'!"&"$C3:$AZ44")))} -> 0 | H14: {=_xlfn.XLOOKUP($B14,INDIRECT("'"&H$3&"'!"&"$A48:$A89"),_xlfn.XLOOKUP(H$5,INDIRECT("'"&H$3&"'!"&"$C2:$AZ2"),INDIRECT("'"&H$3&"'!"&"$C48:$AZ89")))} -> 4 | I14: =H14-F14 -> 2
B15: S037 | C15: Spotlight Campbelltown | E15: {=_xlfn.XLOOKUP($B15,INDIRECT("'"&E$3&"'!"&"$A3:$A44"),_xlfn.XLOOKUP(E$5,INDIRECT("'"&E$3&"'!"&"$C2:$AZ2"),INDIRECT("'"&E$3&"'!"&"$C3:$AZ44")))} -> 0 | F15: {=_xlfn.XLOOKUP($B15,INDIRECT("'"&F$3&"'!"&"$A48:$A89"),_xlfn.XLOOKUP(F$5,INDIRECT("'"&F$3&"'!"&"$C2:$AZ2"),INDIRECT("'"&F$3&"'!"&"$C48:$AZ89")))} -> 1 | G15: {=_xlfn.XLOOKUP($B15,INDIRECT("'"&G$3&"'!"&"$A3:$A44"),_xlfn.XLOOKUP(G$5,INDIRECT("'"&G$3&"'!"&"$C2:$AZ2"),INDIRECT("'"&G$3&"'!"&"$C3:$AZ44")))} -> 0 | H15: {=_xlfn.XLOOKUP($B15,INDIRECT("'"&H$3&"'!"&"$A48:$A89"),_xlfn.XLOOKUP(H$5,INDIRECT("'"&H$3&"'!"&"$C2:$AZ2"),INDIRECT("'"&H$3&"'!"&"$C48:$AZ89")))} -> 0 | I15: =H15-F15 -> -1
B16: S088 | C16: Spotlight Castle Hill | E16: {=_xlfn.XLOOKUP($B16,INDIRECT("'"&E$3&"'!"&"$A3:$A44"),_xlfn.XLOOKUP(E$5,INDIRECT("'"&E$3&"'!"&"$C2:$AZ2"),INDIRECT("'"&E$3&"'!"&"$C3:$AZ44")))} -> 0 | F16: {=_xlfn.XLOOKUP($B16,INDIRECT("'"&F$3&"'!"&"$A48:$A89"),_xlfn.XLOOKUP(F$5,INDIRECT("'"&F$3&"'!"&"$C2:$AZ2"),INDIRECT("'"&F$3&"'!"&"$C48:$AZ89")))} -> 1 | G16: {=_xlfn.XLOOKUP($B16,INDIRECT("'"&G$3&"'!"&"$A3:$A44"),_xlfn.XLOOKUP(G$5,INDIRECT("'"&G$3&"'!"&"$C2:$AZ2"),INDIRECT("'"&G$3&"'!"&"$C3:$AZ44")))} -> 0 | H16: {=_xlfn.XLOOKUP($B16,INDIRECT("'"&H$3&"'!"&"$A48:$A89"),_xlfn.XLOOKUP(H$5,INDIRECT("'"&H$3&"'!"&"$C2:$AZ2"),INDIRECT("'"&H$3&"'!"&"$C48:$AZ89")))} -> 0 | I16: =H16-F16 -> -1
B17: S074 | C17: Spotlight Clovercrest | E17: {=_xlfn.XLOOKUP($B17,INDIRECT("'"&E$3&"'!"&"$A3:$A44"),_xlfn.XLOOKUP(E$5,INDIRECT("'"&E$3&"'!"&"$C2:$AZ2"),INDIRECT("'"&E$3&"'!"&"$C3:$AZ44")))} -> 0 | F17: {=_xlfn.XLOOKUP($B17,INDIRECT("'"&F$3&"'!"&"$A48:$A89"),_xlfn.XLOOKUP(F$5,INDIRECT("'"&F$3&"'!"&"$C2:$AZ2"),INDIRECT("'"&F$3&"'!"&"$C48:$AZ89")))} -> 1 | G17: {=_xlfn.XLOOKUP($B17,INDIRECT("'"&G$3&"'!"&"$A3:$A44"),_xlfn.XLOOKUP(G$5,INDIRECT("'"&G$3&"'!"&"$C2:$AZ2"),INDIRECT("'"&G$3&"'!"&"$C3:$AZ44")))} -> 0 | H17: {=_xlfn.XLOOKUP($B17,INDIRECT("'"&H$3&"'!"&"$A48:$A89"),_xlfn.XLOOKUP(H$5,INDIRECT("'"&H$3&"'!"&"$C2:$AZ2"),INDIRECT("'"&H$3&"'!"&"$C48:$AZ89")))} -> 1 | I17: =H17-F17 -> 0
B18: S135 | C18: Spotlight Cranbourne | E18: {=_xlfn.XLOOKUP($B18,INDIRECT("'"&E$3&"'!"&"$A3:$A44"),_xlfn.XLOOKUP(E$5,INDIRECT("'"&E$3&"'!"&"$C2:$AZ2"),INDIRECT("'"&E$3&"'!"&"$C3:$AZ44")))} -> 0 | F18: {=_xlfn.XLOOKUP($B18,INDIRECT("'"&F$3&"'!"&"$A48:$A89"),_xlfn.XLOOKUP(F$5,INDIRECT("'"&F$3&"'!"&"$C2:$AZ2"),INDIRECT("'"&F$3&"'!"&"$C48:$AZ89")))} -> 0 | G18: {=_xlfn.XLOOKUP($B18,INDIRECT("'"&G$3&"'!"&"$A3:$A44"),_xlfn.XLOOKUP(G$5,INDIRECT("'"&G$3&"'!"&"$C2:$AZ2"),INDIRECT("'"&G$3&"'!"&"$C3:$AZ44")))} -> 0 | H18: {=_xlfn.XLOOKUP($B18,INDIRECT("'"&H$3&"'!"&"$A48:$A89"),_xlfn.XLOOKUP(H$5,INDIRECT("'"&H$3&"'!"&"$C2:$AZ2"),INDIRECT("'"&H$3&"'!"&"$C48:$AZ89")))} -> 1 | I18: =H18-F18 -> 1
... B48: S079 | C48: Spotlight West Burleigh | E48: {=_xlfn.XLOOKUP($B48,INDIRECT("'"&E$3&"'!"&"$A3:$A44"),_xlfn.XLOOKUP(E$5,INDIRECT("'"&E$3&"'!"&"$C2:$AZ2"),INDIRECT("'"&E$3&"'!"&"$C3:$AZ44")))} -> 0 | F48: {=_xlfn.XLOOKUP($B48,INDIRECT("'"&F$3&"'!"&"$A48:$A89"),_xlfn.XLOOKUP(F$5,INDIRECT("'"&F$3&"'!"&"$C2:$AZ2"),INDIRECT("'"&F$3&"'!"&"$C48:$AZ89")))} -> 0 | G48: {=_xlfn.XLOOKUP($B48,INDIRECT("'"&G$3&"'!"&"$A3:$A44"),_xlfn.XLOOKUP(G$5,INDIRECT("'"&G$3&"'!"&"$C2:$AZ2"),INDIRECT("'"&G$3&"'!"&"$C3:$AZ44")))} -> 0 | H48: {=_xlfn.XLOOKUP($B48,INDIRECT("'"&H$3&"'!"&"$A48:$A89"),_xlfn.XLOOKUP(H$5,INDIRECT("'"&H$3&"'!"&"$C2:$AZ2"),INDIRECT("'"&H$3&"'!"&"$C48:$AZ89")))} -> 0 | I48: =H48-F48 -> 0
B49: Grand Total | E49: =SUM(E7:E48) -> 10 | F49: =SUM(F7:F48) -> 77 | G49: =SUM(G7:G48) -> 10 | H49: =SUM(H7:H48) -> 58 | I49: =SUM(I7:I48) -> -19
B50: *Var denotes the Variance in YTD Columns

Sheet Pivot Results 1
G1: Fiscal Month | H1: (Multiple Items)
G3: Count of Brand | H3: Column Labels
G4: Row Labels | H4: Booked | I4: Complete | J4: In progress | K4: Grand Total
G5: Ananconda | H5: 13 | I5: 76 | K5: 89
G6: Harris Scarfe | H6: 7 | I6: 47 | K6: 54
G7: Spotlight | H7: 16 | I7: 53 | J7: 1 | K7: 70
G8: Grand Total | H8: 36 | I8: 176 | J8: 1 | K8: 213
A10: Fiscal Month | B10: MAY, FY25 | G10: Fiscal Month | H10: MAY, FY25 | N10: Fiscal Month | O10: MAY, FY25
A12: Count of Brand | B12: Column Labels | G12: Count of Brand | H12: Column Labels | N12: Count of Brand | O12: Column Labels
A13: Row Labels | B13: Booked | C13: Complete | D13: Grand Total | G13: Row Labels | H13: Booked | I13: Complete | J13: Grand Total | N13: Row Labels | O13: Booked | P13: Complete | Q13: Grand Total
A14: Anaconda Ballarat | B14: 1 | D14: 1 | G14: Harris Scarfe Airport West | H14: 1 | J14: 1 | N14: Spotlight Box Hill | O14: 1 | Q14: 1
A15: Anaconda Bayswater | B15: 1 | D15: 1 | G15: Harris Scarfe Highpoint | I15: 1 | J15: 1 | N15: Spotlight Cranegie | P15: 2 | Q15: 2
A16: Anaconda Box Hill | B16: 1 | D16: 1 | G16: Harris Scarfe Spencer Outlet | I16: 4 | J16: 4 | N16: Spotlight Essendon | P16: 1 | Q16: 1
A17: Anaconda Hawthorn East | C17: 1 | D17: 1 | G17: Harris Scarfe Sunbury | I17: 1 | J17: 1 | N17: Spotlight Hoppers Crossing | P17: 1 | Q17: 1
A18: Anaconda Highett | C18: 2 | D18: 2 | G18: Grand Total | H18: 1 | I18: 6 | J18: 7 | N18: Spotlight South Melbourne | O18: 1 | P18: 4 | Q18: 5
A19: Anaconda Preston | C19: 1 | D19: 1 | N19: Grand Total | O19: 2 | P19: 8 | Q19: 10
A20: Anaconda Springvale | B20: 2 | D20: 2
A21: Grand Total | B21: 5 | C21: 4 | D21: 9

Sheet Pivot Results 2
A1: Fiscal Month | B1: (Multiple Items)
A3: Count of Employee number | B3: Column Labels
A4: Row Labels | B4: Booked | C4: Complete | D4: In progress | E4: Grand Total
A5: ANALYTICS & INSIGHTS | C5: 1 | E5: 1
A6: eCommerce Management | B6: 8 | C6: 19 | E6: 27
A7: HR MANAGEMENT | B7: 10 | C7: 25 | D7: 1 | E7: 36
A8: IT | B8: 2 | C8: 35 | E8: 37
A9: Marketing | B9: 9 | C9: 26 | E9: 35
A10: Property | B10: 1 | C10: 8 | E10: 9
A11: SS Finance | B11: 4 | C11: 29 | E11: 33
A12: Supply Chain | C12: 5 | E12: 5
A13: Grand Total | B13: 34 | C13: 148 | D13: 1 | E13: 183

Sheet Monthly Graphs

Sheet ANA FEED
C1: FY24 | T1: FY25
A2: Store Name | B2: Store Description | C2: ="JUL, "&C1 -> JUL, FY24 | D2: ="AUG, "&C1 -> AUG, FY24 | E2: ="SEP, "&C1 -> SEP, FY24 | F2: ="Q1, "&C1 -> Q1, FY24 | G2: ="OCT, "&C1 -> OCT, FY24 | H2: ="NOV, "&C1 -> NOV, FY24 | I2: ="DEC, "&C1 -> DEC, FY24 | J2: ="Q2, "&C1 -> Q2, FY24 | K2: ="JAN, "&C1 -> JAN, FY24 | L2: ="FEB, "&C1 -> FEB, FY24 | M2: ="MAR, "&C1 -> MAR, FY24 | N2: ="Q3, "&C1 -> Q3, FY24 | O2: ="APR, "&C1 -> APR, FY24 | P2: ="MAY, "&C1 -> MAY, FY24 | Q2: ="JUN, "&C1 -> JUN, FY24 | R2: ="Q4, "&C1 -> Q4, FY24 | S2: ="Full Year, "&C1 -> Full Year, FY24 | T2: ="JUL, "&T1 -> JUL, FY25 | U2: ="AUG, "&T1 -> AUG, FY25 | V2: ="SEP, "&T1 -> SEP, FY25 | W2: ="Q1, "&T1 -> Q1, FY25 | X2: ="OCT, "&T1 -> OCT, FY25 | Y2: ="NOV, "&T1 -> NOV, FY25 | Z2: ="DEC, "&T1 -> DEC, FY25 | AA2: ="Q2, "&T1 -> Q2, FY25 | AB2: ="JAN, "&T1 -> JAN, FY25 | AC2: ="FEB, "&T1 -> FEB, FY25 | AD2: ="MAR, "&T1 -> MAR, FY25 | AE2: ="Q3, "&T1 -> Q3, FY25 | AF2: ="APR, "&T1 -> APR, FY25 | AG2: ="MAY, "&T1 -> MAY, FY25 | AH2: ="JUN, "&T1 -> JUN, FY25 | AI2: ="Q4, "&T1 -> Q4, FY25 | AJ2: ="Full Year, "&T1 -> Full Year, FY25
A3: A050 | B3: Anaconda Albury | C3: =COUNTIFS('Data Dump'!$P:$P,'ANA FEED'!$A3,'Data Dump'!$S:$S,'ANA FEED'!C$2) -> 1 | D3: =COUNTIFS('Data Dump'!$P:$P,'ANA FEED'!$A3,'Data Dump'!$S:$S,'ANA FEED'!D$2) -> 0 | E3: =COUNTIFS('Data Dump'!$P:$P,'ANA FEED'!$A3,'Data Dump'!$S:$S,'ANA FEED'!E$2) -> 0 | F3: =SUBTOTAL(9,C3:E3) -> 1 | G3: =COUNTIFS('Data Dump'!$P:$P,'ANA FEED'!$A3,'Data Dump'!$S:$S,'ANA FEED'!G$2) -> 0 | H3: =COUNTIFS('Data Dump'!$P:$P,'ANA FEED'!$A3,'Data Dump'!$S:$S,'ANA FEED'!H$2) -> 0 | I3: =COUNTIFS('Data Dump'!$P:$P,'ANA FEED'!$A3,'Data Dump'!$S:$S,'ANA FEED'!I$2) -> 1 | J3: =SUBTOTAL(9,G3:I3) -> 1 | K3: =COUNTIFS('Data Dump'!$P:$P,'ANA FEED'!$A3,'Data Dump'!$S:$S,'ANA FEED'!K$2) -> 0 | L3: =COUNTIFS('Data Dump'!$P:$P,'ANA FEED'!$A3,'Data Dump'!$S:$S,'ANA FEED'!L$2) -> 0 | M3: =COUNTIFS('Data Dump'!$P:$P,'ANA FEED'!$A3,'Data Dump'!$S:$S,'ANA FEED'!M$2) -> 0 | N3: =SUBTOTAL(9,K3:M3) -> 0 | O3: =COUNTIFS('Data Dump'!$P:$P,'ANA FEED'!$A3,'Data Dump'!$S:$S,'ANA FEED'!O$2) -> 0 | P3: =COUNTIFS('Data Dump'!$P:$P,'ANA FEED'!$A3,'Data Dump'!$S:$S,'ANA FEED'!P$2) -> 0 | Q3: =COUNTIFS('Data Dump'!$P:$P,'ANA FEED'!$A3,'Data Dump'!$S:$S,'ANA FEED'!Q$2) -> 0 | R3: =SUBTOTAL(9,O3:Q3) -> 0 | S3: =SUBTOTAL(9,C3:R3) -> 2 | T3: =COUNTIFS('Data Dump'!$P:$P,'ANA FEED'!$A3,'Data Dump'!$S:$S,'ANA FEED'!T$2) -> 0 | U3: =COUNTIFS('Data Dump'!$P:$P,'ANA FEED'!$A3,'Data Dump'!$S:$S,'ANA FEED'!U$2) -> 0 | V3: =COUNTIFS('Data Dump'!$P:$P,'ANA FEED'!$A3,'Data Dump'!$S:$S,'ANA FEED'!V$2) -> 0 | W3: =SUBTOTAL(9,T3:V3) -> 0 | X3: =COUNTIFS('Data Dump'!$P:$P,'ANA FEED'!$A3,'Data Dump'!$S:$S,'ANA FEED'!X$2) -> 0 | Y3: =COUNTIFS('Data Dump'!$P:$P,'ANA FEED'!$A3,'Data Dump'!$S:$S,'ANA FEED'!Y$2) -> 0 | Z3: =COUNTIFS('Data Dump'!$P:$P,'ANA FEED'!$A3,'Data Dump'!$S:$S,'ANA FEED'!Z$2) -> 1 | AA3: =SUBTOTAL(9,X3:Z3) -> 1 | AB3: =COUNTIFS('Data Dump'!$P:$P,'ANA FEED'!$A3,'Data Dump'!$S:$S,'ANA FEED'!AB$2) -> 0 | AC3: =COUNTIFS('Data Dump'!$P:$P,'ANA FEED'!$A3,'Data Dump'!$S:$S,'ANA FEED'!AC$2) -> 0 | AD3: =COUNTIFS('Data Dump'!$P:$P,'ANA FEED'!$A3,'Data Dump'!$S:$S,'ANA FEED'!AD$2) -> 0 | AE3: =SUBTOTAL(9,AB3:AD3) -> 0 | AF3: =COUNTIFS('Data Dump'!$P:$P,'ANA FEED'!$A3,'Data Dump'!$S:$S,'ANA FEED'!AF$2) -> 0 | AG3: =COUNTIFS('Data Dump'!$P:$P,'ANA FEED'!$A3,'Data Dump'!$S:$S,'ANA FEED'!AG$2) -> 0 | AH3: =COUNTIFS('Data Dump'!$P:$P,'ANA FEED'!$A3,'Data Dump'!$S:$S,'ANA FEED'!AH$2) -> 0 | AI3: =SUBTOTAL(9,AF3:AH3) -> 0 | AJ3: =SUBTOTAL(9,T3:AI3) -> 1
A4: A002 | B4: Anaconda Ashmore | C4: =COUNTIFS('Data Dump'!$P:$P,'ANA FEED'!$A4,'Data Dump'!$S:$S,'ANA FEED'!C$2) -> 0 | D4: =COUNTIFS('Data Dump'!$P:$P,'ANA FEED'!$A4,'Data Dump'!$S:$S,'ANA FEED'!D$2) -> 0 | E4: =COUNTIFS('Data Dump'!$P:$P,'ANA FEED'!$A4,'Data Dump'!$S:$S,'ANA FEED'!E$2) -> 0 | F4: =SUBTOTAL(9,C4:E4) -> 0 | G4: =COUNTIFS('Data Dump'!$P:$P,'ANA FEED'!$A4,'Data Dump'!$S:$S,'ANA FEED'!G$2) -> 0 | H4: =COUNTIFS('Data Dump'!$P:$P,'ANA FEED'!$A4,'Data Dump'!$S:$S,'ANA FEED'!H$2) -> 0 | I4: =COUNTIFS('Data Dump'!$P:$P,'ANA FEED'!$A4,'Data Dump'!$S:$S,'ANA FEED'!I$2) -> 0 | J4: =SUBTOTAL(9,G4:I4) -> 0 | K4: =COUNTIFS('Data Dump'!$P:$P,'ANA FEED'!$A4,'Data Dump'!$S:$S,'ANA FEED'!K$2) -> 0 | L4: =COUNTIFS('Data Dump'!$P:$P,'ANA FEED'!$A4,'Data Dump'!$S:$S,'ANA FEED'!L$2) -> 0 | M4: =COUNTIFS('Data Dump'!$P:$P,'ANA FEED'!$A4,'Data Dump'!$S:$S,'ANA FEED'!M$2) -> 0 | N4: =SUBTOTAL(9,K4:M4) -> 0 | O4: =COUNTIFS('Data Dump'!$P:$P,'ANA FEED'!$A4,'Data Dump'!$S:$S,'ANA FEED'!O$2) -> 0 | P4: =COUNTIFS('Data Dump'!$P:$P,'ANA FEED'!$A4,'Data Dump'!$S:$S,'ANA FEED'!P$2) -> 0 | Q4: =COUNTIFS('Data Dump'!$P:$P,'ANA FEED'!$A4,'Data Dump'!$S:$S,'ANA FEED'!Q$2) -> 0 | R4: =SUBTOTAL(9,O4:Q4) -> 0 | S4: =SUBTOTAL(9,C4:R4) -> 0 | T4: =COUNTIFS('Data Dump'!$P:$P,'ANA FEED'!$A4,'Data Dump'!$S:$S,'ANA FEED'!T$2) -> 0 | U4: =COUNTIFS('Data Dump'!$P:$P,'ANA FEED'!$A4,'Data Dump'!$S:$S,'ANA FEED'!U$2) -> 0 | V4: =COUNTIFS('Data Dump'!$P:$P,'ANA FEED'!$A4,'Data Dump'!$S:$S,'ANA FEED'!V$2) -> 0 | W4: =SUBTOTAL(9,T4:V4) -> 0 | X4: =COUNTIFS('Data Dump'!$P:$P,'ANA FEED'!$A4,'Data Dump'!$S:$S,'ANA FEED'!X$2) -> 0 | Y4: =COUNTIFS('Data Dump'!$P:$P,'ANA FEED'!$A4,'Data Dump'!$S:$S,'ANA FEED'!Y$2) -> 0 | Z4: =COUNTIFS('Data Dump'!$P:$P,'ANA FEED'!$A4,'Data Dump'!$S:$S,'ANA FEED'!Z$2) -> 0 | AA4: =SUBTOTAL(9,X4:Z4) -> 0 | AB4: =COUNTIFS('Data Dump'!$P:$P,'ANA FEED'!$A4,'Data Dump'!$S:$S,'ANA FEED'!AB$2) -> 0 | AC4: =COUNTIFS('Data Dump'!$P:$P,'ANA FEED'!$A4,'Data Dump'!$S:$S,'ANA FEED'!AC$2) -> 0 | AD4: =COUNTIFS('Data Dump'!$P:$P,'ANA FEED'!$A4,'Data Dump'!$S:$S,'ANA FEED'!AD$2) -> 0 | AE4: =SUBTOTAL(9,AB4:AD4) -> 0 | AF4: =COUNTIFS('Data Dump'!$P:$P,'ANA FEED'!$A4,'Data Dump'!$S:$S,'ANA FEED'!AF$2) -> 0 | AG4: =COUNTIFS('Data Dump'!$P:$P,'ANA FEED'!$A4,'Data Dump'!$S:$S,'ANA FEED'!AG$2) -> 0 | AH4: =COUNTIFS('Data Dump'!$P:$P,'ANA FEED'!$A4,'Data Dump'!$S:$S,'ANA FEED'!AH$2) -> 0 | AI4: =SUBTOTAL(9,AF4:AH4) -> 0 | AJ4: =SUBTOTAL(9,T4:AI4) -> 0
A5: A035 | B5: Anaconda Ballarat | C5: =COUNTIFS('Data Dump'!$P:$P,'ANA FEED'!$A5,'Data Dump'!$S:$S,'ANA FEED'!C$2) -> 0 | D5: =COUNTIFS('Data Dump'!$P:$P,'ANA FEED'!$A5,'Data Dump'!$S:$S,'ANA FEED'!D$2) -> 0 | E5: =COUNTIFS('Data Dump'!$P:$P,'ANA FEED'!$A5,'Data Dump'!$S:$S,'ANA FEED'!E$2) -> 0 | F5: =SUBTOTAL(9,C5:E5) -> 0 | G5: =COUNTIFS('Data Dump'!$P:$P,'ANA FEED'!$A5,'Data Dump'!$S:$S,'ANA FEED'!G$2) -> 0 | H5: =COUNTIFS('Data Dump'!$P:$P,'ANA FEED'!$A5,'Data Dump'!$S:$S,'ANA FEED'!H$2) -> 0 | I5: =COUNTIFS('Data Dump'!$P:$P,'ANA FEED'!$A5,'Data Dump'!$S:$S,'ANA FEED'!I$2) -> 0 | J5: =SUBTOTAL(9,G5:I5) -> 0 | K5: =COUNTIFS('Data Dump'!$P:$P,'ANA FEED'!$A5,'Data Dump'!$S:$S,'ANA FEED'!K$2) -> 0 | L5: =COUNTIFS('Data Dump'!$P:$P,'ANA FEED'!$A5,'Data Dump'!$S:$S,'ANA FEED'!L$2) -> 0 | M5: =COUNTIFS('Data Dump'!$P:$P,'ANA FEED'!$A5,'Data Dump'!$S:$S,'ANA FEED'!M$2) -> 0 | N5: =SUBTOTAL(9,K5:M5) -> 0 | O5: =COUNTIFS('Data Dump'!$P:$P,'ANA FEED'!$A5,'Data Dump'!$S:$S,'ANA FEED'!O$2) -> 0 | P5: =COUNTIFS('Data Dump'!$P:$P,'ANA FEED'!$A5,'Data Dump'!$S:$S,'ANA FEED'!P$2) -> 0 | Q5: =COUNTIFS('Data Dump'!$P:$P,'ANA FEED'!$A5,'Data Dump'!$S:$S,'ANA FEED'!Q$2) -> 0 | R5: =SUBTOTAL(9,O5:Q5) -> 0 | S5: =SUBTOTAL(9,C5:R5) -> 0 | T5: =COUNTIFS('Data Dump'!$P:$P,'ANA FEED'!$A5,'Data Dump'!$S:$S,'ANA FEED'!T$2) -> 0 | U5: =COUNTIFS('Data Dump'!$P:$P,'ANA FEED'!$A5,'Data Dump'!$S:$S,'ANA FEED'!U$2) -> 0 | V5: =COUNTIFS('Data Dump'!$P:$P,'ANA FEED'!$A5,'Data Dump'!$S:$S,'ANA FEED'!V$2) -> 0 | W5: =SUBTOTAL(9,T5:V5) -> 0 | X5: =COUNTIFS('Data Dump'!$P:$P,'ANA FEED'!$A5,'Data Dump'!$S:$S,'ANA FEED'!X$2) -> 0 | Y5: =COUNTIFS('Data Dump'!$P:$P,'ANA FEED'!$A5,'Data Dump'!$S:$S,'ANA FEED'!Y$2) -> 0 | Z5: =COUNTIFS('Data Dump'!$P:$P,'ANA FEED'!$A5,'Data Dump'!$S:$S,'ANA FEED'!Z$2) -> 0 | AA5: =SUBTOTAL(9,X5:Z5) -> 0 | AB5: =COUNTIFS('Data Dump'!$P:$P,'ANA FEED'!$A5,'Data Dump'!$S:$S,'ANA FEED'!AB$2) -> 0 | AC5: =COUNTIFS('Data Dump'!$P:$P,'ANA FEED'!$A5,'Data Dump'!$S:$S,'ANA FEED'!AC$2) -> 0 | AD5: =COUNTIFS('Data Dump'!$P:$P,'ANA FEED'!$A5,'Data Dump'!$S:$S,'ANA FEED'!AD$2) -> 0 | AE5: =SUBTOTAL(9,AB5:AD5) -> 0 | AF5: =COUNTIFS('Data Dump'!$P:$P,'ANA FEED'!$A5,'Data Dump'!$S:$S,'ANA FEED'!AF$2) -> 1 | AG5: =COUNTIFS('Data Dump'!$P:$P,'ANA FEED'!$A5,'Data Dump'!$S:$S,'ANA FEED'!AG$2) -> 1 | AH5: =COUNTIFS('Data Dump'!$P:$P,'ANA FEED'!$A5,'Data Dump'!$S:$S,'ANA FEED'!AH$2) -> 0 | AI5: =SUBTOTAL(9,AF5:AH5) -> 2 | AJ5: =SUBTOTAL(9,T5:AI5) -> 2
A6: A001 | B6: Anaconda Bayswater | C6: =COUNTIFS('Data Dump'!$P:$P,'ANA FEED'!$A6,'Data Dump'!$S:$S,'ANA FEED'!C$2) -> 0 | D6: =COUNTIFS('Data Dump'!$P:$P,'ANA FEED'!$A6,'Data Dump'!$S:$S,'ANA FEED'!D$2) -> 0 | E6: =COUNTIFS('Data Dump'!$P:$P,'ANA FEED'!$A6,'Data Dump'!$S:$S,'ANA FEED'!E$2) -> 0 | F6: =SUBTOTAL(9,C6:E6) -> 0 | G6: =COUNTIFS('Data Dump'!$P:$P,'ANA FEED'!$A6,'Data Dump'!$S:$S,'ANA FEED'!G$2) -> 0 | H6: =COUNTIFS('Data Dump'!$P:$P,'ANA FEED'!$A6,'Data Dump'!$S:$S,'ANA FEED'!H$2) -> 0 | I6: =COUNTIFS('Data Dump'!$P:$P,'ANA FEED'!$A6,'Data Dump'!$S:$S,'ANA FEED'!I$2) -> 4 | J6: =SUBTOTAL(9,G6:I6) -> 4 | K6: =COUNTIFS('Data Dump'!$P:$P,'ANA FEED'!$A6,'Data Dump'!$S:$S,'ANA FEED'!K$2) -> 0 | L6: =COUNTIFS('Data Dump'!$P:$P,'ANA FEED'!$A6,'Data Dump'!$S:$S,'ANA FEED'!L$2) -> 0 | M6: =COUNTIFS('Data Dump'!$P:$P,'ANA FEED'!$A6,'Data Dump'!$S:$S,'ANA FEED'!M$2) -> 1 | N6: =SUBTOTAL(9,K6:M6) -> 1 | O6: =COUNTIFS('Data Dump'!$P:$P,'ANA FEED'!$A6,'Data Dump'!$S:$S,'ANA FEED'!O$2) -> 0 | P6: =COUNTIFS('Data Dump'!$P:$P,'ANA FEED'!$A6,'Data Dump'!$S:$S,'ANA FEED'!P$2) -> 0 | Q6: =COUNTIFS('Data Dump'!$P:$P,'ANA FEED'!$A6,'Data Dump'!$S:$S,'ANA FEED'!Q$2) -> 0 | R6: =SUBTOTAL(9,O6:Q6) -> 0 | S6: =SUBTOTAL(9,C6:R6) -> 5 | T6: =COUNTIFS('Data Dump'!$P:$P,'ANA FEED'!$A6,'Data Dump'!$S:$S,'ANA FEED'!T$2) -> 1 | U6: =COUNTIFS('Data Dump'!$P:$P,'ANA FEED'!$A6,'Data Dump'!$S:$S,'ANA FEED'!U$2) -> 0 | V6: =COUNTIFS('Data Dump'!$P:$P,'ANA FEED'!$A6,'Data Dump'!$S:$S,'ANA FEED'!V$2) -> 0 | W6: =SUBTOTAL(9,T6:V6) -> 1 | X6: =COUNTIFS('Data Dump'!$P:$P,'ANA FEED'!$A6,'Data Dump'!$S:$S,'ANA FEED'!X$2) -> 0 | Y6: =COUNTIFS('Data Dump'!$P:$P,'ANA FEED'!$A6,'Data Dump'!$S:$S,'ANA FEED'!Y$2) -> 2 | Z6: =COUNTIFS('Data Dump'!$P:$P,'ANA FEED'!$A6,'Data Dump'!$S:$S,'ANA FEED'!Z$2) -> 1 | AA6: =SUBTOTAL(9,X6:Z6) -> 3 | AB6: =COUNTIFS('Data Dump'!$P:$P,'ANA FEED'!$A6,'Data Dump'!$S:$S,'ANA FEED'!AB$2) -> 0 | AC6: =COUNTIFS('Data Dump'!$P:$P,'ANA FEED'!$A6,'Data Dump'!$S:$S,'ANA FEED'!AC$2) -> 0 | AD6: =COUNTIFS('Data Dump'!$P:$P,'ANA FEED'!$A6,'Data Dump'!$S:$S,'ANA FEED'!AD$2) -> 0 | AE6: =SUBTOTAL(9,AB6:AD6) -> 0 | AF6: =COUNTIFS('Data Dump'!$P:$P,'ANA FEED'!$A6,'Data Dump'!$S:$S,'ANA FEED'!AF$2) -> 0 | AG6: =COUNTIFS('Data Dump'!$P:$P,'ANA FEED'!$A6,'Data Dump'!$S:$S,'ANA FEED'!AG$2) -> 1 | AH6: =COUNTIFS('Data Dump'!$P:$P,'ANA FEED'!$A6,'Data Dump'!$S:$S,'ANA FEED'!AH$2) -> 0 | AI6: =SUBTOTAL(9,AF6:AH6) -> 1 | AJ6: =SUBTOTAL(9,T6:AI6) -> 5
A7: A021 | B7: Anaconda Bendigo | C7: =COUNTIFS('Data Dump'!$P:$P,'ANA FEED'!$A7,'Data Dump'!$S:$S,'ANA FEED'!C$2) -> 0 | D7: =COUNTIFS('Data Dump'!$P:$P,'ANA FEED'!$A7,'Data Dump'!$S:$S,'ANA FEED'!D$2) -> 0 | E7: =COUNTIFS('Data Dump'!$P:$P,'ANA FEED'!$A7,'Data Dump'!$S:$S,'ANA FEED'!E$2) -> 0 | F7: =SUBTOTAL(9,C7:E7) -> 0 | G7: =COUNTIFS('Data Dump'!$P:$P,'ANA FEED'!$A7,'Data Dump'!$S:$S,'ANA FEED'!G$2) -> 0 | H7: =COUNTIFS('Data Dump'!$P:$P,'ANA FEED'!$A7,'Data Dump'!$S:$S,'ANA FEED'!H$2) -> 0 | I7: =COUNTIFS('Data Dump'!$P:$P,'ANA FEED'!$A7,'Data Dump'!$S:$S,'ANA FEED'!I$2) -> 0 | J7: =SUBTOTAL(9,G7:I7) -> 0 | K7: =COUNTIFS('Data Dump'!$P:$P,'ANA FEED'!$A7,'Data Dump'!$S:$S,'ANA FEED'!K$2) -> 0 | L7: =COUNTIFS('Data Dump'!$P:$P,'ANA FEED'!$A7,'Data Dump'!$S:$S,'ANA FEED'!L$2) -> 0 | M7: =COUNTIFS('Data Dump'!$P:$P,'ANA FEED'!$A7,'Data Dump'!$S:$S,'ANA FEED'!M$2) -> 0 | N7: =SUBTOTAL(9,K7:M7) -> 0 | O7: =COUNTIFS('Data Dump'!$P:$P,'ANA FEED'!$A7,'Data Dump'!$S:$S,'ANA FEED'!O$2) -> 0 | P7: =COUNTIFS('Data Dump'!$P:$P,'ANA FEED'!$A7,'Data Dump'!$S:$S,'ANA FEED'!P$2) -> 0 | Q7: =COUNTIFS('Data Dump'!$P:$P,'ANA FEED'!$A7,'Data Dump'!$S:$S,'ANA FEED'!Q$2) -> 0 | R7: =SUBTOTAL(9,O7:Q7) -> 0 | S7: =SUBTOTAL(9,C7:R7) -> 0 | T7: =COUNTIFS('Data Dump'!$P:$P,'ANA FEED'!$A7,'Data Dump'!$S:$S,'ANA FEED'!T$2) -> 0 | U7: =COUNTIFS('Data Dump'!$P:$P,'ANA FEED'!$A7,'Data Dump'!$S:$S,'ANA FEED'!U$2) -> 0 | V7: =COUNTIFS('Data Dump'!$P:$P,'ANA FEED'!$A7,'Data Dump'!$S:$S,'ANA FEED'!V$2) -> 0 | W7: =SUBTOTAL(9,T7:V7) -> 0 | X7: =COUNTIFS('Data Dump'!$P:$P,'ANA FEED'!$A7,'Data Dump'!$S:$S,'ANA FEED'!X$2) -> 0 | Y7: =COUNTIFS('Data Dump'!$P:$P,'ANA FEED'!$A7,'Data Dump'!$S:$S,'ANA FEED'!Y$2) -> 0 | Z7: =COUNTIFS('Data Dump'!$P:$P,'ANA FEED'!$A7,'Data Dump'!$S:$S,'ANA FEED'!Z$2) -> 1 | AA7: =SUBTOTAL(9,X7:Z7) -> 1 | AB7: =COUNTIFS('Data Dump'!$P:$P,'ANA FEED'!$A7,'Data Dump'!$S:$S,'ANA FEED'!AB$2) -> 0 | AC7: =COUNTIFS('Data Dump'!$P:$P,'ANA FEED'!$A7,'Data Dump'!$S:$S,'ANA FEED'!AC$2) -> 1 | AD7: =COUNTIFS('Data Dump'!$P:$P,'ANA FEED'!$A7,'Data Dump'!$S:$S,'ANA FEED'!AD$2) -> 0 | AE7: =SUBTOTAL(9,AB7:AD7) -> 1 | AF7: =COUNTIFS('Data Dump'!$P:$P,'ANA FEED'!$A7,'Data Dump'!$S:$S,'ANA FEED'!AF$2) -> 0 | AG7: =COUNTIFS('Data Dump'!$P:$P,'ANA FEED'!$A7,'Data Dump'!$S:$S,'ANA FEED'!AG$2) -> 0 | AH7: =COUNTIFS('Data Dump'!$P:$P,'ANA FEED'!$A7,'Data Dump'!$S:$S,'ANA FEED'!AH$2) -> 0 | AI7: =SUBTOTAL(9,AF7:AH7) -> 0 | AJ7: =SUBTOTAL(9,T7:AI7) -> 2
A8: A041 | B8: Anaconda Box Hill | C8: =COUNTIFS('Data Dump'!$P:$P,'ANA FEED'!$A8,'Data Dump'!$S:$S,'ANA FEED'!C$2) -> 0 | D8: =COUNTIFS('Data Dump'!$P:$P,'ANA FEED'!$A8,'Data Dump'!$S:$S,'ANA FEED'!D$2) -> 0 | E8: =COUNTIFS('Data Dump'!$P:$P,'ANA FEED'!$A8,'Data Dump'!$S:$S,'ANA FEED'!E$2) -> 0 | F8: =SUBTOTAL(9,C8:E8) -> 0 | G8: =COUNTIFS('Data Dump'!$P:$P,'ANA FEED'!$A8,'Data Dump'!$S:$S,'ANA FEED'!G$2) -> 1 | H8: =COUNTIFS('Data Dump'!$P:$P,'ANA FEED'!$A8,'Data Dump'!$S:$S,'ANA FEED'!H$2) -> 1 | I8: =COUNTIFS('Data Dump'!$P:$P,'ANA FEED'!$A8,'Data Dump'!$S:$S,'ANA FEED'!I$2) -> 0 | J8: =SUBTOTAL(9,G8:I8) -> 2 | K8: =COUNTIFS('Data Dump'!$P:$P,'ANA FEED'!$A8,'Data Dump'!$S:$S,'ANA FEED'!K$2) -> 0 | L8: =COUNTIFS('Data Dump'!$P:$P,'ANA FEED'!$A8,'Data Dump'!$S:$S,'ANA FEED'!L$2) -> 0 | M8: =COUNTIFS('Data Dump'!$P:$P,'ANA FEED'!$A8,'Data Dump'!$S:$S,'ANA FEED'!M$2) -> 0 | N8: =SUBTOTAL(9,K8:M8) -> 0 | O8: =COUNTIFS('Data Dump'!$P:$P,'ANA FEED'!$A8,'Data Dump'!$S:$S,'ANA FEED'!O$2) -> 0 | P8: =COUNTIFS('Data Dump'!$P:$P,'ANA FEED'!$A8,'Data Dump'!$S:$S,'ANA FEED'!P$2) -> 0 | Q8: =COUNTIFS('Data Dump'!$P:$P,'ANA FEED'!$A8,'Data Dump'!$S:$S,'ANA FEED'!Q$2) -> 0 | R8: =SUBTOTAL(9,O8:Q8) -> 0 | S8: =SUBTOTAL(9,C8:R8) -> 2 | T8: =COUNTIFS('Data Dump'!$P:$P,'ANA FEED'!$A8,'Data Dump'!$S:$S,'ANA FEED'!T$2) -> 0 | U8: =COUNTIFS('Data Dump'!$P:$P,'ANA FEED'!$A8,'Data Dump'!$S:$S,'ANA FEED'!U$2) -> 0 | V8: =COUNTIFS('Data Dump'!$P:$P,'ANA FEED'!$A8,'Data Dump'!$S:$S,'ANA FEED'!V$2) -> 0 | W8: =SUBTOTAL(9,T8:V8) -> 0 | X8: =COUNTIFS('Data Dump'!$P:$P,'ANA FEED'!$A8,'Data Dump'!$S:$S,'ANA FEED'!X$2) -> 0 | Y8: =COUNTIFS('Data Dump'!$P:$P,'ANA FEED'!$A8,'Data Dump'!$S:$S,'ANA FEED'!Y$2) -> 1 | Z8: =COUNTIFS('Data Dump'!$P:$P,'ANA FEED'!$A8,'Data Dump'!$S:$S,'ANA FEED'!Z$2) -> 0 | AA8: =SUBTOTAL(9,X8:Z8) -> 1 | AB8: =COUNTIFS('Data Dump'!$P:$P,'ANA FEED'!$A8,'Data Dump'!$S:$S,'ANA FEED'!AB$2) -> 0 | AC8: =COUNTIFS('Data Dump'!$P:$P,'ANA FEED'!$A8,'Data Dump'!$S:$S,'ANA FEED'!AC$2) -> 0 | AD8: =COUNTIFS('Data Dump'!$P:$P,'ANA FEED'!$A8,'Data Dump'!$S:$S,'ANA FEED'!AD$2) -> 0 | AE8: =SUBTOTAL(9,AB8:AD8) -> 0 | AF8: =COUNTIFS('Data Dump'!$P:$P,'ANA FEED'!$A8,'Data Dump'!$S:$S,'ANA FEED'!AF$2) -> 0 | AG8: =COUNTIFS('Data Dump'!$P:$P,'ANA FEED'!$A8,'Data Dump'!$S:$S,'ANA FEED'!AG$2) -> 1 | AH8: =COUNTIFS('Data Dump'!$P:$P,'ANA FEED'!$A8,'Data Dump'!$S:$S,'ANA FEED'!AH$2) -> 1 | AI8: =SUBTOTAL(9,AF8:AH8) -> 2 | AJ8: =SUBTOTAL(9,T8:AI8) -> 3
A9: A071 | B9: Anaconda Bunbury | C9: =COUNTIFS('Data Dump'!$P:$P,'ANA FEED'!$A9,'Data Dump'!$S:$S,'ANA FEED'!C$2) -> 0 | D9: =COUNTIFS('Data Dump'!$P:$P,'ANA FEED'!$A9,'Data Dump'!$S:$S,'ANA FEED'!D$2) -> 0 | E9: =COUNTIFS('Data Dump'!$P:$P,'ANA FEED'!$A9,'Data Dump'!$S:$S,'ANA FEED'!E$2) -> 0 | F9: =SUBTOTAL(9,C9:E9) -> 0 | G9: =COUNTIFS('Data Dump'!$P:$P,'ANA FEED'!$A9,'Data Dump'!$S:$S,'ANA FEED'!G$2) -> 0 | H9: =COUNTIFS('Data Dump'!$P:$P,'ANA FEED'!$A9,'Data Dump'!$S:$S,'ANA FEED'!H$2) -> 0 | I9: =COUNTIFS('Data Dump'!$P:$P,'ANA FEED'!$A9,'Data Dump'!$S:$S,'ANA FEED'!I$2) -> 0 | J9: =SUBTOTAL(9,G9:I9) -> 0 | K9: =COUNTIFS('Data Dump'!$P:$P,'ANA FEED'!$A9,'Data Dump'!$S:$S,'ANA FEED'!K$2) -> 0 | L9: =COUNTIFS('Data Dump'!$P:$P,'ANA FEED'!$A9,'Data Dump'!$S:$S,'ANA FEED'!L$2) -> 0 | M9: =COUNTIFS('Data Dump'!$P:$P,'ANA FEED'!$A9,'Data Dump'!$S:$S,'ANA FEED'!M$2) -> 0 | N9: =SUBTOTAL(9,K9:M9) -> 0 | O9: =COUNTIFS('Data Dump'!$P:$P,'ANA FEED'!$A9,'Data Dump'!$S:$S,'ANA FEED'!O$2) -> 0 | P9: =COUNTIFS('Data Dump'!$P:$P,'ANA FEED'!$A9,'Data Dump'!$S:$S,'ANA FEED'!P$2) -> 0 | Q9: =COUNTIFS('Data Dump'!$P:$P,'ANA FEED'!$A9,'Data Dump'!$S:$S,'ANA FEED'!Q$2) -> 0 | R9: =SUBTOTAL(9,O9:Q9) -> 0 | S9: =SUBTOTAL(9,C9:R9) -> 0 | T9: =COUNTIFS('Data Dump'!$P:$P,'ANA FEED'!$A9,'Data Dump'!$S:$S,'ANA FEED'!T$2) -> 0 | U9: =COUNTIFS('Data Dump'!$P:$P,'ANA FEED'!$A9,'Data Dump'!$S:$S,'ANA FEED'!U$2) -> 0 | V9: =COUNTIFS('Data Dump'!$P:$P,'ANA FEED'!$A9,'Data Dump'!$S:$S,'ANA FEED'!V$2) -> 0 | W9: =SUBTOTAL(9,T9:V9) -> 0 | X9: =COUNTIFS('Data Dump'!$P:$P,'ANA FEED'!$A9,'Data Dump'!$S:$S,'ANA FEED'!X$2) -> 0 | Y9: =COUNTIFS('Data Dump'!$P:$P,'ANA FEED'!$A9,'Data Dump'!$S:$S,'ANA FEED'!Y$2) -> 0 | Z9: =COUNTIFS('Data Dump'!$P:$P,'ANA FEED'!$A9,'Data Dump'!$S:$S,'ANA FEED'!Z$2) -> 0 | AA9: =SUBTOTAL(9,X9:Z9) -> 0 | AB9: =COUNTIFS('Data Dump'!$P:$P,'ANA FEED'!$A9,'Data Dump'!$S:$S,'ANA FEED'!AB$2) -> 0 | AC9: =COUNTIFS('Data Dump'!$P:$P,'ANA FEED'!$A9,'Data Dump'!$S:$S,'ANA FEED'!AC$2) -> 0 | AD9: =COUNTIFS('Data Dump'!$P:$P,'ANA FEED'!$A9,'Data Dump'!$S:$S,'ANA FEED'!AD$2) -> 0 | AE9: =SUBTOTAL(9,AB9:AD9) -> 0 | AF9: =COUNTIFS('Data Dump'!$P:$P,'ANA FEED'!$A9,'Data Dump'!$S:$S,'ANA FEED'!AF$2) -> 0 | AG9: =COUNTIFS('Data Dump'!$P:$P,'ANA FEED'!$A9,'Data Dump'!$S:$S,'ANA FEED'!AG$2) -> 0 | AH9: =COUNTIFS('Data Dump'!$P:$P,'ANA FEED'!$A9,'Data Dump'!$S:$S,'ANA FEED'!AH$2) -> 0 | AI9: =SUBTOTAL(9,AF9:AH9) -> 0 | AJ9: =SUBTOTAL(9,T9:AI9) -> 0
A10: A037 | B10: Anaconda Cairns | C10: =COUNTIFS('Data Dump'!$P:$P,'ANA FEED'!$A10,'Data Dump'!$S:$S,'ANA FEED'!C$2) -> 0 | D10: =COUNTIFS('Data Dump'!$P:$P,'ANA FEED'!$A10,'Data Dump'!$S:$S,'ANA FEED'!D$2) -> 0 | E10: =COUNTIFS('Data Dump'!$P:$P,'ANA FEED'!$A10,'Data Dump'!$S:$S,'ANA FEED'!E$2) -> 0 | F10: =SUBTOTAL(9,C10:E10) -> 0 | G10: =COUNTIFS('Data Dump'!$P:$P,'ANA FEED'!$A10,'Data Dump'!$S:$S,'ANA FEED'!G$2) -> 0 | H10: =COUNTIFS('Data Dump'!$P:$P,'ANA FEED'!$A10,'Data Dump'!$S:$S,'ANA FEED'!H$2) -> 0 | I10: =COUNTIFS('Data Dump'!$P:$P,'ANA FEED'!$A10,'Data Dump'!$S:$S,'ANA FEED'!I$2) -> 0 | J10: =SUBTOTAL(9,G10:I10) -> 0 | K10: =COUNTIFS('Data Dump'!$P:$P,'ANA FEED'!$A10,'Data Dump'!$S:$S,'ANA FEED'!K$2) -> 0 | L10: =COUNTIFS('Data Dump'!$P:$P,'ANA FEED'!$A10,'Data Dump'!$S:$S,'ANA FEED'!L$2) -> 0 | M10: =COUNTIFS('Data Dump'!$P:$P,'ANA FEED'!$A10,'Data Dump'!$S:$S,'ANA FEED'!M$2) -> 0 | N10: =SUBTOTAL(9,K10:M10) -> 0 | O10: =COUNTIFS('Data Dump'!$P:$P,'ANA FEED'!$A10,'Data Dump'!$S:$S,'ANA FEED'!O$2) -> 0 | P10: =COUNTIFS('Data Dump'!$P:$P,'ANA FEED'!$A10,'Data Dump'!$S:$S,'ANA FEED'!P$2) -> 0 | Q10: =COUNTIFS('Data Dump'!$P:$P,'ANA FEED'!$A10,'Data Dump'!$S:$S,'ANA FEED'!Q$2) -> 0 | R10: =SUBTOTAL(9,O10:Q10) -> 0 | S10: =SUBTOTAL(9,C10:R10) -> 0 | T10: =COUNTIFS('Data Dump'!$P:$P,'ANA FEED'!$A10,'Data Dump'!$S:$S,'ANA FEED'!T$2) -> 0 | U10: =COUNTIFS('Data Dump'!$P:$P,'ANA FEED'!$A10,'Data Dump'!$S:$S,'ANA FEED'!U$2) -> 0 | V10: =COUNTIFS('Data Dump'!$P:$P,'ANA FEED'!$A10,'Data Dump'!$S:$S,'ANA FEED'!V$2) -> 0 | W10: =SUBTOTAL(9,T10:V10) -> 0 | X10: =COUNTIFS('Data Dump'!$P:$P,'ANA FEED'!$A10,'Data Dump'!$S:$S,'ANA FEED'!X$2) -> 0 | Y10: =COUNTIFS('Data Dump'!$P:$P,'ANA FEED'!$A10,'Data Dump'!$S:$S,'ANA FEED'!Y$2) -> 0 | Z10: =COUNTIFS('Data Dump'!$P:$P,'ANA FEED'!$A10,'Data Dump'!$S:$S,'ANA FEED'!Z$2) -> 0 | AA10: =SUBTOTAL(9,X10:Z10) -> 0 | AB10: =COUNTIFS('Data Dump'!$P:$P,'ANA FEED'!$A10,'Data Dump'!$S:$S,'ANA FEED'!AB$2) -> 0 | AC10: =COUNTIFS('Data Dump'!$P:$P,'ANA FEED'!$A10,'Data Dump'!$S:$S,'ANA FEED'!AC$2) -> 0 | AD10: =COUNTIFS('Data Dump'!$P:$P,'ANA FEED'!$A10,'Data Dump'!$S:$S,'ANA FEED'!AD$2) -> 0 | AE10: =SUBTOTAL(9,AB10:AD10) -> 0 | AF10: =COUNTIFS('Data Dump'!$P:$P,'ANA FEED'!$A10,'Data Dump'!$S:$S,'ANA FEED'!AF$2) -> 0 | AG10: =COUNTIFS('Data Dump'!$P:$P,'ANA FEED'!$A10,'Data Dump'!$S:$S,'ANA FEED'!AG$2) -> 0 | AH10: =COUNTIFS('Data Dump'!$P:$P,'ANA FEED'!$A10,'Data Dump'!$S:$S,'ANA FEED'!AH$2) -> 0 | AI10: =SUBTOTAL(9,AF10:AH10) -> 0 | AJ10: =SUBTOTAL(9,T10:AI10) -> 0
A11: A062 | B11: Anaconda Campbelltown | C11: =COUNTIFS('Data Dump'!$P:$P,'ANA FEED'!$A11,'Data Dump'!$S:$S,'ANA FEED'!C$2) -> 0 | D11: =COUNTIFS('Data Dump'!$P:$P,'ANA FEED'!$A11,'Data Dump'!$S:$S,'ANA FEED'!D$2) -> 0 | E11: =COUNTIFS('Data Dump'!$P:$P,'ANA FEED'!$A11,'Data Dump'!$S:$S,'ANA FEED'!E$2) -> 0 | F11: =SUBTOTAL(9,C11:E11) -> 0 | G11: =COUNTIFS('Data Dump'!$P:$P,'ANA FEED'!$A11,'Data Dump'!$S:$S,'ANA FEED'!G$2) -> 0 | H11: =COUNTIFS('Data Dump'!$P:$P,'ANA FEED'!$A11,'Data Dump'!$S:$S,'ANA FEED'!H$2) -> 0 | I11: =COUNTIFS('Data Dump'!$P:$P,'ANA FEED'!$A11,'Data Dump'!$S:$S,'ANA FEED'!I$2) -> 0 | J11: =SUBTOTAL(9,G11:I11) -> 0 | K11: =COUNTIFS('Data Dump'!$P:$P,'ANA FEED'!$A11,'Data Dump'!$S:$S,'ANA FEED'!K$2) -> 0 | L11: =COUNTIFS('Data Dump'!$P:$P,'ANA FEED'!$A11,'Data Dump'!$S:$S,'ANA FEED'!L$2) -> 0 | M11: =COUNTIFS('Data Dump'!$P:$P,'ANA FEED'!$A11,'Data Dump'!$S:$S,'ANA FEED'!M$2) -> 0 | N11: =SUBTOTAL(9,K11:M11) -> 0 | O11: =COUNTIFS('Data Dump'!$P:$P,'ANA FEED'!$A11,'Data Dump'!$S:$S,'ANA FEED'!O$2) -> 0 | P11: =COUNTIFS('Data Dump'!$P:$P,'ANA FEED'!$A11,'Data Dump'!$S:$S,'ANA FEED'!P$2) -> 0 | Q11: =COUNTIFS('Data Dump'!$P:$P,'ANA FEED'!$A11,'Data Dump'!$S:$S,'ANA FEED'!Q$2) -> 0 | R11: =SUBTOTAL(9,O11:Q11) -> 0 | S11: =SUBTOTAL(9,C11:R11) -> 0 | T11: =COUNTIFS('Data Dump'!$P:$P,'ANA FEED'!$A11,'Data Dump'!$S:$S,'ANA FEED'!T$2) -> 0 | U11: =COUNTIFS('Data Dump'!$P:$P,'ANA FEED'!$A11,'Data Dump'!$S:$S,'ANA FEED'!U$2) -> 0 | V11: =COUNTIFS('Data Dump'!$P:$P,'ANA FEED'!$A11,'Data Dump'!$S:$S,'ANA FEED'!V$2) -> 0 | W11: =SUBTOTAL(9,T11:V11) -> 0 | X11: =COUNTIFS('Data Dump'!$P:$P,'ANA FEED'!$A11,'Data Dump'!$S:$S,'ANA FEED'!X$2) -> 0 | Y11: =COUNTIFS('Data Dump'!$P:$P,'ANA FEED'!$A11,'Data Dump'!$S:$S,'ANA FEED'!Y$2) -> 0 | Z11: =COUNTIFS('Data Dump'!$P:$P,'ANA FEED'!$A11,'Data Dump'!$S:$S,'ANA FEED'!Z$2) -> 0 | AA11: =SUBTOTAL(9,X11:Z11) -> 0 | AB11: =COUNTIFS('Data Dump'!$P:$P,'ANA FEED'!$A11,'Data Dump'!$S:$S,'ANA FEED'!AB$2) -> 0 | AC11: =COUNTIFS('Data Dump'!$P:$P,'ANA FEED'!$A11,'Data Dump'!$S:$S,'ANA FEED'!AC$2) -> 0 | AD11: =COUNTIFS('Data Dump'!$P:$P,'ANA FEED'!$A11,'Data Dump'!$S:$S,'ANA FEED'!AD$2) -> 0 | AE11: =SUBTOTAL(9,AB11:AD11) -> 0 | AF11: =COUNTIFS('Data Dump'!$P:$P,'ANA FEED'!$A11,'Data Dump'!$S:$S,'ANA FEED'!AF$2) -> 0 | AG11: =COUNTIFS('Data Dump'!$P:$P,'ANA FEED'!$A11,'Data Dump'!$S:$S,'ANA FEED'!AG$2) -> 0 | AH11: =COUNTIFS('Data Dump'!$P:$P,'ANA FEED'!$A11,'Data Dump'!$S:$S,'ANA FEED'!AH$2) -> 0 | AI11: =SUBTOTAL(9,AF11:AH11) -> 0 | AJ11: =SUBTOTAL(9,T11:AI11) -> 0
A12: A006 | B12: Anaconda Chullora | C12: =COUNTIFS('Data Dump'!$P:$P,'ANA FEED'!$A12,'Data Dump'!$S:$S,'ANA FEED'!C$2) -> 0 | D12: =COUNTIFS('Data Dump'!$P:$P,'ANA FEED'!$A12,'Data Dump'!$S:$S,'ANA FEED'!D$2) -> 0 | E12: =COUNTIFS('Data Dump'!$P:$P,'ANA FEED'!$A12,'Data Dump'!$S:$S,'ANA FEED'!E$2) -> 0 | F12: =SUBTOTAL(9,C12:E12) -> 0 | G12: =COUNTIFS('Data Dump'!$P:$P,'ANA FEED'!$A12,'Data Dump'!$S:$S,'ANA FEED'!G$2) -> 0 | H12: =COUNTIFS('Data Dump'!$P:$P,'ANA FEED'!$A12,'Data Dump'!$S:$S,'ANA FEED'!H$2) -> 0 | I12: =COUNTIFS('Data Dump'!$P:$P,'ANA FEED'!$A12,'Data Dump'!$S:$S,'ANA FEED'!I$2) -> 0 | J12: =SUBTOTAL(9,G12:I12) -> 0 | K12: =COUNTIFS('Data Dump'!$P:$P,'ANA FEED'!$A12,'Data Dump'!$S:$S,'ANA FEED'!K$2) -> 0 | L12: =COUNTIFS('Data Dump'!$P:$P,'ANA FEED'!$A12,'Data Dump'!$S:$S,'ANA FEED'!L$2) -> 0 | M12: =COUNTIFS('Data Dump'!$P:$P,'ANA FEED'!$A12,'Data Dump'!$S:$S,'ANA FEED'!M$2) -> 0 | N12: =SUBTOTAL(9,K12:M12) -> 0 | O12: =COUNTIFS('Data Dump'!$P:$P,'ANA FEED'!$A12,'Data Dump'!$S:$S,'ANA FEED'!O$2) -> 0 | P12: =COUNTIFS('Data Dump'!$P:$P,'ANA FEED'!$A12,'Data Dump'!$S:$S,'ANA FEED'!P$2) -> 0 | Q12: =COUNTIFS('Data Dump'!$P:$P,'ANA FEED'!$A12,'Data Dump'!$S:$S,'ANA FEED'!Q$2) -> 0 | R12: =SUBTOTAL(9,O12:Q12) -> 0 | S12: =SUBTOTAL(9,C12:R12) -> 0 | T12: =COUNTIFS('Data Dump'!$P:$P,'ANA FEED'!$A12,'Data Dump'!$S:$S,'ANA FEED'!T$2) -> 0 | U12: =COUNTIFS('Data Dump'!$P:$P,'ANA FEED'!$A12,'Data Dump'!$S:$S,'ANA FEED'!U$2) -> 0 | V12: =COUNTIFS('Data Dump'!$P:$P,'ANA FEED'!$A12,'Data Dump'!$S:$S,'ANA FEED'!V$2) -> 0 | W12: =SUBTOTAL(9,T12:V12) -> 0 | X12: =COUNTIFS('Data Dump'!$P:$P,'ANA FEED'!$A12,'Data Dump'!$S:$S,'ANA FEED'!X$2) -> 0 | Y12: =COUNTIFS('Data Dump'!$P:$P,'ANA FEED'!$A12,'Data Dump'!$S:$S,'ANA FEED'!Y$2) -> 0 | Z12: =COUNTIFS('Data Dump'!$P:$P,'ANA FEED'!$A12,'Data Dump'!$S:$S,'ANA FEED'!Z$2) -> 0 | AA12: =SUBTOTAL(9,X12:Z12) -> 0 | AB12: =COUNTIFS('Data Dump'!$P:$P,'ANA FEED'!$A12,'Data Dump'!$S:$S,'ANA FEED'!AB$2) -> 0 | AC12: =COUNTIFS('Data Dump'!$P:$P,'ANA FEED'!$A12,'Data Dump'!$S:$S,'ANA FEED'!AC$2) -> 0 | AD12: =COUNTIFS('Data Dump'!$P:$P,'ANA FEED'!$A12,'Data Dump'!$S:$S,'ANA FEED'!AD$2) -> 0 | AE12: =SUBTOTAL(9,AB12:AD12) -> 0 | AF12: =COUNTIFS('Data Dump'!$P:$P,'ANA FEED'!$A12,'Data Dump'!$S:$S,'ANA FEED'!AF$2) -> 0 | AG12: =COUNTIFS('Data Dump'!$P:$P,'ANA FEED'!$A12,'Data Dump'!$S:$S,'ANA FEED'!AG$2) -> 0 | AH12: =COUNTIFS('Data Dump'!$P:$P,'ANA FEED'!$A12,'Data Dump'!$S:$S,'ANA FEED'!AH$2) -> 0 | AI12: =SUBTOTAL(9,AF12:AH12) -> 0 | AJ12: =SUBTOTAL(9,T12:AI12) -> 0
A13: A052 | B13: Anaconda Epping | C13: =COUNTIFS('Data Dump'!$P:$P,'ANA FEED'!$A13,'Data Dump'!$S:$S,'ANA FEED'!C$2) -> 0 | D13: =COUNTIFS('Data Dump'!$P:$P,'ANA FEED'!$A13,'Data Dump'!$S:$S,'ANA FEED'!D$2) -> 0 | E13: =COUNTIFS('Data Dump'!$P:$P,'ANA FEED'!$A13,'Data Dump'!$S:$S,'ANA FEED'!E$2) -> 0 | F13: =SUBTOTAL(9,C13:E13) -> 0 | G13: =COUNTIFS('Data Dump'!$P:$P,'ANA FEED'!$A13,'Data Dump'!$S:$S,'ANA FEED'!G$2) -> 2 | H13: =COUNTIFS('Data Dump'!$P:$P,'ANA FEED'!$A13,'Data Dump'!$S:$S,'ANA FEED'!H$2) -> 0 | I13: =COUNTIFS('Data Dump'!$P:$P,'ANA FEED'!$A13,'Data Dump'!$S:$S,'ANA FEED'!I$2) -> 2 | J13: =SUBTOTAL(9,G13:I13) -> 4 | K13: =COUNTIFS('Data Dump'!$P:$P,'ANA FEED'!$A13,'Data Dump'!$S:$S,'ANA FEED'!K$2) -> 0 | L13: =COUNTIFS('Data Dump'!$P:$P,'ANA FEED'!$A13,'Data Dump'!$S:$S,'ANA FEED'!L$2) -> 0 | M13: =COUNTIFS('Data Dump'!$P:$P,'ANA FEED'!$A13,'Data Dump'!$S:$S,'ANA FEED'!M$2) -> 0 | N13: =SUBTOTAL(9,K13:M13) -> 0 | O13: =COUNTIFS('Data Dump'!$P:$P,'ANA FEED'!$A13,'Data Dump'!$S:$S,'ANA FEED'!O$2) -> 1 | P13: =COUNTIFS('Data Dump'!$P:$P,'ANA FEED'!$A13,'Data Dump'!$S:$S,'ANA FEED'!P$2) -> 0 | Q13: =COUNTIFS('Data Dump'!$P:$P,'ANA FEED'!$A13,'Data Dump'!$S:$S,'ANA FEED'!Q$2) -> 0 | R13: =SUBTOTAL(9,O13:Q13) -> 1 | S13: =SUBTOTAL(9,C13:R13) -> 5 | T13: =COUNTIFS('Data Dump'!$P:$P,'ANA FEED'!$A13,'Data Dump'!$S:$S,'ANA FEED'!T$2) -> 0 | U13: =COUNTIFS('Data Dump'!$P:$P,'ANA FEED'!$A13,'Data Dump'!$S:$S,'ANA FEED'!U$2) -> 0 | V13: =COUNTIFS('Data Dump'!$P:$P,'ANA FEED'!$A13,'Data Dump'!$S:$S,'ANA FEED'!V$2) -> 0 | W13: =SUBTOTAL(9,T13:V13) -> 0 | X13: =COUNTIFS('Data Dump'!$P:$P,'ANA FEED'!$A13,'Data Dump'!$S:$S,'ANA FEED'!X$2) -> 0 | Y13: =COUNTIFS('Data Dump'!$P:$P,'ANA FEED'!$A13,'Data Dump'!$S:$S,'ANA FEED'!Y$2) -> 0 | Z13: =COUNTIFS('Data Dump'!$P:$P,'ANA FEED'!$A13,'Data Dump'!$S:$S,'ANA FEED'!Z$2) -> 1 | AA13: =SUBTOTAL(9,X13:Z13) -> 1 | AB13: =COUNTIFS('Data Dump'!$P:$P,'ANA FEED'!$A13,'Data Dump'!$S:$S,'ANA FEED'!AB$2) -> 0 | AC13: =COUNTIFS('Data Dump'!$P:$P,'ANA FEED'!$A13,'Data Dump'!$S:$S,'ANA FEED'!AC$2) -> 0 | AD13: =COUNTIFS('Data Dump'!$P:$P,'ANA FEED'!$A13,'Data Dump'!$S:$S,'ANA FEED'!AD$2) -> 1 | AE13: =SUBTOTAL(9,AB13:AD13) -> 1 | AF13: =COUNTIFS('Data Dump'!$P:$P,'ANA FEED'!$A13,'Data Dump'!$S:$S,'ANA FEED'!AF$2) -> 0 | AG13: =COUNTIFS('Data Dump'!$P:$P,'ANA FEED'!$A13,'Data Dump'!$S:$S,'ANA FEED'!AG$2) -> 0 | AH13: =COUNTIFS('Data Dump'!$P:$P,'ANA FEED'!$A13,'Data Dump'!$S:$S,'ANA FEED'!AH$2) -> 0 | AI13: =SUBTOTAL(9,AF13:AH13) -> 0 | AJ13: =SUBTOTAL(9,T13:AI13) -> 2
A14: A004 | B14: Anaconda Everton Park | C14: =COUNTIFS('Data Dump'!$P:$P,'ANA FEED'!$A14,'Data Dump'!$S:$S,'ANA FEED'!C$2) -> 0 | D14: =COUNTIFS('Data Dump'!$P:$P,'ANA FEED'!$A14,'Data Dump'!$S:$S,'ANA FEED'!D$2) -> 0 | E14: =COUNTIFS('Data Dump'!$P:$P,'ANA FEED'!$A14,'Data Dump'!$S:$S,'ANA FEED'!E$2) -> 0 | F14: =SUBTOTAL(9,C14:E14) -> 0 | G14: =COUNTIFS('Data Dump'!$P:$P,'ANA FEED'!$A14,'Data Dump'!$S:$S,'ANA FEED'!G$2) -> 0 | H14: =COUNTIFS('Data Dump'!$P:$P,'ANA FEED'!$A14,'Data Dump'!$S:$S,'ANA FEED'!H$2) -> 0 | I14: =COUNTIFS('Data Dump'!$P:$P,'ANA FEED'!$A14,'Data Dump'!$S:$S,'ANA FEED'!I$2) -> 0 | J14: =SUBTOTAL(9,G14:I14) -> 0 | K14: =COUNTIFS('Data Dump'!$P:$P,'ANA FEED'!$A14,'Data Dump'!$S:$S,'ANA FEED'!K$2) -> 0 | L14: =COUNTIFS('Data Dump'!$P:$P,'ANA FEED'!$A14,'Data Dump'!$S:$S,'ANA FEED'!L$2) -> 0 | M14: =COUNTIFS('Data Dump'!$P:$P,'ANA FEED'!$A14,'Data Dump'!$S:$S,'ANA FEED'!M$2) -> 0 | N14: =SUBTOTAL(9,K14:M14) -> 0 | O14: =COUNTIFS('Data Dump'!$P:$P,'ANA FEED'!$A14,'Data Dump'!$S:$S,'ANA FEED'!O$2) -> 0 | P14: =COUNTIFS('Data Dump'!$P:$P,'ANA FEED'!$A14,'Data Dump'!$S:$S,'ANA FEED'!P$2) -> 0 | Q14: =COUNTIFS('Data Dump'!$P:$P,'ANA FEED'!$A14,'Data Dump'!$S:$S,'ANA FEED'!Q$2) -> 0 | R14: =SUBTOTAL(9,O14:Q14) -> 0 | S14: =SUBTOTAL(9,C14:R14) -> 0 | T14: =COUNTIFS('Data Dump'!$P:$P,'ANA FEED'!$A14,'Data Dump'!$S:$S,'ANA FEED'!T$2) -> 0 | U14: =COUNTIFS('Data Dump'!$P:$P,'ANA FEED'!$A14,'Data Dump'!$S:$S,'ANA FEED'!U$2) -> 0 | V14: =COUNTIFS('Data Dump'!$P:$P,'ANA FEED'!$A14,'Data Dump'!$S:$S,'ANA FEED'!V$2) -> 0 | W14: =SUBTOTAL(9,T14:V14) -> 0 | X14: =COUNTIFS('Data Dump'!$P:$P,'ANA FEED'!$A14,'Data Dump'!$S:$S,'ANA FEED'!X$2) -> 0 | Y14: =COUNTIFS('Data Dump'!$P:$P,'ANA FEED'!$A14,'Data Dump'!$S:$S,'ANA FEED'!Y$2) -> 0 | Z14: =COUNTIFS('Data Dump'!$P:$P,'ANA FEED'!$A14,'Data Dump'!$S:$S,'ANA FEED'!Z$2) -> 1 | AA14: =SUBTOTAL(9,X14:Z14) -> 1 | AB14: =COUNTIFS('Data Dump'!$P:$P,'ANA FEED'!$A14,'Data Dump'!$S:$S,'ANA FEED'!AB$2) -> 0 | AC14: =COUNTIFS('Data Dump'!$P:$P,'ANA FEED'!$A14,'Data Dump'!$S:$S,'ANA FEED'!AC$2) -> 0 | AD14: =COUNTIFS('Data Dump'!$P:$P,'ANA FEED'!$A14,'Data Dump'!$S:$S,'ANA FEED'!AD$2) -> 0 | AE14: =SUBTOTAL(9,AB14:AD14) -> 0 | AF14: =COUNTIFS('Data Dump'!$P:$P,'ANA FEED'!$A14,'Data Dump'!$S:$S,'ANA FEED'!AF$2) -> 0 | AG14: =COUNTIFS('Data Dump'!$P:$P,'ANA FEED'!$A14,'Data Dump'!$S:$S,'ANA FEED'!AG$2) -> 0 | AH14: =COUNTIFS('Data Dump'!$P:$P,'ANA FEED'!$A14,'Data Dump'!$S:$S,'ANA FEED'!AH$2) -> 0 | AI14: =SUBTOTAL(9,AF14:AH14) -> 0 | AJ14: =SUBTOTAL(9,T14:AI14) -> 1
... A35: A040 | B35: Anaconda Watergardens | C35: =COUNTIFS('Data Dump'!$P:$P,'ANA FEED'!$A35,'Data Dump'!$S:$S,'ANA FEED'!C$2) -> 0 | D35: =COUNTIFS('Data Dump'!$P:$P,'ANA FEED'!$A35,'Data Dump'!$S:$S,'ANA FEED'!D$2) -> 0 | E35: =COUNTIFS('Data Dump'!$P:$P,'ANA FEED'!$A35,'Data Dump'!$S:$S,'ANA FEED'!E$2) -> 0 | F35: =SUBTOTAL(9,C35:E35) -> 0 | G35: =COUNTIFS('Data Dump'!$P:$P,'ANA FEED'!$A35,'Data Dump'!$S:$S,'ANA FEED'!G$2) -> 1 | H35: =COUNTIFS('Data Dump'!$P:$P,'ANA FEED'!$A35,'Data Dump'!$S:$S,'ANA FEED'!H$2) -> 1 | I35: =COUNTIFS('Data Dump'!$P:$P,'ANA FEED'!$A35,'Data Dump'!$S:$S,'ANA FEED'!I$2) -> 2 | J35: =SUBTOTAL(9,G35:I35) -> 4 | K35: =COUNTIFS('Data Dump'!$P:$P,'ANA FEED'!$A35,'Data Dump'!$S:$S,'ANA FEED'!K$2) -> 0 | L35: =COUNTIFS('Data Dump'!$P:$P,'ANA FEED'!$A35,'Data Dump'!$S:$S,'ANA FEED'!L$2) -> 0 | M35: =COUNTIFS('Data Dump'!$P:$P,'ANA FEED'!$A35,'Data Dump'!$S:$S,'ANA FEED'!M$2) -> 0 | N35: =SUBTOTAL(9,K35:M35) -> 0 | O35: =COUNTIFS('Data Dump'!$P:$P,'ANA FEED'!$A35,'Data Dump'!$S:$S,'ANA FEED'!O$2) -> 0 | P35: =COUNTIFS('Data Dump'!$P:$P,'ANA FEED'!$A35,'Data Dump'!$S:$S,'ANA FEED'!P$2) -> 0 | Q35: =COUNTIFS('Data Dump'!$P:$P,'ANA FEED'!$A35,'Data Dump'!$S:$S,'ANA FEED'!Q$2) -> 0 | R35: =SUBTOTAL(9,O35:Q35) -> 0 | S35: =SUBTOTAL(9,C35:R35) -> 4 | T35: =COUNTIFS('Data Dump'!$P:$P,'ANA FEED'!$A35,'Data Dump'!$S:$S,'ANA FEED'!T$2) -> 0 | U35: =COUNTIFS('Data Dump'!$P:$P,'ANA FEED'!$A35,'Data Dump'!$S:$S,'ANA FEED'!U$2) -> 1 | V35: =COUNTIFS('Data Dump'!$P:$P,'ANA FEED'!$A35,'Data Dump'!$S:$S,'ANA FEED'!V$2) -> 0 | W35: =SUBTOTAL(9,T35:V35) -> 1 | X35: =COUNTIFS('Data Dump'!$P:$P,'ANA FEED'!$A35,'Data Dump'!$S:$S,'ANA FEED'!X$2) -> 1 | Y35: =COUNTIFS('Data Dump'!$P:$P,'ANA FEED'!$A35,'Data Dump'!$S:$S,'ANA FEED'!Y$2) -> 1 | Z35: =COUNTIFS('Data Dump'!$P:$P,'ANA FEED'!$A35,'Data Dump'!$S:$S,'ANA FEED'!Z$2) -> 1 | AA35: =SUBTOTAL(9,X35:Z35) -> 3 | AB35: =COUNTIFS('Data Dump'!$P:$P,'ANA FEED'!$A35,'Data Dump'!$S:$S,'ANA FEED'!AB$2) -> 0 | AC35: =COUNTIFS('Data Dump'!$P:$P,'ANA FEED'!$A35,'Data Dump'!$S:$S,'ANA FEED'!AC$2) -> 0 | AD35: =COUNTIFS('Data Dump'!$P:$P,'ANA FEED'!$A35,'Data Dump'!$S:$S,'ANA FEED'!AD$2) -> 0 | AE35: =SUBTOTAL(9,AB35:AD35) -> 0 | AF35: =COUNTIFS('Data Dump'!$P:$P,'ANA FEED'!$A35,'Data Dump'!$S:$S,'ANA FEED'!AF$2) -> 0 | AG35: =COUNTIFS('Data Dump'!$P:$P,'ANA FEED'!$A35,'Data Dump'!$S:$S,'ANA FEED'!AG$2) -> 0 | AH35: =COUNTIFS('Data Dump'!$P:$P,'ANA FEED'!$A35,'Data Dump'!$S:$S,'ANA FEED'!AH$2) -> 1 | AI35: =SUBTOTAL(9,AF35:AH35) -> 1 | AJ35: =SUBTOTAL(9,T35:AI35) -> 5
A36: Grand Total | C36: =SUM(C3:C35) -> 5 | D36: =SUM(D3:D35) -> 5 | E36: =SUM(E3:E35) -> 5 | F36: =SUM(F3:F35) -> 15 | G36: =SUM(G3:G35) -> 15 | H36: =SUM(H3:H35) -> 14 | I36: =SUM(I3:I35) -> 16 | J36: =SUM(J3:J35) -> 45 | ... AJ36: =SUM(AJ3:AJ35) -> 89
A38: YTD
A39: A050 | B39: Anaconda Albury | C39: =SUBTOTAL(9,$C3:C3) -> 1 | D39: =SUBTOTAL(9,$C3:D3) -> 1 | E39: =SUBTOTAL(9,$C3:E3) -> 1 | F39: =SUBTOTAL(9,$C3:F3) -> 1 | G39: =SUBTOTAL(9,$C3:G3) -> 1 | H39: =SUBTOTAL(9,$C3:H3) -> 1 | I39: =SUBTOTAL(9,$C3:I3) -> 2 | J39: =SUBTOTAL(9,$C3:J3) -> 2 | ... S39: =SUBTOTAL(9,$C3:S3) -> 2 | T39: =SUBTOTAL(9,$T3:T3) -> 0 | U39: =SUBTOTAL(9,$T3:U3) -> 0 | V39: =SUBTOTAL(9,$T3:V3) -> 0 | W39: =SUBTOTAL(9,$T3:W3) -> 0 | X39: =SUBTOTAL(9,$T3:X3) -> 0 | Y39: =SUBTOTAL(9,$T3:Y3) -> 0 | Z39: =SUBTOTAL(9,$T3:Z3) -> 1 | AA39: =SUBTOTAL(9,$T3:AA3) -> 1 | ... AJ39: =SUBTOTAL(9,$T3:AJ3) -> 1
A40: A002 | B40: Anaconda Ashmore | C40: =SUBTOTAL(9,$C4:C4) -> 0 | D40: =SUBTOTAL(9,$C4:D4) -> 0 | E40: =SUBTOTAL(9,$C4:E4) -> 0 | F40: =SUBTOTAL(9,$C4:F4) -> 0 | G40: =SUBTOTAL(9,$C4:G4) -> 0 | H40: =SUBTOTAL(9,$C4:H4) -> 0 | I40: =SUBTOTAL(9,$C4:I4) -> 0 | J40: =SUBTOTAL(9,$C4:J4) -> 0 | ... S40: =SUBTOTAL(9,$C4:S4) -> 0 | T40: =SUBTOTAL(9,$T4:T4) -> 0 | U40: =SUBTOTAL(9,$T4:U4) -> 0 | V40: =SUBTOTAL(9,$T4:V4) -> 0 | W40: =SUBTOTAL(9,$T4:W4) -> 0 | X40: =SUBTOTAL(9,$T4:X4) -> 0 | Y40: =SUBTOTAL(9,$T4:Y4) -> 0 | Z40: =SUBTOTAL(9,$T4:Z4) -> 0 | AA40: =SUBTOTAL(9,$T4:AA4) -> 0 | ... AJ40: =SUBTOTAL(9,$T4:AJ4) -> 0
A41: A035 | B41: Anaconda Ballarat | C41: =SUBTOTAL(9,$C5:C5) -> 0 | D41: =SUBTOTAL(9,$C5:D5) -> 0 | E41: =SUBTOTAL(9,$C5:E5) -> 0 | F41: =SUBTOTAL(9,$C5:F5) -> 0 | G41: =SUBTOTAL(9,$C5:G5) -> 0 | H41: =SUBTOTAL(9,$C5:H5) -> 0 | I41: =SUBTOTAL(9,$C5:I5) -> 0 | J41: =SUBTOTAL(9,$C5:J5) -> 0 | ... S41: =SUBTOTAL(9,$C5:S5) -> 0 | T41: =SUBTOTAL(9,$T5:T5) -> 0 | U41: =SUBTOTAL(9,$T5:U5) -> 0 | V41: =SUBTOTAL(9,$T5:V5) -> 0 | W41: =SUBTOTAL(9,$T5:W5) -> 0 | X41: =SUBTOTAL(9,$T5:X5) -> 0 | Y41: =SUBTOTAL(9,$T5:Y5) -> 0 | Z41: =SUBTOTAL(9,$T5:Z5) -> 0 | AA41: =SUBTOTAL(9,$T5:AA5) -> 0 | ... AJ41: =SUBTOTAL(9,$T5:AJ5) -> 2
A42: A001 | B42: Anaconda Bayswater | C42: =SUBTOTAL(9,$C6:C6) -> 0 | D42: =SUBTOTAL(9,$C6:D6) -> 0 | E42: =SUBTOTAL(9,$C6:E6) -> 0 | F42: =SUBTOTAL(9,$C6:F6) -> 0 | G42: =SUBTOTAL(9,$C6:G6) -> 0 | H42: =SUBTOTAL(9,$C6:H6) -> 0 | I42: =SUBTOTAL(9,$C6:I6) -> 4 | J42: =SUBTOTAL(9,$C6:J6) -> 4 | ... S42: =SUBTOTAL(9,$C6:S6) -> 5 | T42: =SUBTOTAL(9,$T6:T6) -> 1 | U42: =SUBTOTAL(9,$T6:U6) -> 1 | V42: =SUBTOTAL(9,$T6:V6) -> 1 | W42: =SUBTOTAL(9,$T6:W6) -> 1 | X42: =SUBTOTAL(9,$T6:X6) -> 1 | Y42: =SUBTOTAL(9,$T6:Y6) -> 3 | Z42: =SUBTOTAL(9,$T6:Z6) -> 4 | AA42: =SUBTOTAL(9,$T6:AA6) -> 4 | ... AJ42: =SUBTOTAL(9,$T6:AJ6) -> 5
A43: A021 | B43: Anaconda Bendigo | C43: =SUBTOTAL(9,$C7:C7) -> 0 | D43: =SUBTOTAL(9,$C7:D7) -> 0 | E43: =SUBTOTAL(9,$C7:E7) -> 0 | F43: =SUBTOTAL(9,$C7:F7) -> 0 | G43: =SUBTOTAL(9,$C7:G7) -> 0 | H43: =SUBTOTAL(9,$C7:H7) -> 0 | I43: =SUBTOTAL(9,$C7:I7) -> 0 | J43: =SUBTOTAL(9,$C7:J7) -> 0 | ... S43: =SUBTOTAL(9,$C7:S7) -> 0 | T43: =SUBTOTAL(9,$T7:T7) -> 0 | U43: =SUBTOTAL(9,$T7:U7) -> 0 | V43: =SUBTOTAL(9,$T7:V7) -> 0 | W43: =SUBTOTAL(9,$T7:W7) -> 0 | X43: =SUBTOTAL(9,$T7:X7) -> 0 | Y43: =SUBTOTAL(9,$T7:Y7) -> 0 | Z43: =SUBTOTAL(9,$T7:Z7) -> 1 | AA43: =SUBTOTAL(9,$T7:AA7) -> 1 | ... AJ43: =SUBTOTAL(9,$T7:AJ7) -> 2
A44: A041 | B44: Anaconda Box Hill | C44: =SUBTOTAL(9,$C8:C8) -> 0 | D44: =SUBTOTAL(9,$C8:D8) -> 0 | E44: =SUBTOTAL(9,$C8:E8) -> 0 | F44: =SUBTOTAL(9,$C8:F8) -> 0 | G44: =SUBTOTAL(9,$C8:G8) -> 1 | H44: =SUBTOTAL(9,$C8:H8) -> 2 | I44: =SUBTOTAL(9,$C8:I8) -> 2 | J44: =SUBTOTAL(9,$C8:J8) -> 2 | ... S44: =SUBTOTAL(9,$C8:S8) -> 2 | T44: =SUBTOTAL(9,$T8:T8) -> 0 | U44: =SUBTOTAL(9,$T8:U8) -> 0 | V44: =SUBTOTAL(9,$T8:V8) -> 0 | W44: =SUBTOTAL(9,$T8:W8) -> 0 | X44: =SUBTOTAL(9,$T8:X8) -> 0 | Y44: =SUBTOTAL(9,$T8:Y8) -> 1 | Z44: =SUBTOTAL(9,$T8:Z8) -> 1 | AA44: =SUBTOTAL(9,$T8:AA8) -> 1 | ... AJ44: =SUBTOTAL(9,$T8:AJ8) -> 3
A45: A071 | B45: Anaconda Bunbury | C45: =SUBTOTAL(9,$C9:C9) -> 0 | D45: =SUBTOTAL(9,$C9:D9) -> 0 | E45: =SUBTOTAL(9,$C9:E9) -> 0 | F45: =SUBTOTAL(9,$C9:F9) -> 0 | G45: =SUBTOTAL(9,$C9:G9) -> 0 | H45: =SUBTOTAL(9,$C9:H9) -> 0 | I45: =SUBTOTAL(9,$C9:I9) -> 0 | J45: =SUBTOTAL(9,$C9:J9) -> 0 | ... S45: =SUBTOTAL(9,$C9:S9) -> 0 | T45: =SUBTOTAL(9,$T9:T9) -> 0 | U45: =SUBTOTAL(9,$T9:U9) -> 0 | V45: =SUBTOTAL(9,$T9:V9) -> 0 | W45: =SUBTOTAL(9,$T9:W9) -> 0 | X45: =SUBTOTAL(9,$T9:X9) -> 0 | Y45: =SUBTOTAL(9,$T9:Y9) -> 0 | Z45: =SUBTOTAL(9,$T9:Z9) -> 0 | AA45: =SUBTOTAL(9,$T9:AA9) -> 0 | ... AJ45: =SUBTOTAL(9,$T9:AJ9) -> 0
A46: A037 | B46: Anaconda Cairns | C46: =SUBTOTAL(9,$C10:C10) -> 0 | D46: =SUBTOTAL(9,$C10:D10) -> 0 | E46: =SUBTOTAL(9,$C10:E10) -> 0 | F46: =SUBTOTAL(9,$C10:F10) -> 0 | G46: =SUBTOTAL(9,$C10:G10) -> 0 | H46: =SUBTOTAL(9,$C10:H10) -> 0 | I46: =SUBTOTAL(9,$C10:I10) -> 0 | J46: =SUBTOTAL(9,$C10:J10) -> 0 | ... S46: =SUBTOTAL(9,$C10:S10) -> 0 | T46: =SUBTOTAL(9,$T10:T10) -> 0 | U46: =SUBTOTAL(9,$T10:U10) -> 0 | V46: =SUBTOTAL(9,$T10:V10) -> 0 | W46: =SUBTOTAL(9,$T10:W10) -> 0 | X46: =SUBTOTAL(9,$T10:X10) -> 0 | Y46: =SUBTOTAL(9,$T10:Y10) -> 0 | Z46: =SUBTOTAL(9,$T10:Z10) -> 0 | AA46: =SUBTOTAL(9,$T10:AA10) -> 0 | ... AJ46: =SUBTOTAL(9,$T10:AJ10) -> 0
A47: A062 | B47: Anaconda Campbelltown | C47: =SUBTOTAL(9,$C11:C11) -> 0 | D47: =SUBTOTAL(9,$C11:D11) -> 0 | E47: =SUBTOTAL(9,$C11:E11) -> 0 | F47: =SUBTOTAL(9,$C11:F11) -> 0 | G47: =SUBTOTAL(9,$C11:G11) -> 0 | H47: =SUBTOTAL(9,$C11:H11) -> 0 | I47: =SUBTOTAL(9,$C11:I11) -> 0 | J47: =SUBTOTAL(9,$C11:J11) -> 0 | ... S47: =SUBTOTAL(9,$C11:S11) -> 0 | T47: =SUBTOTAL(9,$T11:T11) -> 0 | U47: =SUBTOTAL(9,$T11:U11) -> 0 | V47: =SUBTOTAL(9,$T11:V11) -> 0 | W47: =SUBTOTAL(9,$T11:W11) -> 0 | X47: =SUBTOTAL(9,$T11:X11) -> 0 | Y47: =SUBTOTAL(9,$T11:Y11) -> 0 | Z47: =SUBTOTAL(9,$T11:Z11) -> 0 | AA47: =SUBTOTAL(9,$T11:AA11) -> 0 | ... AJ47: =SUBTOTAL(9,$T11:AJ11) -> 0
A48: A006 | B48: Anaconda Chullora | C48: =SUBTOTAL(9,$C12:C12) -> 0 | D48: =SUBTOTAL(9,$C12:D12) -> 0 | E48: =SUBTOTAL(9,$C12:E12) -> 0 | F48: =SUBTOTAL(9,$C12:F12) -> 0 | G48: =SUBTOTAL(9,$C12:G12) -> 0 | H48: =SUBTOTAL(9,$C12:H12) -> 0 | I48: =SUBTOTAL(9,$C12:I12) -> 0 | J48: =SUBTOTAL(9,$C12:J12) -> 0 | ... S48: =SUBTOTAL(9,$C12:S12) -> 0 | T48: =SUBTOTAL(9,$T12:T12) -> 0 | U48: =SUBTOTAL(9,$T12:U12) -> 0 | V48: =SUBTOTAL(9,$T12:V12) -> 0 | W48: =SUBTOTAL(9,$T12:W12) -> 0 | X48: =SUBTOTAL(9,$T12:X12) -> 0 | Y48: =SUBTOTAL(9,$T12:Y12) -> 0 | Z48: =SUBTOTAL(9,$T12:Z12) -> 0 | AA48: =SUBTOTAL(9,$T12:AA12) -> 0 | ... AJ48: =SUBTOTAL(9,$T12:AJ12) -> 0
A49: A052 | B49: Anaconda Epping | C49: =SUBTOTAL(9,$C13:C13) -> 0 | D49: =SUBTOTAL(9,$C13:D13) -> 0 | E49: =SUBTOTAL(9,$C13:E13) -> 0 | F49: =SUBTOTAL(9,$C13:F13) -> 0 | G49: =SUBTOTAL(9,$C13:G13) -> 2 | H49: =SUBTOTAL(9,$C13:H13) -> 2 | I49: =SUBTOTAL(9,$C13:I13) -> 4 | J49: =SUBTOTAL(9,$C13:J13) -> 4 | ... S49: =SUBTOTAL(9,$C13:S13) -> 5 | T49: =SUBTOTAL(9,$T13:T13) -> 0 | U49: =SUBTOTAL(9,$T13:U13) -> 0 | V49: =SUBTOTAL(9,$T13:V13) -> 0 | W49: =SUBTOTAL(9,$T13:W13) -> 0 | X49: =SUBTOTAL(9,$T13:X13) -> 0 | Y49: =SUBTOTAL(9,$T13:Y13) -> 0 | Z49: =SUBTOTAL(9,$T13:Z13) -> 1 | AA49: =SUBTOTAL(9,$T13:AA13) -> 1 | ... AJ49: =SUBTOTAL(9,$T13:AJ13) -> 2
A50: A004 | B50: Anaconda Everton Park | C50: =SUBTOTAL(9,$C14:C14) -> 0 | D50: =SUBTOTAL(9,$C14:D14) -> 0 | E50: =SUBTOTAL(9,$C14:E14) -> 0 | F50: =SUBTOTAL(9,$C14:F14) -> 0 | G50: =SUBTOTAL(9,$C14:G14) -> 0 | H50: =SUBTOTAL(9,$C14:H14) -> 0 | I50: =SUBTOTAL(9,$C14:I14) -> 0 | J50: =SUBTOTAL(9,$C14:J14) -> 0 | ... S50: =SUBTOTAL(9,$C14:S14) -> 0 | T50: =SUBTOTAL(9,$T14:T14) -> 0 | U50: =SUBTOTAL(9,$T14:U14) -> 0 | V50: =SUBTOTAL(9,$T14:V14) -> 0 | W50: =SUBTOTAL(9,$T14:W14) -> 0 | X50: =SUBTOTAL(9,$T14:X14) -> 0 | Y50: =SUBTOTAL(9,$T14:Y14) -> 0 | Z50: =SUBTOTAL(9,$T14:Z14) -> 1 | AA50: =SUBTOTAL(9,$T14:AA14) -> 1 | ... AJ50: =SUBTOTAL(9,$T14:AJ14) -> 1
... A71: A040 | B71: Anaconda Watergardens | C71: =SUBTOTAL(9,$C35:C35) -> 0 | D71: =SUBTOTAL(9,$C35:D35) -> 0 | E71: =SUBTOTAL(9,$C35:E35) -> 0 | F71: =SUBTOTAL(9,$C35:F35) -> 0 | G71: =SUBTOTAL(9,$C35:G35) -> 1 | H71: =SUBTOTAL(9,$C35:H35) -> 2 | I71: =SUBTOTAL(9,$C35:I35) -> 4 | J71: =SUBTOTAL(9,$C35:J35) -> 4 | ... S71: =SUBTOTAL(9,$C35:S35) -> 4 | T71: =SUBTOTAL(9,$T35:T35) -> 0 | U71: =SUBTOTAL(9,$T35:U35) -> 1 | V71: =SUBTOTAL(9,$T35:V35) -> 1 | W71: =SUBTOTAL(9,$T35:W35) -> 1 | X71: =SUBTOTAL(9,$T35:X35) -> 2 | Y71: =SUBTOTAL(9,$T35:Y35) -> 3 | Z71: =SUBTOTAL(9,$T35:Z35) -> 4 | AA71: =SUBTOTAL(9,$T35:AA35) -> 4 | ... AJ71: =SUBTOTAL(9,$T35:AJ35) -> 5

Sheet HS FEED
C1: FY24 | T1: FY25
A2: Store Name | B2: Store Description | C2: ="JUL, "&C1 -> JUL, FY24 | D2: ="AUG, "&C1 -> AUG, FY24 | E2: ="SEP, "&C1 -> SEP, FY24 | F2: ="Q1, "&C1 -> Q1, FY24 | G2: ="OCT, "&C1 -> OCT, FY24 | H2: ="NOV, "&C1 -> NOV, FY24 | I2: ="DEC, "&C1 -> DEC, FY24 | J2: ="Q2, "&C1 -> Q2, FY24 | K2: ="JAN, "&C1 -> JAN, FY24 | L2: ="FEB, "&C1 -> FEB, FY24 | M2: ="MAR, "&C1 -> MAR, FY24 | N2: ="Q3, "&C1 -> Q3, FY24 | O2: ="APR, "&C1 -> APR, FY24 | P2: ="MAY, "&C1 -> MAY, FY24 | Q2: ="JUN, "&C1 -> JUN, FY24 | R2: ="Q4, "&C1 -> Q4, FY24 | S2: ="Full Year, "&C1 -> Full Year, FY24 | T2: ="JUL, "&T1 -> JUL, FY25 | U2: ="AUG, "&T1 -> AUG, FY25 | V2: ="SEP, "&T1 -> SEP, FY25 | W2: ="Q1, "&T1 -> Q1, FY25 | X2: ="OCT, "&T1 -> OCT, FY25 | Y2: ="NOV, "&T1 -> NOV, FY25 | Z2: ="DEC, "&T1 -> DEC, FY25 | AA2: ="Q2, "&T1 -> Q2, FY25 | AB2: ="JAN, "&T1 -> JAN, FY25 | AC2: ="FEB, "&T1 -> FEB, FY25 | AD2: ="MAR, "&T1 -> MAR, FY25 | AE2: ="Q3, "&T1 -> Q3, FY25 | AF2: ="APR, "&T1 -> APR, FY25 | AG2: ="MAY, "&T1 -> MAY, FY25 | AH2: ="JUN, "&T1 -> JUN, FY25 | AI2: ="Q4, "&T1 -> Q4, FY25 | AJ2: ="Full Year, "&T1 -> Full Year, FY25
A3: HS2027 | B3: Harris Scarfe Airport West | C3: =COUNTIFS('Data Dump'!$P:$P,'HS FEED'!$A3,'Data Dump'!$S:$S,'HS FEED'!C$2) -> 3 | D3: =COUNTIFS('Data Dump'!$P:$P,'HS FEED'!$A3,'Data Dump'!$S:$S,'HS FEED'!D$2) -> 0 | E3: =COUNTIFS('Data Dump'!$P:$P,'HS FEED'!$A3,'Data Dump'!$S:$S,'HS FEED'!E$2) -> 4 | F3: =SUBTOTAL(9,C3:E3) -> 7 | G3: =COUNTIFS('Data Dump'!$P:$P,'HS FEED'!$A3,'Data Dump'!$S:$S,'HS FEED'!G$2) -> 0 | H3: =COUNTIFS('Data Dump'!$P:$P,'HS FEED'!$A3,'Data Dump'!$S:$S,'HS FEED'!H$2) -> 2 | I3: =COUNTIFS('Data Dump'!$P:$P,'HS FEED'!$A3,'Data Dump'!$S:$S,'HS FEED'!I$2) -> 1 | J3: =SUBTOTAL(9,G3:I3) -> 3 | K3: =COUNTIFS('Data Dump'!$P:$P,'HS FEED'!$A3,'Data Dump'!$S:$S,'HS FEED'!K$2) -> 0 | L3: =COUNTIFS('Data Dump'!$P:$P,'HS FEED'!$A3,'Data Dump'!$S:$S,'HS FEED'!L$2) -> 0 | M3: =COUNTIFS('Data Dump'!$P:$P,'HS FEED'!$A3,'Data Dump'!$S:$S,'HS FEED'!M$2) -> 1 | N3: =SUBTOTAL(9,K3:M3) -> 1 | O3: =COUNTIFS('Data Dump'!$P:$P,'HS FEED'!$A3,'Data Dump'!$S:$S,'HS FEED'!O$2) -> 1 | P3: =COUNTIFS('Data Dump'!$P:$P,'HS FEED'!$A3,'Data Dump'!$S:$S,'HS FEED'!P$2) -> 0 | Q3: =COUNTIFS('Data Dump'!$P:$P,'HS FEED'!$A3,'Data Dump'!$S:$S,'HS FEED'!Q$2) -> 0 | R3: =SUBTOTAL(9,O3:Q3) -> 1 | S3: =SUBTOTAL(9,C3:R3) -> 12 | T3: =COUNTIFS('Data Dump'!$P:$P,'HS FEED'!$A3,'Data Dump'!$S:$S,'HS FEED'!T$2) -> 0 | U3: =COUNTIFS('Data Dump'!$P:$P,'HS FEED'!$A3,'Data Dump'!$S:$S,'HS FEED'!U$2) -> 0 | V3: =COUNTIFS('Data Dump'!$P:$P,'HS FEED'!$A3,'Data Dump'!$S:$S,'HS FEED'!V$2) -> 2 | W3: =SUBTOTAL(9,T3:V3) -> 2 | X3: =COUNTIFS('Data Dump'!$P:$P,'HS FEED'!$A3,'Data Dump'!$S:$S,'HS FEED'!X$2) -> 0 | Y3: =COUNTIFS('Data Dump'!$P:$P,'HS FEED'!$A3,'Data Dump'!$S:$S,'HS FEED'!Y$2) -> 1 | Z3: =COUNTIFS('Data Dump'!$P:$P,'HS FEED'!$A3,'Data Dump'!$S:$S,'HS FEED'!Z$2) -> 0 | AA3: =SUBTOTAL(9,X3:Z3) -> 1 | AB3: =COUNTIFS('Data Dump'!$P:$P,'HS FEED'!$A3,'Data Dump'!$S:$S,'HS FEED'!AB$2) -> 0 | AC3: =COUNTIFS('Data Dump'!$P:$P,'HS FEED'!$A3,'Data Dump'!$S:$S,'HS FEED'!AC$2) -> 0 | AD3: =COUNTIFS('Data Dump'!$P:$P,'HS FEED'!$A3,'Data Dump'!$S:$S,'HS FEED'!AD$2) -> 1 | AE3: =SUBTOTAL(9,AB3:AD3) -> 1 | AF3: =COUNTIFS('Data Dump'!$P:$P,'HS FEED'!$A3,'Data Dump'!$S:$S,'HS FEED'!AF$2) -> 0 | AG3: =COUNTIFS('Data Dump'!$P:$P,'HS FEED'!$A3,'Data Dump'!$S:$S,'HS FEED'!AG$2) -> 1 | AH3: =COUNTIFS('Data Dump'!$P:$P,'HS FEED'!$A3,'Data Dump'!$S:$S,'HS FEED'!AH$2) -> 0 | AI3: =SUBTOTAL(9,AF3:AH3) -> 1 | AJ3: =SUBTOTAL(9,T3:AI3) -> 5
A4: HS1004 | B4: Harris Scarfe Arndale | C4: =COUNTIFS('Data Dump'!$P:$P,'HS FEED'!$A4,'Data Dump'!$S:$S,'HS FEED'!C$2) -> 0 | D4: =COUNTIFS('Data Dump'!$P:$P,'HS FEED'!$A4,'Data Dump'!$S:$S,'HS FEED'!D$2) -> 0 | E4: =COUNTIFS('Data Dump'!$P:$P,'HS FEED'!$A4,'Data Dump'!$S:$S,'HS FEED'!E$2) -> 0 | F4: =SUBTOTAL(9,C4:E4) -> 0 | G4: =COUNTIFS('Data Dump'!$P:$P,'HS FEED'!$A4,'Data Dump'!$S:$S,'HS FEED'!G$2) -> 0 | H4: =COUNTIFS('Data Dump'!$P:$P,'HS FEED'!$A4,'Data Dump'!$S:$S,'HS FEED'!H$2) -> 0 | I4: =COUNTIFS('Data Dump'!$P:$P,'HS FEED'!$A4,'Data Dump'!$S:$S,'HS FEED'!I$2) -> 0 | J4: =SUBTOTAL(9,G4:I4) -> 0 | K4: =COUNTIFS('Data Dump'!$P:$P,'HS FEED'!$A4,'Data Dump'!$S:$S,'HS FEED'!K$2) -> 0 | L4: =COUNTIFS('Data Dump'!$P:$P,'HS FEED'!$A4,'Data Dump'!$S:$S,'HS FEED'!L$2) -> 0 | M4: =COUNTIFS('Data Dump'!$P:$P,'HS FEED'!$A4,'Data Dump'!$S:$S,'HS FEED'!M$2) -> 0 | N4: =SUBTOTAL(9,K4:M4) -> 0 | O4: =COUNTIFS('Data Dump'!$P:$P,'HS FEED'!$A4,'Data Dump'!$S:$S,'HS FEED'!O$2) -> 0 | P4: =COUNTIFS('Data Dump'!$P:$P,'HS FEED'!$A4,'Data Dump'!$S:$S,'HS FEED'!P$2) -> 0 | Q4: =COUNTIFS('Data Dump'!$P:$P,'HS FEED'!$A4,'Data Dump'!$S:$S,'HS FEED'!Q$2) -> 0 | R4: =SUBTOTAL(9,O4:Q4) -> 0 | S4: =SUBTOTAL(9,C4:R4) -> 0 | T4: =COUNTIFS('Data Dump'!$P:$P,'HS FEED'!$A4,'Data Dump'!$S:$S,'HS FEED'!T$2) -> 0 | U4: =COUNTIFS('Data Dump'!$P:$P,'HS FEED'!$A4,'Data Dump'!$S:$S,'HS FEED'!U$2) -> 0 | V4: =COUNTIFS('Data Dump'!$P:$P,'HS FEED'!$A4,'Data Dump'!$S:$S,'HS FEED'!V$2) -> 0 | W4: =SUBTOTAL(9,T4:V4) -> 0 | X4: =COUNTIFS('Data Dump'!$P:$P,'HS FEED'!$A4,'Data Dump'!$S:$S,'HS FEED'!X$2) -> 0 | Y4: =COUNTIFS('Data Dump'!$P:$P,'HS FEED'!$A4,'Data Dump'!$S:$S,'HS FEED'!Y$2) -> 0 | Z4: =COUNTIFS('Data Dump'!$P:$P,'HS FEED'!$A4,'Data Dump'!$S:$S,'HS FEED'!Z$2) -> 0 | AA4: =SUBTOTAL(9,X4:Z4) -> 0 | AB4: =COUNTIFS('Data Dump'!$P:$P,'HS FEED'!$A4,'Data Dump'!$S:$S,'HS FEED'!AB$2) -> 0 | AC4: =COUNTIFS('Data Dump'!$P:$P,'HS FEED'!$A4,'Data Dump'!$S:$S,'HS FEED'!AC$2) -> 0 | AD4: =COUNTIFS('Data Dump'!$P:$P,'HS FEED'!$A4,'Data Dump'!$S:$S,'HS FEED'!AD$2) -> 0 | AE4: =SUBTOTAL(9,AB4:AD4) -> 0 | AF4: =COUNTIFS('Data Dump'!$P:$P,'HS FEED'!$A4,'Data Dump'!$S:$S,'HS FEED'!AF$2) -> 0 | AG4: =COUNTIFS('Data Dump'!$P:$P,'HS FEED'!$A4,'Data Dump'!$S:$S,'HS FEED'!AG$2) -> 0 | AH4: =COUNTIFS('Data Dump'!$P:$P,'HS FEED'!$A4,'Data Dump'!$S:$S,'HS FEED'!AH$2) -> 0 | AI4: =SUBTOTAL(9,AF4:AH4) -> 0 | AJ4: =SUBTOTAL(9,T4:AI4) -> 0
A5: HS2059 | B5: Harris Scarfe Bairnsdale | C5: =COUNTIFS('Data Dump'!$P:$P,'HS FEED'!$A5,'Data Dump'!$S:$S,'HS FEED'!C$2) -> 0 | D5: =COUNTIFS('Data Dump'!$P:$P,'HS FEED'!$A5,'Data Dump'!$S:$S,'HS FEED'!D$2) -> 0 | E5: =COUNTIFS('Data Dump'!$P:$P,'HS FEED'!$A5,'Data Dump'!$S:$S,'HS FEED'!E$2) -> 0 | F5: =SUBTOTAL(9,C5:E5) -> 0 | G5: =COUNTIFS('Data Dump'!$P:$P,'HS FEED'!$A5,'Data Dump'!$S:$S,'HS FEED'!G$2) -> 0 | H5: =COUNTIFS('Data Dump'!$P:$P,'HS FEED'!$A5,'Data Dump'!$S:$S,'HS FEED'!H$2) -> 1 | I5: =COUNTIFS('Data Dump'!$P:$P,'HS FEED'!$A5,'Data Dump'!$S:$S,'HS FEED'!I$2) -> 0 | J5: =SUBTOTAL(9,G5:I5) -> 1 | K5: =COUNTIFS('Data Dump'!$P:$P,'HS FEED'!$A5,'Data Dump'!$S:$S,'HS FEED'!K$2) -> 0 | L5: =COUNTIFS('Data Dump'!$P:$P,'HS FEED'!$A5,'Data Dump'!$S:$S,'HS FEED'!L$2) -> 0 | M5: =COUNTIFS('Data Dump'!$P:$P,'HS FEED'!$A5,'Data Dump'!$S:$S,'HS FEED'!M$2) -> 0 | N5: =SUBTOTAL(9,K5:M5) -> 0 | O5: =COUNTIFS('Data Dump'!$P:$P,'HS FEED'!$A5,'Data Dump'!$S:$S,'HS FEED'!O$2) -> 0 | P5: =COUNTIFS('Data Dump'!$P:$P,'HS FEED'!$A5,'Data Dump'!$S:$S,'HS FEED'!P$2) -> 0 | Q5: =COUNTIFS('Data Dump'!$P:$P,'HS FEED'!$A5,'Data Dump'!$S:$S,'HS FEED'!Q$2) -> 0 | R5: =SUBTOTAL(9,O5:Q5) -> 0 | S5: =SUBTOTAL(9,C5:R5) -> 1 | T5: =COUNTIFS('Data Dump'!$P:$P,'HS FEED'!$A5,'Data Dump'!$S:$S,'HS FEED'!T$2) -> 0 | U5: =COUNTIFS('Data Dump'!$P:$P,'HS FEED'!$A5,'Data Dump'!$S:$S,'HS FEED'!U$2) -> 0 | V5: =COUNTIFS('Data Dump'!$P:$P,'HS FEED'!$A5,'Data Dump'!$S:$S,'HS FEED'!V$2) -> 0 | W5: =SUBTOTAL(9,T5:V5) -> 0 | X5: =COUNTIFS('Data Dump'!$P:$P,'HS FEED'!$A5,'Data Dump'!$S:$S,'HS FEED'!X$2) -> 0 | Y5: =COUNTIFS('Data Dump'!$P:$P,'HS FEED'!$A5,'Data Dump'!$S:$S,'HS FEED'!Y$2) -> 0 | Z5: =COUNTIFS('Data Dump'!$P:$P,'HS FEED'!$A5,'Data Dump'!$S:$S,'HS FEED'!Z$2) -> 0 | AA5: =SUBTOTAL(9,X5:Z5) -> 0 | AB5: =COUNTIFS('Data Dump'!$P:$P,'HS FEED'!$A5,'Data Dump'!$S:$S,'HS FEED'!AB$2) -> 0 | AC5: =COUNTIFS('Data Dump'!$P:$P,'HS FEED'!$A5,'Data Dump'!$S:$S,'HS FEED'!AC$2) -> 0 | AD5: =COUNTIFS('Data Dump'!$P:$P,'HS FEED'!$A5,'Data Dump'!$S:$S,'HS FEED'!AD$2) -> 0 | AE5: =SUBTOTAL(9,AB5:AD5) -> 0 | AF5: =COUNTIFS('Data Dump'!$P:$P,'HS FEED'!$A5,'Data Dump'!$S:$S,'HS FEED'!AF$2) -> 0 | AG5: =COUNTIFS('Data Dump'!$P:$P,'HS FEED'!$A5,'Data Dump'!$S:$S,'HS FEED'!AG$2) -> 0 | AH5: =COUNTIFS('Data Dump'!$P:$P,'HS FEED'!$A5,'Data Dump'!$S:$S,'HS FEED'!AH$2) -> 0 | AI5: =SUBTOTAL(9,AF5:AH5) -> 0 | AJ5: =SUBTOTAL(9,T5:AI5) -> 0
A6: HS2019 | B6: Harris Scarfe Ballarat | C6: =COUNTIFS('Data Dump'!$P:$P,'HS FEED'!$A6,'Data Dump'!$S:$S,'HS FEED'!C$2) -> 0 | D6: =COUNTIFS('Data Dump'!$P:$P,'HS FEED'!$A6,'Data Dump'!$S:$S,'HS FEED'!D$2) -> 0 | E6: =COUNTIFS('Data Dump'!$P:$P,'HS FEED'!$A6,'Data Dump'!$S:$S,'HS FEED'!E$2) -> 0 | F6: =SUBTOTAL(9,C6:E6) -> 0 | G6: =COUNTIFS('Data Dump'!$P:$P,'HS FEED'!$A6,'Data Dump'!$S:$S,'HS FEED'!G$2) -> 0 | H6: =COUNTIFS('Data Dump'!$P:$P,'HS FEED'!$A6,'Data Dump'!$S:$S,'HS FEED'!H$2) -> 0 | I6: =COUNTIFS('Data Dump'!$P:$P,'HS FEED'!$A6,'Data Dump'!$S:$S,'HS FEED'!I$2) -> 0 | J6: =SUBTOTAL(9,G6:I6) -> 0 | K6: =COUNTIFS('Data Dump'!$P:$P,'HS FEED'!$A6,'Data Dump'!$S:$S,'HS FEED'!K$2) -> 0 | L6: =COUNTIFS('Data Dump'!$P:$P,'HS FEED'!$A6,'Data Dump'!$S:$S,'HS FEED'!L$2) -> 0 | M6: =COUNTIFS('Data Dump'!$P:$P,'HS FEED'!$A6,'Data Dump'!$S:$S,'HS FEED'!M$2) -> 0 | N6: =SUBTOTAL(9,K6:M6) -> 0 | O6: =COUNTIFS('Data Dump'!$P:$P,'HS FEED'!$A6,'Data Dump'!$S:$S,'HS FEED'!O$2) -> 0 | P6: =COUNTIFS('Data Dump'!$P:$P,'HS FEED'!$A6,'Data Dump'!$S:$S,'HS FEED'!P$2) -> 0 | Q6: =COUNTIFS('Data Dump'!$P:$P,'HS FEED'!$A6,'Data Dump'!$S:$S,'HS FEED'!Q$2) -> 0 | R6: =SUBTOTAL(9,O6:Q6) -> 0 | S6: =SUBTOTAL(9,C6:R6) -> 0 | T6: =COUNTIFS('Data Dump'!$P:$P,'HS FEED'!$A6,'Data Dump'!$S:$S,'HS FEED'!T$2) -> 0 | U6: =COUNTIFS('Data Dump'!$P:$P,'HS FEED'!$A6,'Data Dump'!$S:$S,'HS FEED'!U$2) -> 0 | V6: =COUNTIFS('Data Dump'!$P:$P,'HS FEED'!$A6,'Data Dump'!$S:$S,'HS FEED'!V$2) -> 0 | W6: =SUBTOTAL(9,T6:V6) -> 0 | X6: =COUNTIFS('Data Dump'!$P:$P,'HS FEED'!$A6,'Data Dump'!$S:$S,'HS FEED'!X$2) -> 0 | Y6: =COUNTIFS('Data Dump'!$P:$P,'HS FEED'!$A6,'Data Dump'!$S:$S,'HS FEED'!Y$2) -> 0 | Z6: =COUNTIFS('Data Dump'!$P:$P,'HS FEED'!$A6,'Data Dump'!$S:$S,'HS FEED'!Z$2) -> 0 | AA6: =SUBTOTAL(9,X6:Z6) -> 0 | AB6: =COUNTIFS('Data Dump'!$P:$P,'HS FEED'!$A6,'Data Dump'!$S:$S,'HS FEED'!AB$2) -> 0 | AC6: =COUNTIFS('Data Dump'!$P:$P,'HS FEED'!$A6,'Data Dump'!$S:$S,'HS FEED'!AC$2) -> 0 | AD6: =COUNTIFS('Data Dump'!$P:$P,'HS FEED'!$A6,'Data Dump'!$S:$S,'HS FEED'!AD$2) -> 0 | AE6: =SUBTOTAL(9,AB6:AD6) -> 0 | AF6: =COUNTIFS('Data Dump'!$P:$P,'HS FEED'!$A6,'Data Dump'!$S:$S,'HS FEED'!AF$2) -> 0 | AG6: =COUNTIFS('Data Dump'!$P:$P,'HS FEED'!$A6,'Data Dump'!$S:$S,'HS FEED'!AG$2) -> 0 | AH6: =COUNTIFS('Data Dump'!$P:$P,'HS FEED'!$A6,'Data Dump'!$S:$S,'HS FEED'!AH$2) -> 0 | AI6: =SUBTOTAL(9,AF6:AH6) -> 0 | AJ6: =SUBTOTAL(9,T6:AI6) -> 0
A7: HS5054 | B7: Harris Scarfe Blacktown | C7: =COUNTIFS('Data Dump'!$P:$P,'HS FEED'!$A7,'Data Dump'!$S:$S,'HS FEED'!C$2) -> 0 | D7: =COUNTIFS('Data Dump'!$P:$P,'HS FEED'!$A7,'Data Dump'!$S:$S,'HS FEED'!D$2) -> 0 | E7: =COUNTIFS('Data Dump'!$P:$P,'HS FEED'!$A7,'Data Dump'!$S:$S,'HS FEED'!E$2) -> 1 | F7: =SUBTOTAL(9,C7:E7) -> 1 | G7: =COUNTIFS('Data Dump'!$P:$P,'HS FEED'!$A7,'Data Dump'!$S:$S,'HS FEED'!G$2) -> 0 | H7: =COUNTIFS('Data Dump'!$P:$P,'HS FEED'!$A7,'Data Dump'!$S:$S,'HS FEED'!H$2) -> 0 | I7: =COUNTIFS('Data Dump'!$P:$P,'HS FEED'!$A7,'Data Dump'!$S:$S,'HS FEED'!I$2) -> 0 | J7: =SUBTOTAL(9,G7:I7) -> 0 | K7: =COUNTIFS('Data Dump'!$P:$P,'HS FEED'!$A7,'Data Dump'!$S:$S,'HS FEED'!K$2) -> 0 | L7: =COUNTIFS('Data Dump'!$P:$P,'HS FEED'!$A7,'Data Dump'!$S:$S,'HS FEED'!L$2) -> 0 | M7: =COUNTIFS('Data Dump'!$P:$P,'HS FEED'!$A7,'Data Dump'!$S:$S,'HS FEED'!M$2) -> 0 | N7: =SUBTOTAL(9,K7:M7) -> 0 | O7: =COUNTIFS('Data Dump'!$P:$P,'HS FEED'!$A7,'Data Dump'!$S:$S,'HS FEED'!O$2) -> 0 | P7: =COUNTIFS('Data Dump'!$P:$P,'HS FEED'!$A7,'Data Dump'!$S:$S,'HS FEED'!P$2) -> 0 | Q7: =COUNTIFS('Data Dump'!$P:$P,'HS FEED'!$A7,'Data Dump'!$S:$S,'HS FEED'!Q$2) -> 0 | R7: =SUBTOTAL(9,O7:Q7) -> 0 | S7: =SUBTOTAL(9,C7:R7) -> 1 | T7: =COUNTIFS('Data Dump'!$P:$P,'HS FEED'!$A7,'Data Dump'!$S:$S,'HS FEED'!T$2) -> 0 | U7: =COUNTIFS('Data Dump'!$P:$P,'HS FEED'!$A7,'Data Dump'!$S:$S,'HS FEED'!U$2) -> 0 | V7: =COUNTIFS('Data Dump'!$P:$P,'HS FEED'!$A7,'Data Dump'!$S:$S,'HS FEED'!V$2) -> 0 | W7: =SUBTOTAL(9,T7:V7) -> 0 | X7: =COUNTIFS('Data Dump'!$P:$P,'HS FEED'!$A7,'Data Dump'!$S:$S,'HS FEED'!X$2) -> 0 | Y7: =COUNTIFS('Data Dump'!$P:$P,'HS FEED'!$A7,'Data Dump'!$S:$S,'HS FEED'!Y$2) -> 0 | Z7: =COUNTIFS('Data Dump'!$P:$P,'HS FEED'!$A7,'Data Dump'!$S:$S,'HS FEED'!Z$2) -> 0 | AA7: =SUBTOTAL(9,X7:Z7) -> 0 | AB7: =COUNTIFS('Data Dump'!$P:$P,'HS FEED'!$A7,'Data Dump'!$S:$S,'HS FEED'!AB$2) -> 0 | AC7: =COUNTIFS('Data Dump'!$P:$P,'HS FEED'!$A7,'Data Dump'!$S:$S,'HS FEED'!AC$2) -> 0 | AD7: =COUNTIFS('Data Dump'!$P:$P,'HS FEED'!$A7,'Data Dump'!$S:$S,'HS FEED'!AD$2) -> 0 | AE7: =SUBTOTAL(9,AB7:AD7) -> 0 | AF7: =COUNTIFS('Data Dump'!$P:$P,'HS FEED'!$A7,'Data Dump'!$S:$S,'HS FEED'!AF$2) -> 0 | AG7: =COUNTIFS('Data Dump'!$P:$P,'HS FEED'!$A7,'Data Dump'!$S:$S,'HS FEED'!AG$2) -> 0 | AH7: =COUNTIFS('Data Dump'!$P:$P,'HS FEED'!$A7,'Data Dump'!$S:$S,'HS FEED'!AH$2) -> 0 | AI7: =SUBTOTAL(9,AF7:AH7) -> 0 | AJ7: =SUBTOTAL(9,T7:AI7) -> 0
A8: HS2042 | B8: Harris Scarfe Carnegie | C8: =COUNTIFS('Data Dump'!$P:$P,'HS FEED'!$A8,'Data Dump'!$S:$S,'HS FEED'!C$2) -> 0 | D8: =COUNTIFS('Data Dump'!$P:$P,'HS FEED'!$A8,'Data Dump'!$S:$S,'HS FEED'!D$2) -> 0 | E8: =COUNTIFS('Data Dump'!$P:$P,'HS FEED'!$A8,'Data Dump'!$S:$S,'HS FEED'!E$2) -> 0 | F8: =SUBTOTAL(9,C8:E8) -> 0 | G8: =COUNTIFS('Data Dump'!$P:$P,'HS FEED'!$A8,'Data Dump'!$S:$S,'HS FEED'!G$2) -> 0 | H8: =COUNTIFS('Data Dump'!$P:$P,'HS FEED'!$A8,'Data Dump'!$S:$S,'HS FEED'!H$2) -> 0 | I8: =COUNTIFS('Data Dump'!$P:$P,'HS FEED'!$A8,'Data Dump'!$S:$S,'HS FEED'!I$2) -> 0 | J8: =SUBTOTAL(9,G8:I8) -> 0 | K8: =COUNTIFS('Data Dump'!$P:$P,'HS FEED'!$A8,'Data Dump'!$S:$S,'HS FEED'!K$2) -> 0 | L8: =COUNTIFS('Data Dump'!$P:$P,'HS FEED'!$A8,'Data Dump'!$S:$S,'HS FEED'!L$2) -> 0 | M8: =COUNTIFS('Data Dump'!$P:$P,'HS FEED'!$A8,'Data Dump'!$S:$S,'HS FEED'!M$2) -> 0 | N8: =SUBTOTAL(9,K8:M8) -> 0 | O8: =COUNTIFS('Data Dump'!$P:$P,'HS FEED'!$A8,'Data Dump'!$S:$S,'HS FEED'!O$2) -> 0 | P8: =COUNTIFS('Data Dump'!$P:$P,'HS FEED'!$A8,'Data Dump'!$S:$S,'HS FEED'!P$2) -> 0 | Q8: =COUNTIFS('Data Dump'!$P:$P,'HS FEED'!$A8,'Data Dump'!$S:$S,'HS FEED'!Q$2) -> 0 | R8: =SUBTOTAL(9,O8:Q8) -> 0 | S8: =SUBTOTAL(9,C8:R8) -> 0 | T8: =COUNTIFS('Data Dump'!$P:$P,'HS FEED'!$A8,'Data Dump'!$S:$S,'HS FEED'!T$2) -> 0 | U8: =COUNTIFS('Data Dump'!$P:$P,'HS FEED'!$A8,'Data Dump'!$S:$S,'HS FEED'!U$2) -> 0 | V8: =COUNTIFS('Data Dump'!$P:$P,'HS FEED'!$A8,'Data Dump'!$S:$S,'HS FEED'!V$2) -> 0 | W8: =SUBTOTAL(9,T8:V8) -> 0 | X8: =COUNTIFS('Data Dump'!$P:$P,'HS FEED'!$A8,'Data Dump'!$S:$S,'HS FEED'!X$2) -> 0 | Y8: =COUNTIFS('Data Dump'!$P:$P,'HS FEED'!$A8,'Data Dump'!$S:$S,'HS FEED'!Y$2) -> 0 | Z8: =COUNTIFS('Data Dump'!$P:$P,'HS FEED'!$A8,'Data Dump'!$S:$S,'HS FEED'!Z$2) -> 0 | AA8: =SUBTOTAL(9,X8:Z8) -> 0 | AB8: =COUNTIFS('Data Dump'!$P:$P,'HS FEED'!$A8,'Data Dump'!$S:$S,'HS FEED'!AB$2) -> 0 | AC8: =COUNTIFS('Data Dump'!$P:$P,'HS FEED'!$A8,'Data Dump'!$S:$S,'HS FEED'!AC$2) -> 0 | AD8: =COUNTIFS('Data Dump'!$P:$P,'HS FEED'!$A8,'Data Dump'!$S:$S,'HS FEED'!AD$2) -> 1 | AE8: =SUBTOTAL(9,AB8:AD8) -> 1 | AF8: =COUNTIFS('Data Dump'!$P:$P,'HS FEED'!$A8,'Data Dump'!$S:$S,'HS FEED'!AF$2) -> 0 | AG8: =COUNTIFS('Data Dump'!$P:$P,'HS FEED'!$A8,'Data Dump'!$S:$S,'HS FEED'!AG$2) -> 0 | AH8: =COUNTIFS('Data Dump'!$P:$P,'HS FEED'!$A8,'Data Dump'!$S:$S,'HS FEED'!AH$2) -> 0 | AI8: =SUBTOTAL(9,AF8:AH8) -> 0 | AJ8: =SUBTOTAL(9,T8:AI8) -> 1
A9: HS2054 | B9: Harris Scarfe Chirnside Park | C9: =COUNTIFS('Data Dump'!$P:$P,'HS FEED'!$A9,'Data Dump'!$S:$S,'HS FEED'!C$2) -> 0 | D9: =COUNTIFS('Data Dump'!$P:$P,'HS FEED'!$A9,'Data Dump'!$S:$S,'HS FEED'!D$2) -> 0 | E9: =COUNTIFS('Data Dump'!$P:$P,'HS FEED'!$A9,'Data Dump'!$S:$S,'HS FEED'!E$2) -> 0 | F9: =SUBTOTAL(9,C9:E9) -> 0 | G9: =COUNTIFS('Data Dump'!$P:$P,'HS FEED'!$A9,'Data Dump'!$S:$S,'HS FEED'!G$2) -> 0 | H9: =COUNTIFS('Data Dump'!$P:$P,'HS FEED'!$A9,'Data Dump'!$S:$S,'HS FEED'!H$2) -> 0 | I9: =COUNTIFS('Data Dump'!$P:$P,'HS FEED'!$A9,'Data Dump'!$S:$S,'HS FEED'!I$2) -> 1 | J9: =SUBTOTAL(9,G9:I9) -> 1 | K9: =COUNTIFS('Data Dump'!$P:$P,'HS FEED'!$A9,'Data Dump'!$S:$S,'HS FEED'!K$2) -> 0 | L9: =COUNTIFS('Data Dump'!$P:$P,'HS FEED'!$A9,'Data Dump'!$S:$S,'HS FEED'!L$2) -> 0 | M9: =COUNTIFS('Data Dump'!$P:$P,'HS FEED'!$A9,'Data Dump'!$S:$S,'HS FEED'!M$2) -> 0 | N9: =SUBTOTAL(9,K9:M9) -> 0 | O9: =COUNTIFS('Data Dump'!$P:$P,'HS FEED'!$A9,'Data Dump'!$S:$S,'HS FEED'!O$2) -> 0 | P9: =COUNTIFS('Data Dump'!$P:$P,'HS FEED'!$A9,'Data Dump'!$S:$S,'HS FEED'!P$2) -> 0 | Q9: =COUNTIFS('Data Dump'!$P:$P,'HS FEED'!$A9,'Data Dump'!$S:$S,'HS FEED'!Q$2) -> 1 | R9: =SUBTOTAL(9,O9:Q9) -> 1 | S9: =SUBTOTAL(9,C9:R9) -> 2 | T9: =COUNTIFS('Data Dump'!$P:$P,'HS FEED'!$A9,'Data Dump'!$S:$S,'HS FEED'!T$2) -> 0 | U9: =COUNTIFS('Data Dump'!$P:$P,'HS FEED'!$A9,'Data Dump'!$S:$S,'HS FEED'!U$2) -> 0 | V9: =COUNTIFS('Data Dump'!$P:$P,'HS FEED'!$A9,'Data Dump'!$S:$S,'HS FEED'!V$2) -> 0 | W9: =SUBTOTAL(9,T9:V9) -> 0 | X9: =COUNTIFS('Data Dump'!$P:$P,'HS FEED'!$A9,'Data Dump'!$S:$S,'HS FEED'!X$2) -> 0 | Y9: =COUNTIFS('Data Dump'!$P:$P,'HS FEED'!$A9,'Data Dump'!$S:$S,'HS FEED'!Y$2) -> 0 | Z9: =COUNTIFS('Data Dump'!$P:$P,'HS FEED'!$A9,'Data Dump'!$S:$S,'HS FEED'!Z$2) -> 0 | AA9: =SUBTOTAL(9,X9:Z9) -> 0 | AB9: =COUNTIFS('Data Dump'!$P:$P,'HS FEED'!$A9,'Data Dump'!$S:$S,'HS FEED'!AB$2) -> 0 | AC9: =COUNTIFS('Data Dump'!$P:$P,'HS FEED'!$A9,'Data Dump'!$S:$S,'HS FEED'!AC$2) -> 0 | AD9: =COUNTIFS('Data Dump'!$P:$P,'HS FEED'!$A9,'Data Dump'!$S:$S,'HS FEED'!AD$2) -> 0 | AE9: =SUBTOTAL(9,AB9:AD9) -> 0 | AF9: =COUNTIFS('Data Dump'!$P:$P,'HS FEED'!$A9,'Data Dump'!$S:$S,'HS FEED'!AF$2) -> 0 | AG9: =COUNTIFS('Data Dump'!$P:$P,'HS FEED'!$A9,'Data Dump'!$S:$S,'HS FEED'!AG$2) -> 0 | AH9: =COUNTIFS('Data Dump'!$P:$P,'HS FEED'!$A9,'Data Dump'!$S:$S,'HS FEED'!AH$2) -> 1 | AI9: =SUBTOTAL(9,AF9:AH9) -> 1 | AJ9: =SUBTOTAL(9,T9:AI9) -> 1
A10: HS2055 | B10: Harris Scarfe Craigieburn | C10: =COUNTIFS('Data Dump'!$P:$P,'HS FEED'!$A10,'Data Dump'!$S:$S,'HS FEED'!C$2) -> 0 | D10: =COUNTIFS('Data Dump'!$P:$P,'HS FEED'!$A10,'Data Dump'!$S:$S,'HS FEED'!D$2) -> 0 | E10: =COUNTIFS('Data Dump'!$P:$P,'HS FEED'!$A10,'Data Dump'!$S:$S,'HS FEED'!E$2) -> 0 | F10: =SUBTOTAL(9,C10:E10) -> 0 | G10: =COUNTIFS('Data Dump'!$P:$P,'HS FEED'!$A10,'Data Dump'!$S:$S,'HS FEED'!G$2) -> 0 | H10: =COUNTIFS('Data Dump'!$P:$P,'HS FEED'!$A10,'Data Dump'!$S:$S,'HS FEED'!H$2) -> 0 | I10: =COUNTIFS('Data Dump'!$P:$P,'HS FEED'!$A10,'Data Dump'!$S:$S,'HS FEED'!I$2) -> 0 | J10: =SUBTOTAL(9,G10:I10) -> 0 | K10: =COUNTIFS('Data Dump'!$P:$P,'HS FEED'!$A10,'Data Dump'!$S:$S,'HS FEED'!K$2) -> 0 | L10: =COUNTIFS('Data Dump'!$P:$P,'HS FEED'!$A10,'Data Dump'!$S:$S,'HS FEED'!L$2) -> 0 | M10: =COUNTIFS('Data Dump'!$P:$P,'HS FEED'!$A10,'Data Dump'!$S:$S,'HS FEED'!M$2) -> 0 | N10: =SUBTOTAL(9,K10:M10) -> 0 | O10: =COUNTIFS('Data Dump'!$P:$P,'HS FEED'!$A10,'Data Dump'!$S:$S,'HS FEED'!O$2) -> 0 | P10: =COUNTIFS('Data Dump'!$P:$P,'HS FEED'!$A10,'Data Dump'!$S:$S,'HS FEED'!P$2) -> 0 | Q10: =COUNTIFS('Data Dump'!$P:$P,'HS FEED'!$A10,'Data Dump'!$S:$S,'HS FEED'!Q$2) -> 0 | R10: =SUBTOTAL(9,O10:Q10) -> 0 | S10: =SUBTOTAL(9,C10:R10) -> 0 | T10: =COUNTIFS('Data Dump'!$P:$P,'HS FEED'!$A10,'Data Dump'!$S:$S,'HS FEED'!T$2) -> 0 | U10: =COUNTIFS('Data Dump'!$P:$P,'HS FEED'!$A10,'Data Dump'!$S:$S,'HS FEED'!U$2) -> 0 | V10: =COUNTIFS('Data Dump'!$P:$P,'HS FEED'!$A10,'Data Dump'!$S:$S,'HS FEED'!V$2) -> 0 | W10: =SUBTOTAL(9,T10:V10) -> 0 | X10: =COUNTIFS('Data Dump'!$P:$P,'HS FEED'!$A10,'Data Dump'!$S:$S,'HS FEED'!X$2) -> 0 | Y10: =COUNTIFS('Data Dump'!$P:$P,'HS FEED'!$A10,'Data Dump'!$S:$S,'HS FEED'!Y$2) -> 0 | Z10: =COUNTIFS('Data Dump'!$P:$P,'HS FEED'!$A10,'Data Dump'!$S:$S,'HS FEED'!Z$2) -> 0 | AA10: =SUBTOTAL(9,X10:Z10) -> 0 | AB10: =COUNTIFS('Data Dump'!$P:$P,'HS FEED'!$A10,'Data Dump'!$S:$S,'HS FEED'!AB$2) -> 0 | AC10: =COUNTIFS('Data Dump'!$P:$P,'HS FEED'!$A10,'Data Dump'!$S:$S,'HS FEED'!AC$2) -> 0 | AD10: =COUNTIFS('Data Dump'!$P:$P,'HS FEED'!$A10,'Data Dump'!$S:$S,'HS FEED'!AD$2) -> 0 | AE10: =SUBTOTAL(9,AB10:AD10) -> 0 | AF10: =COUNTIFS('Data Dump'!$P:$P,'HS FEED'!$A10,'Data Dump'!$S:$S,'HS FEED'!AF$2) -> 0 | AG10: =COUNTIFS('Data Dump'!$P:$P,'HS FEED'!$A10,'Data Dump'!$S:$S,'HS FEED'!AG$2) -> 0 | AH10: =COUNTIFS('Data Dump'!$P:$P,'HS FEED'!$A10,'Data Dump'!$S:$S,'HS FEED'!AH$2) -> 0 | AI10: =SUBTOTAL(9,AF10:AH10) -> 0 | AJ10: =SUBTOTAL(9,T10:AI10) -> 0
A11: HS2028 | B11: Harris Scarfe Cranbourne Park | C11: =COUNTIFS('Data Dump'!$P:$P,'HS FEED'!$A11,'Data Dump'!$S:$S,'HS FEED'!C$2) -> 0 | D11: =COUNTIFS('Data Dump'!$P:$P,'HS FEED'!$A11,'Data Dump'!$S:$S,'HS FEED'!D$2) -> 0 | E11: =COUNTIFS('Data Dump'!$P:$P,'HS FEED'!$A11,'Data Dump'!$S:$S,'HS FEED'!E$2) -> 0 | F11: =SUBTOTAL(9,C11:E11) -> 0 | G11: =COUNTIFS('Data Dump'!$P:$P,'HS FEED'!$A11,'Data Dump'!$S:$S,'HS FEED'!G$2) -> 0 | H11: =COUNTIFS('Data Dump'!$P:$P,'HS FEED'!$A11,'Data Dump'!$S:$S,'HS FEED'!H$2) -> 0 | I11: =COUNTIFS('Data Dump'!$P:$P,'HS FEED'!$A11,'Data Dump'!$S:$S,'HS FEED'!I$2) -> 0 | J11: =SUBTOTAL(9,G11:I11) -> 0 | K11: =COUNTIFS('Data Dump'!$P:$P,'HS FEED'!$A11,'Data Dump'!$S:$S,'HS FEED'!K$2) -> 0 | L11: =COUNTIFS('Data Dump'!$P:$P,'HS FEED'!$A11,'Data Dump'!$S:$S,'HS FEED'!L$2) -> 0 | M11: =COUNTIFS('Data Dump'!$P:$P,'HS FEED'!$A11,'Data Dump'!$S:$S,'HS FEED'!M$2) -> 0 | N11: =SUBTOTAL(9,K11:M11) -> 0 | O11: =COUNTIFS('Data Dump'!$P:$P,'HS FEED'!$A11,'Data Dump'!$S:$S,'HS FEED'!O$2) -> 0 | P11: =COUNTIFS('Data Dump'!$P:$P,'HS FEED'!$A11,'Data Dump'!$S:$S,'HS FEED'!P$2) -> 0 | Q11: =COUNTIFS('Data Dump'!$P:$P,'HS FEED'!$A11,'Data Dump'!$S:$S,'HS FEED'!Q$2) -> 0 | R11: =SUBTOTAL(9,O11:Q11) -> 0 | S11: =SUBTOTAL(9,C11:R11) -> 0 | T11: =COUNTIFS('Data Dump'!$P:$P,'HS FEED'!$A11,'Data Dump'!$S:$S,'HS FEED'!T$2) -> 0 | U11: =COUNTIFS('Data Dump'!$P:$P,'HS FEED'!$A11,'Data Dump'!$S:$S,'HS FEED'!U$2) -> 0 | V11: =COUNTIFS('Data Dump'!$P:$P,'HS FEED'!$A11,'Data Dump'!$S:$S,'HS FEED'!V$2) -> 0 | W11: =SUBTOTAL(9,T11:V11) -> 0 | X11: =COUNTIFS('Data Dump'!$P:$P,'HS FEED'!$A11,'Data Dump'!$S:$S,'HS FEED'!X$2) -> 0 | Y11: =COUNTIFS('Data Dump'!$P:$P,'HS FEED'!$A11,'Data Dump'!$S:$S,'HS FEED'!Y$2) -> 0 | Z11: =COUNTIFS('Data Dump'!$P:$P,'HS FEED'!$A11,'Data Dump'!$S:$S,'HS FEED'!Z$2) -> 0 | AA11: =SUBTOTAL(9,X11:Z11) -> 0 | AB11: =COUNTIFS('Data Dump'!$P:$P,'HS FEED'!$A11,'Data Dump'!$S:$S,'HS FEED'!AB$2) -> 0 | AC11: =COUNTIFS('Data Dump'!$P:$P,'HS FEED'!$A11,'Data Dump'!$S:$S,'HS FEED'!AC$2) -> 0 | AD11: =COUNTIFS('Data Dump'!$P:$P,'HS FEED'!$A11,'Data Dump'!$S:$S,'HS FEED'!AD$2) -> 0 | AE11: =SUBTOTAL(9,AB11:AD11) -> 0 | AF11: =COUNTIFS('Data Dump'!$P:$P,'HS FEED'!$A11,'Data Dump'!$S:$S,'HS FEED'!AF$2) -> 0 | AG11: =COUNTIFS('Data Dump'!$P:$P,'HS FEED'!$A11,'Data Dump'!$S:$S,'HS FEED'!AG$2) -> 0 | AH11: =COUNTIFS('Data Dump'!$P:$P,'HS FEED'!$A11,'Data Dump'!$S:$S,'HS FEED'!AH$2) -> 0 | AI11: =SUBTOTAL(9,AF11:AH11) -> 0 | AJ11: =SUBTOTAL(9,T11:AI11) -> 0
A12: HS2057 | B12: Harris Scarfe DC | C12: =COUNTIFS('Data Dump'!$P:$P,'HS FEED'!$A12,'Data Dump'!$S:$S,'HS FEED'!C$2) -> 0 | D12: =COUNTIFS('Data Dump'!$P:$P,'HS FEED'!$A12,'Data Dump'!$S:$S,'HS FEED'!D$2) -> 0 | E12: =COUNTIFS('Data Dump'!$P:$P,'HS FEED'!$A12,'Data Dump'!$S:$S,'HS FEED'!E$2) -> 0 | F12: =SUBTOTAL(9,C12:E12) -> 0 | G12: =COUNTIFS('Data Dump'!$P:$P,'HS FEED'!$A12,'Data Dump'!$S:$S,'HS FEED'!G$2) -> 0 | H12: =COUNTIFS('Data Dump'!$P:$P,'HS FEED'!$A12,'Data Dump'!$S:$S,'HS FEED'!H$2) -> 0 | I12: =COUNTIFS('Data Dump'!$P:$P,'HS FEED'!$A12,'Data Dump'!$S:$S,'HS FEED'!I$2) -> 0 | J12: =SUBTOTAL(9,G12:I12) -> 0 | K12: =COUNTIFS('Data Dump'!$P:$P,'HS FEED'!$A12,'Data Dump'!$S:$S,'HS FEED'!K$2) -> 0 | L12: =COUNTIFS('Data Dump'!$P:$P,'HS FEED'!$A12,'Data Dump'!$S:$S,'HS FEED'!L$2) -> 0 | M12: =COUNTIFS('Data Dump'!$P:$P,'HS FEED'!$A12,'Data Dump'!$S:$S,'HS FEED'!M$2) -> 0 | N12: =SUBTOTAL(9,K12:M12) -> 0 | O12: =COUNTIFS('Data Dump'!$P:$P,'HS FEED'!$A12,'Data Dump'!$S:$S,'HS FEED'!O$2) -> 0 | P12: =COUNTIFS('Data Dump'!$P:$P,'HS FEED'!$A12,'Data Dump'!$S:$S,'HS FEED'!P$2) -> 0 | Q12: =COUNTIFS('Data Dump'!$P:$P,'HS FEED'!$A12,'Data Dump'!$S:$S,'HS FEED'!Q$2) -> 0 | R12: =SUBTOTAL(9,O12:Q12) -> 0 | S12: =SUBTOTAL(9,C12:R12) -> 0 | T12: =COUNTIFS('Data Dump'!$P:$P,'HS FEED'!$A12,'Data Dump'!$S:$S,'HS FEED'!T$2) -> 0 | U12: =COUNTIFS('Data Dump'!$P:$P,'HS FEED'!$A12,'Data Dump'!$S:$S,'HS FEED'!U$2) -> 0 | V12: =COUNTIFS('Data Dump'!$P:$P,'HS FEED'!$A12,'Data Dump'!$S:$S,'HS FEED'!V$2) -> 0 | W12: =SUBTOTAL(9,T12:V12) -> 0 | X12: =COUNTIFS('Data Dump'!$P:$P,'HS FEED'!$A12,'Data Dump'!$S:$S,'HS FEED'!X$2) -> 0 | Y12: =COUNTIFS('Data Dump'!$P:$P,'HS FEED'!$A12,'Data Dump'!$S:$S,'HS FEED'!Y$2) -> 1 | Z12: =COUNTIFS('Data Dump'!$P:$P,'HS FEED'!$A12,'Data Dump'!$S:$S,'HS FEED'!Z$2) -> 2 | AA12: =SUBTOTAL(9,X12:Z12) -> 3 | AB12: =COUNTIFS('Data Dump'!$P:$P,'HS FEED'!$A12,'Data Dump'!$S:$S,'HS FEED'!AB$2) -> 0 | AC12: =COUNTIFS('Data Dump'!$P:$P,'HS FEED'!$A12,'Data Dump'!$S:$S,'HS FEED'!AC$2) -> 0 | AD12: =COUNTIFS('Data Dump'!$P:$P,'HS FEED'!$A12,'Data Dump'!$S:$S,'HS FEED'!AD$2) -> 0 | AE12: =SUBTOTAL(9,AB12:AD12) -> 0 | AF12: =COUNTIFS('Data Dump'!$P:$P,'HS FEED'!$A12,'Data Dump'!$S:$S,'HS FEED'!AF$2) -> 0 | AG12: =COUNTIFS('Data Dump'!$P:$P,'HS FEED'!$A12,'Data Dump'!$S:$S,'HS FEED'!AG$2) -> 0 | AH12: =COUNTIFS('Data Dump'!$P:$P,'HS FEED'!$A12,'Data Dump'!$S:$S,'HS FEED'!AH$2) -> 0 | AI12: =SUBTOTAL(9,AF12:AH12) -> 0 | AJ12: =SUBTOTAL(9,T12:AI12) -> 3
A13: HS2033 | B13: Harris Scarfe Eastland | C13: =COUNTIFS('Data Dump'!$P:$P,'HS FEED'!$A13,'Data Dump'!$S:$S,'HS FEED'!C$2) -> 0 | D13: =COUNTIFS('Data Dump'!$P:$P,'HS FEED'!$A13,'Data Dump'!$S:$S,'HS FEED'!D$2) -> 1 | E13: =COUNTIFS('Data Dump'!$P:$P,'HS FEED'!$A13,'Data Dump'!$S:$S,'HS FEED'!E$2) -> 1 | F13: =SUBTOTAL(9,C13:E13) -> 2 | G13: =COUNTIFS('Data Dump'!$P:$P,'HS FEED'!$A13,'Data Dump'!$S:$S,'HS FEED'!G$2) -> 0 | H13: =COUNTIFS('Data Dump'!$P:$P,'HS FEED'!$A13,'Data Dump'!$S:$S,'HS FEED'!H$2) -> 0 | I13: =COUNTIFS('Data Dump'!$P:$P,'HS FEED'!$A13,'Data Dump'!$S:$S,'HS FEED'!I$2) -> 1 | J13: =SUBTOTAL(9,G13:I13) -> 1 | K13: =COUNTIFS('Data Dump'!$P:$P,'HS FEED'!$A13,'Data Dump'!$S:$S,'HS FEED'!K$2) -> 0 | L13: =COUNTIFS('Data Dump'!$P:$P,'HS FEED'!$A13,'Data Dump'!$S:$S,'HS FEED'!L$2) -> 0 | M13: =COUNTIFS('Data Dump'!$P:$P,'HS FEED'!$A13,'Data Dump'!$S:$S,'HS FEED'!M$2) -> 0 | N13: =SUBTOTAL(9,K13:M13) -> 0 | O13: =COUNTIFS('Data Dump'!$P:$P,'HS FEED'!$A13,'Data Dump'!$S:$S,'HS FEED'!O$2) -> 0 | P13: =COUNTIFS('Data Dump'!$P:$P,'HS FEED'!$A13,'Data Dump'!$S:$S,'HS FEED'!P$2) -> 0 | Q13: =COUNTIFS('Data Dump'!$P:$P,'HS FEED'!$A13,'Data Dump'!$S:$S,'HS FEED'!Q$2) -> 0 | R13: =SUBTOTAL(9,O13:Q13) -> 0 | S13: =SUBTOTAL(9,C13:R13) -> 3 | T13: =COUNTIFS('Data Dump'!$P:$P,'HS FEED'!$A13,'Data Dump'!$S:$S,'HS FEED'!T$2) -> 0 | U13: =COUNTIFS('Data Dump'!$P:$P,'HS FEED'!$A13,'Data Dump'!$S:$S,'HS FEED'!U$2) -> 0 | V13: =COUNTIFS('Data Dump'!$P:$P,'HS FEED'!$A13,'Data Dump'!$S:$S,'HS FEED'!V$2) -> 0 | W13: =SUBTOTAL(9,T13:V13) -> 0 | X13: =COUNTIFS('Data Dump'!$P:$P,'HS FEED'!$A13,'Data Dump'!$S:$S,'HS FEED'!X$2) -> 0 | Y13: =COUNTIFS('Data Dump'!$P:$P,'HS FEED'!$A13,'Data Dump'!$S:$S,'HS FEED'!Y$2) -> 0 | Z13: =COUNTIFS('Data Dump'!$P:$P,'HS FEED'!$A13,'Data Dump'!$S:$S,'HS FEED'!Z$2) -> 0 | AA13: =SUBTOTAL(9,X13:Z13) -> 0 | AB13: =COUNTIFS('Data Dump'!$P:$P,'HS FEED'!$A13,'Data Dump'!$S:$S,'HS FEED'!AB$2) -> 0 | AC13: =COUNTIFS('Data Dump'!$P:$P,'HS FEED'!$A13,'Data Dump'!$S:$S,'HS FEED'!AC$2) -> 0 | AD13: =COUNTIFS('Data Dump'!$P:$P,'HS FEED'!$A13,'Data Dump'!$S:$S,'HS FEED'!AD$2) -> 0 | AE13: =SUBTOTAL(9,AB13:AD13) -> 0 | AF13: =COUNTIFS('Data Dump'!$P:$P,'HS FEED'!$A13,'Data Dump'!$S:$S,'HS FEED'!AF$2) -> 0 | AG13: =COUNTIFS('Data Dump'!$P:$P,'HS FEED'!$A13,'Data Dump'!$S:$S,'HS FEED'!AG$2) -> 0 | AH13: =COUNTIFS('Data Dump'!$P:$P,'HS FEED'!$A13,'Data Dump'!$S:$S,'HS FEED'!AH$2) -> 0 | AI13: =SUBTOTAL(9,AF13:AH13) -> 0 | AJ13: =SUBTOTAL(9,T13:AI13) -> 0
A14: HS2023 | B14: Harris Scarfe Epping | C14: =COUNTIFS('Data Dump'!$P:$P,'HS FEED'!$A14,'Data Dump'!$S:$S,'HS FEED'!C$2) -> 1 | D14: =COUNTIFS('Data Dump'!$P:$P,'HS FEED'!$A14,'Data Dump'!$S:$S,'HS FEED'!D$2) -> 0 | E14: =COUNTIFS('Data Dump'!$P:$P,'HS FEED'!$A14,'Data Dump'!$S:$S,'HS FEED'!E$2) -> 0 | F14: =SUBTOTAL(9,C14:E14) -> 1 | G14: =COUNTIFS('Data Dump'!$P:$P,'HS FEED'!$A14,'Data Dump'!$S:$S,'HS FEED'!G$2) -> 1 | H14: =COUNTIFS('Data Dump'!$P:$P,'HS FEED'!$A14,'Data Dump'!$S:$S,'HS FEED'!H$2) -> 0 | I14: =COUNTIFS('Data Dump'!$P:$P,'HS FEED'!$A14,'Data Dump'!$S:$S,'HS FEED'!I$2) -> 0 | J14: =SUBTOTAL(9,G14:I14) -> 1 | K14: =COUNTIFS('Data Dump'!$P:$P,'HS FEED'!$A14,'Data Dump'!$S:$S,'HS FEED'!K$2) -> 0 | L14: =COUNTIFS('Data Dump'!$P:$P,'HS FEED'!$A14,'Data Dump'!$S:$S,'HS FEED'!L$2) -> 0 | M14: =COUNTIFS('Data Dump'!$P:$P,'HS FEED'!$A14,'Data Dump'!$S:$S,'HS FEED'!M$2) -> 1 | N14: =SUBTOTAL(9,K14:M14) -> 1 | O14: =COUNTIFS('Data Dump'!$P:$P,'HS FEED'!$A14,'Data Dump'!$S:$S,'HS FEED'!O$2) -> 0 | P14: =COUNTIFS('Data Dump'!$P:$P,'HS FEED'!$A14,'Data Dump'!$S:$S,'HS FEED'!P$2) -> 0 | Q14: =COUNTIFS('Data Dump'!$P:$P,'HS FEED'!$A14,'Data Dump'!$S:$S,'HS FEED'!Q$2) -> 0 | R14: =SUBTOTAL(9,O14:Q14) -> 0 | S14: =SUBTOTAL(9,C14:R14) -> 3 | T14: =COUNTIFS('Data Dump'!$P:$P,'HS FEED'!$A14,'Data Dump'!$S:$S,'HS FEED'!T$2) -> 0 | U14: =COUNTIFS('Data Dump'!$P:$P,'HS FEED'!$A14,'Data Dump'!$S:$S,'HS FEED'!U$2) -> 0 | V14: =COUNTIFS('Data Dump'!$P:$P,'HS FEED'!$A14,'Data Dump'!$S:$S,'HS FEED'!V$2) -> 0 | W14: =SUBTOTAL(9,T14:V14) -> 0 | X14: =COUNTIFS('Data Dump'!$P:$P,'HS FEED'!$A14,'Data Dump'!$S:$S,'HS FEED'!X$2) -> 0 | Y14: =COUNTIFS('Data Dump'!$P:$P,'HS FEED'!$A14,'Data Dump'!$S:$S,'HS FEED'!Y$2) -> 0 | Z14: =COUNTIFS('Data Dump'!$P:$P,'HS FEED'!$A14,'Data Dump'!$S:$S,'HS FEED'!Z$2) -> 0 | AA14: =SUBTOTAL(9,X14:Z14) -> 0 | AB14: =COUNTIFS('Data Dump'!$P:$P,'HS FEED'!$A14,'Data Dump'!$S:$S,'HS FEED'!AB$2) -> 0 | AC14: =COUNTIFS('Data Dump'!$P:$P,'HS FEED'!$A14,'Data Dump'!$S:$S,'HS FEED'!AC$2) -> 0 | AD14: =COUNTIFS('Data Dump'!$P:$P,'HS FEED'!$A14,'Data Dump'!$S:$S,'HS FEED'!AD$2) -> 1 | AE14: =SUBTOTAL(9,AB14:AD14) -> 1 | AF14: =COUNTIFS('Data Dump'!$P:$P,'HS FEED'!$A14,'Data Dump'!$S:$S,'HS FEED'!AF$2) -> 0 | AG14: =COUNTIFS('Data Dump'!$P:$P,'HS FEED'!$A14,'Data Dump'!$S:$S,'HS FEED'!AG$2) -> 0 | AH14: =COUNTIFS('Data Dump'!$P:$P,'HS FEED'!$A14,'Data Dump'!$S:$S,'HS FEED'!AH$2) -> 0 | AI14: =SUBTOTAL(9,AF14:AH14) -> 0 | AJ14: =SUBTOTAL(9,T14:AI14) -> 1
... A36: HS2017 | B36: Harris Scarfe Woodgrove | C36: =COUNTIFS('Data Dump'!$P:$P,'HS FEED'!$A36,'Data Dump'!$S:$S,'HS FEED'!C$2) -> 0 | D36: =COUNTIFS('Data Dump'!$P:$P,'HS FEED'!$A36,'Data Dump'!$S:$S,'HS FEED'!D$2) -> 0 | E36: =COUNTIFS('Data Dump'!$P:$P,'HS FEED'!$A36,'Data Dump'!$S:$S,'HS FEED'!E$2) -> 0 | F36: =SUBTOTAL(9,C36:E36) -> 0 | G36: =COUNTIFS('Data Dump'!$P:$P,'HS FEED'!$A36,'Data Dump'!$S:$S,'HS FEED'!G$2) -> 0 | H36: =COUNTIFS('Data Dump'!$P:$P,'HS FEED'!$A36,'Data Dump'!$S:$S,'HS FEED'!H$2) -> 0 | I36: =COUNTIFS('Data Dump'!$P:$P,'HS FEED'!$A36,'Data Dump'!$S:$S,'HS FEED'!I$2) -> 1 | J36: =SUBTOTAL(9,G36:I36) -> 1 | K36: =COUNTIFS('Data Dump'!$P:$P,'HS FEED'!$A36,'Data Dump'!$S:$S,'HS FEED'!K$2) -> 0 | L36: =COUNTIFS('Data Dump'!$P:$P,'HS FEED'!$A36,'Data Dump'!$S:$S,'HS FEED'!L$2) -> 0 | M36: =COUNTIFS('Data Dump'!$P:$P,'HS FEED'!$A36,'Data Dump'!$S:$S,'HS FEED'!M$2) -> 0 | N36: =SUBTOTAL(9,K36:M36) -> 0 | O36: =COUNTIFS('Data Dump'!$P:$P,'HS FEED'!$A36,'Data Dump'!$S:$S,'HS FEED'!O$2) -> 0 | P36: =COUNTIFS('Data Dump'!$P:$P,'HS FEED'!$A36,'Data Dump'!$S:$S,'HS FEED'!P$2) -> 0 | Q36: =COUNTIFS('Data Dump'!$P:$P,'HS FEED'!$A36,'Data Dump'!$S:$S,'HS FEED'!Q$2) -> 0 | R36: =SUBTOTAL(9,O36:Q36) -> 0 | S36: =SUBTOTAL(9,C36:R36) -> 1 | T36: =COUNTIFS('Data Dump'!$P:$P,'HS FEED'!$A36,'Data Dump'!$S:$S,'HS FEED'!T$2) -> 0 | U36: =COUNTIFS('Data Dump'!$P:$P,'HS FEED'!$A36,'Data Dump'!$S:$S,'HS FEED'!U$2) -> 1 | V36: =COUNTIFS('Data Dump'!$P:$P,'HS FEED'!$A36,'Data Dump'!$S:$S,'HS FEED'!V$2) -> 0 | W36: =SUBTOTAL(9,T36:V36) -> 1 | X36: =COUNTIFS('Data Dump'!$P:$P,'HS FEED'!$A36,'Data Dump'!$S:$S,'HS FEED'!X$2) -> 1 | Y36: =COUNTIFS('Data Dump'!$P:$P,'HS FEED'!$A36,'Data Dump'!$S:$S,'HS FEED'!Y$2) -> 0 | Z36: =COUNTIFS('Data Dump'!$P:$P,'HS FEED'!$A36,'Data Dump'!$S:$S,'HS FEED'!Z$2) -> 1 | AA36: =SUBTOTAL(9,X36:Z36) -> 2 | AB36: =COUNTIFS('Data Dump'!$P:$P,'HS FEED'!$A36,'Data Dump'!$S:$S,'HS FEED'!AB$2) -> 1 | AC36: =COUNTIFS('Data Dump'!$P:$P,'HS FEED'!$A36,'Data Dump'!$S:$S,'HS FEED'!AC$2) -> 0 | AD36: =COUNTIFS('Data Dump'!$P:$P,'HS FEED'!$A36,'Data Dump'!$S:$S,'HS FEED'!AD$2) -> 0 | AE36: =SUBTOTAL(9,AB36:AD36) -> 1 | AF36: =COUNTIFS('Data Dump'!$P:$P,'HS FEED'!$A36,'Data Dump'!$S:$S,'HS FEED'!AF$2) -> 0 | AG36: =COUNTIFS('Data Dump'!$P:$P,'HS FEED'!$A36,'Data Dump'!$S:$S,'HS FEED'!AG$2) -> 0 | AH36: =COUNTIFS('Data Dump'!$P:$P,'HS FEED'!$A36,'Data Dump'!$S:$S,'HS FEED'!AH$2) -> 0 | AI36: =SUBTOTAL(9,AF36:AH36) -> 0 | AJ36: =SUBTOTAL(9,T36:AI36) -> 4
A37: Grand Total | C37: =SUM(C3:C36) -> 6 | D37: =SUM(D3:D36) -> 6 | E37: =SUM(E3:E36) -> 14 | F37: =SUM(F3:F36) -> 26 | G37: =SUM(G3:G36) -> 15 | H37: =SUM(H3:H36) -> 17 | I37: =SUM(I3:I36) -> 7 | J37: =SUM(J3:J36) -> 39 | ... AJ37: =SUM(AJ3:AJ36) -> 54
A39: YTD
A40: HS2027 | B40: Harris Scarfe Airport West | C40: =SUBTOTAL(9,$C3:C3) -> 3 | D40: =SUBTOTAL(9,$C3:D3) -> 3 | E40: =SUBTOTAL(9,$C3:E3) -> 7 | F40: =SUBTOTAL(9,$C3:F3) -> 7 | G40: =SUBTOTAL(9,$C3:G3) -> 7 | H40: =SUBTOTAL(9,$C3:H3) -> 9 | I40: =SUBTOTAL(9,$C3:I3) -> 10 | J40: =SUBTOTAL(9,$C3:J3) -> 10 | ... S40: =SUBTOTAL(9,$C3:S3) -> 12 | T40: =SUBTOTAL(9,$T3:T3) -> 0 | U40: =SUBTOTAL(9,$T3:U3) -> 0 | V40: =SUBTOTAL(9,$T3:V3) -> 2 | W40: =SUBTOTAL(9,$T3:W3) -> 2 | X40: =SUBTOTAL(9,$T3:X3) -> 2 | Y40: =SUBTOTAL(9,$T3:Y3) -> 3 | Z40: =SUBTOTAL(9,$T3:Z3) -> 3 | AA40: =SUBTOTAL(9,$T3:AA3) -> 3 | ... AJ40: =SUBTOTAL(9,$T3:AJ3) -> 5
A41: HS1004 | B41: Harris Scarfe Arndale | C41: =SUBTOTAL(9,$C4:C4) -> 0 | D41: =SUBTOTAL(9,$C4:D4) -> 0 | E41: =SUBTOTAL(9,$C4:E4) -> 0 | F41: =SUBTOTAL(9,$C4:F4) -> 0 | G41: =SUBTOTAL(9,$C4:G4) -> 0 | H41: =SUBTOTAL(9,$C4:H4) -> 0 | I41: =SUBTOTAL(9,$C4:I4) -> 0 | J41: =SUBTOTAL(9,$C4:J4) -> 0 | ... S41: =SUBTOTAL(9,$C4:S4) -> 0 | T41: =SUBTOTAL(9,$T4:T4) -> 0 | U41: =SUBTOTAL(9,$T4:U4) -> 0 | V41: =SUBTOTAL(9,$T4:V4) -> 0 | W41: =SUBTOTAL(9,$T4:W4) -> 0 | X41: =SUBTOTAL(9,$T4:X4) -> 0 | Y41: =SUBTOTAL(9,$T4:Y4) -> 0 | Z41: =SUBTOTAL(9,$T4:Z4) -> 0 | AA41: =SUBTOTAL(9,$T4:AA4) -> 0 | ... AJ41: =SUBTOTAL(9,$T4:AJ4) -> 0
A42: HS2059 | B42: Harris Scarfe Bairnsdale | C42: =SUBTOTAL(9,$C5:C5) -> 0 | D42: =SUBTOTAL(9,$C5:D5) -> 0 | E42: =SUBTOTAL(9,$C5:E5) -> 0 | F42: =SUBTOTAL(9,$C5:F5) -> 0 | G42: =SUBTOTAL(9,$C5:G5) -> 0 | H42: =SUBTOTAL(9,$C5:H5) -> 1 | I42: =SUBTOTAL(9,$C5:I5) -> 1 | J42: =SUBTOTAL(9,$C5:J5) -> 1 | ... S42: =SUBTOTAL(9,$C5:S5) -> 1 | T42: =SUBTOTAL(9,$T5:T5) -> 0 | U42: =SUBTOTAL(9,$T5:U5) -> 0 | V42: =SUBTOTAL(9,$T5:V5) -> 0 | W42: =SUBTOTAL(9,$T5:W5) -> 0 | X42: =SUBTOTAL(9,$T5:X5) -> 0 | Y42: =SUBTOTAL(9,$T5:Y5) -> 0 | Z42: =SUBTOTAL(9,$T5:Z5) -> 0 | AA42: =SUBTOTAL(9,$T5:AA5) -> 0 | ... AJ42: =SUBTOTAL(9,$T5:AJ5) -> 0
A43: HS2019 | B43: Harris Scarfe Ballarat | C43: =SUBTOTAL(9,$C6:C6) -> 0 | D43: =SUBTOTAL(9,$C6:D6) -> 0 | E43: =SUBTOTAL(9,$C6:E6) -> 0 | F43: =SUBTOTAL(9,$C6:F6) -> 0 | G43: =SUBTOTAL(9,$C6:G6) -> 0 | H43: =SUBTOTAL(9,$C6:H6) -> 0 | I43: =SUBTOTAL(9,$C6:I6) -> 0 | J43: =SUBTOTAL(9,$C6:J6) -> 0 | ... S43: =SUBTOTAL(9,$C6:S6) -> 0 | T43: =SUBTOTAL(9,$T6:T6) -> 0 | U43: =SUBTOTAL(9,$T6:U6) -> 0 | V43: =SUBTOTAL(9,$T6:V6) -> 0 | W43: =SUBTOTAL(9,$T6:W6) -> 0 | X43: =SUBTOTAL(9,$T6:X6) -> 0 | Y43: =SUBTOTAL(9,$T6:Y6) -> 0 | Z43: =SUBTOTAL(9,$T6:Z6) -> 0 | AA43: =SUBTOTAL(9,$T6:AA6) -> 0 | ... AJ43: =SUBTOTAL(9,$T6:AJ6) -> 0
A44: HS5054 | B44: Harris Scarfe Blacktown | C44: =SUBTOTAL(9,$C7:C7) -> 0 | D44: =SUBTOTAL(9,$C7:D7) -> 0 | E44: =SUBTOTAL(9,$C7:E7) -> 1 | F44: =SUBTOTAL(9,$C7:F7) -> 1 | G44: =SUBTOTAL(9,$C7:G7) -> 1 | H44: =SUBTOTAL(9,$C7:H7) -> 1 | I44: =SUBTOTAL(9,$C7:I7) -> 1 | J44: =SUBTOTAL(9,$C7:J7) -> 1 | ... S44: =SUBTOTAL(9,$C7:S7) -> 1 | T44: =SUBTOTAL(9,$T7:T7) -> 0 | U44: =SUBTOTAL(9,$T7:U7) -> 0 | V44: =SUBTOTAL(9,$T7:V7) -> 0 | W44: =SUBTOTAL(9,$T7:W7) -> 0 | X44: =SUBTOTAL(9,$T7:X7) -> 0 | Y44: =SUBTOTAL(9,$T7:Y7) -> 0 | Z44: =SUBTOTAL(9,$T7:Z7) -> 0 | AA44: =SUBTOTAL(9,$T7:AA7) -> 0 | ... AJ44: =SUBTOTAL(9,$T7:AJ7) -> 0
A45: HS2042 | B45: Harris Scarfe Carnegie | C45: =SUBTOTAL(9,$C8:C8) -> 0 | D45: =SUBTOTAL(9,$C8:D8) -> 0 | E45: =SUBTOTAL(9,$C8:E8) -> 0 | F45: =SUBTOTAL(9,$C8:F8) -> 0 | G45: =SUBTOTAL(9,$C8:G8) -> 0 | H45: =SUBTOTAL(9,$C8:H8) -> 0 | I45: =SUBTOTAL(9,$C8:I8) -> 0 | J45: =SUBTOTAL(9,$C8:J8) -> 0 | ... S45: =SUBTOTAL(9,$C8:S8) -> 0 | T45: =SUBTOTAL(9,$T8:T8) -> 0 | U45: =SUBTOTAL(9,$T8:U8) -> 0 | V45: =SUBTOTAL(9,$T8:V8) -> 0 | W45: =SUBTOTAL(9,$T8:W8) -> 0 | X45: =SUBTOTAL(9,$T8:X8) -> 0 | Y45: =SUBTOTAL(9,$T8:Y8) -> 0 | Z45: =SUBTOTAL(9,$T8:Z8) -> 0 | AA45: =SUBTOTAL(9,$T8:AA8) -> 0 | ... AJ45: =SUBTOTAL(9,$T8:AJ8) -> 1
A46: HS2054 | B46: Harris Scarfe Chirnside Park | C46: =SUBTOTAL(9,$C9:C9) -> 0 | D46: =SUBTOTAL(9,$C9:D9) -> 0 | E46: =SUBTOTAL(9,$C9:E9) -> 0 | F46: =SUBTOTAL(9,$C9:F9) -> 0 | G46: =SUBTOTAL(9,$C9:G9) -> 0 | H46: =SUBTOTAL(9,$C9:H9) -> 0 | I46: =SUBTOTAL(9,$C9:I9) -> 1 | J46: =SUBTOTAL(9,$C9:J9) -> 1 | ... S46: =SUBTOTAL(9,$C9:S9) -> 2 | T46: =SUBTOTAL(9,$T9:T9) -> 0 | U46: =SUBTOTAL(9,$T9:U9) -> 0 | V46: =SUBTOTAL(9,$T9:V9) -> 0 | W46: =SUBTOTAL(9,$T9:W9) -> 0 | X46: =SUBTOTAL(9,$T9:X9) -> 0 | Y46: =SUBTOTAL(9,$T9:Y9) -> 0 | Z46: =SUBTOTAL(9,$T9:Z9) -> 0 | AA46: =SUBTOTAL(9,$T9:AA9) -> 0 | ... AJ46: =SUBTOTAL(9,$T9:AJ9) -> 1
A47: HS2055 | B47: Harris Scarfe Craigieburn | C47: =SUBTOTAL(9,$C10:C10) -> 0 | D47: =SUBTOTAL(9,$C10:D10) -> 0 | E47: =SUBTOTAL(9,$C10:E10) -> 0 | F47: =SUBTOTAL(9,$C10:F10) -> 0 | G47: =SUBTOTAL(9,$C10:G10) -> 0 | H47: =SUBTOTAL(9,$C10:H10) -> 0 | I47: =SUBTOTAL(9,$C10:I10) -> 0 | J47: =SUBTOTAL(9,$C10:J10) -> 0 | ... S47: =SUBTOTAL(9,$C10:S10) -> 0 | T47: =SUBTOTAL(9,$T10:T10) -> 0 | U47: =SUBTOTAL(9,$T10:U10) -> 0 | V47: =SUBTOTAL(9,$T10:V10) -> 0 | W47: =SUBTOTAL(9,$T10:W10) -> 0 | X47: =SUBTOTAL(9,$T10:X10) -> 0 | Y47: =SUBTOTAL(9,$T10:Y10) -> 0 | Z47: =SUBTOTAL(9,$T10:Z10) -> 0 | AA47: =SUBTOTAL(9,$T10:AA10) -> 0 | ... AJ47: =SUBTOTAL(9,$T10:AJ10) -> 0
A48: HS2028 | B48: Harris Scarfe Cranbourne Park | C48: =SUBTOTAL(9,$C11:C11) -> 0 | D48: =SUBTOTAL(9,$C11:D11) -> 0 | E48: =SUBTOTAL(9,$C11:E11) -> 0 | F48: =SUBTOTAL(9,$C11:F11) -> 0 | G48: =SUBTOTAL(9,$C11:G11) -> 0 | H48: =SUBTOTAL(9,$C11:H11) -> 0 | I48: =SUBTOTAL(9,$C11:I11) -> 0 | J48: =SUBTOTAL(9,$C11:J11) -> 0 | ... S48: =SUBTOTAL(9,$C11:S11) -> 0 | T48: =SUBTOTAL(9,$T11:T11) -> 0 | U48: =SUBTOTAL(9,$T11:U11) -> 0 | V48: =SUBTOTAL(9,$T11:V11) -> 0 | W48: =SUBTOTAL(9,$T11:W11) -> 0 | X48: =SUBTOTAL(9,$T11:X11) -> 0 | Y48: =SUBTOTAL(9,$T11:Y11) -> 0 | Z48: =SUBTOTAL(9,$T11:Z11) -> 0 | AA48: =SUBTOTAL(9,$T11:AA11) -> 0 | ... AJ48: =SUBTOTAL(9,$T11:AJ11) -> 0
A49: HS2057 | B49: Harris Scarfe DC | C49: =SUBTOTAL(9,$C12:C12) -> 0 | D49: =SUBTOTAL(9,$C12:D12) -> 0 | E49: =SUBTOTAL(9,$C12:E12) -> 0 | F49: =SUBTOTAL(9,$C12:F12) -> 0 | G49: =SUBTOTAL(9,$C12:G12) -> 0 | H49: =SUBTOTAL(9,$C12:H12) -> 0 | I49: =SUBTOTAL(9,$C12:I12) -> 0 | J49: =SUBTOTAL(9,$C12:J12) -> 0 | ... S49: =SUBTOTAL(9,$C12:S12) -> 0 | T49: =SUBTOTAL(9,$T12:T12) -> 0 | U49: =SUBTOTAL(9,$T12:U12) -> 0 | V49: =SUBTOTAL(9,$T12:V12) -> 0 | W49: =SUBTOTAL(9,$T12:W12) -> 0 | X49: =SUBTOTAL(9,$T12:X12) -> 0 | Y49: =SUBTOTAL(9,$T12:Y12) -> 1 | Z49: =SUBTOTAL(9,$T12:Z12) -> 3 | AA49: =SUBTOTAL(9,$T12:AA12) -> 3 | ... AJ49: =SUBTOTAL(9,$T12:AJ12) -> 3
A50: HS2033 | B50: Harris Scarfe Eastland | C50: =SUBTOTAL(9,$C13:C13) -> 0 | D50: =SUBTOTAL(9,$C13:D13) -> 1 | E50: =SUBTOTAL(9,$C13:E13) -> 2 | F50: =SUBTOTAL(9,$C13:F13) -> 2 | G50: =SUBTOTAL(9,$C13:G13) -> 2 | H50: =SUBTOTAL(9,$C13:H13) -> 2 | I50: =SUBTOTAL(9,$C13:I13) -> 3 | J50: =SUBTOTAL(9,$C13:J13) -> 3 | ... S50: =SUBTOTAL(9,$C13:S13) -> 3 | T50: =SUBTOTAL(9,$T13:T13) -> 0 | U50: =SUBTOTAL(9,$T13:U13) -> 0 | V50: =SUBTOTAL(9,$T13:V13) -> 0 | W50: =SUBTOTAL(9,$T13:W13) -> 0 | X50: =SUBTOTAL(9,$T13:X13) -> 0 | Y50: =SUBTOTAL(9,$T13:Y13) -> 0 | Z50: =SUBTOTAL(9,$T13:Z13) -> 0 | AA50: =SUBTOTAL(9,$T13:AA13) -> 0 | ... AJ50: =SUBTOTAL(9,$T13:AJ13) -> 0
A51: HS2023 | B51: Harris Scarfe Epping | C51: =SUBTOTAL(9,$C14:C14) -> 1 | D51: =SUBTOTAL(9,$C14:D14) -> 1 | E51: =SUBTOTAL(9,$C14:E14) -> 1 | F51: =SUBTOTAL(9,$C14:F14) -> 1 | G51: =SUBTOTAL(9,$C14:G14) -> 2 | H51: =SUBTOTAL(9,$C14:H14) -> 2 | I51: =SUBTOTAL(9,$C14:I14) -> 2 | J51: =SUBTOTAL(9,$C14:J14) -> 2 | ... S51: =SUBTOTAL(9,$C14:S14) -> 3 | T51: =SUBTOTAL(9,$T14:T14) -> 0 | U51: =SUBTOTAL(9,$T14:U14) -> 0 | V51: =SUBTOTAL(9,$T14:V14) -> 0 | W51: =SUBTOTAL(9,$T14:W14) -> 0 | X51: =SUBTOTAL(9,$T14:X14) -> 0 | Y51: =SUBTOTAL(9,$T14:Y14) -> 0 | Z51: =SUBTOTAL(9,$T14:Z14) -> 0 | AA51: =SUBTOTAL(9,$T14:AA14) -> 0 | ... AJ51: =SUBTOTAL(9,$T14:AJ14) -> 1
... A73: HS2017 | B73: Harris Scarfe Woodgrove | C73: =SUBTOTAL(9,$C36:C36) -> 0 | D73: =SUBTOTAL(9,$C36:D36) -> 0 | E73: =SUBTOTAL(9,$C36:E36) -> 0 | F73: =SUBTOTAL(9,$C36:F36) -> 0 | G73: =SUBTOTAL(9,$C36:G36) -> 0 | H73: =SUBTOTAL(9,$C36:H36) -> 0 | I73: =SUBTOTAL(9,$C36:I36) -> 1 | J73: =SUBTOTAL(9,$C36:J36) -> 1 | ... S73: =SUBTOTAL(9,$C36:S36) -> 1 | T73: =SUBTOTAL(9,$T36:T36) -> 0 | U73: =SUBTOTAL(9,$T36:U36) -> 1 | V73: =SUBTOTAL(9,$T36:V36) -> 1 | W73: =SUBTOTAL(9,$T36:W36) -> 1 | X73: =SUBTOTAL(9,$T36:X36) -> 2 | Y73: =SUBTOTAL(9,$T36:Y36) -> 2 | Z73: =SUBTOTAL(9,$T36:Z36) -> 3 | AA73: =SUBTOTAL(9,$T36:AA36) -> 3 | ... AJ73: =SUBTOTAL(9,$T36:AJ36) -> 4

Sheet SPL FEED
C1: FY24 | T1: FY25
A2: Store Name | B2: Store Description | C2: ="JUL, "&C1 -> JUL, FY24 | D2: ="AUG, "&C1 -> AUG, FY24 | E2: ="SEP, "&C1 -> SEP, FY24 | F2: ="Q1, "&C1 -> Q1, FY24 | G2: ="OCT, "&C1 -> OCT, FY24 | H2: ="NOV, "&C1 -> NOV, FY24 | I2: ="DEC, "&C1 -> DEC, FY24 | J2: ="Q2, "&C1 -> Q2, FY24 | K2: ="JAN, "&C1 -> JAN, FY24 | L2: ="FEB, "&C1 -> FEB, FY24 | M2: ="MAR, "&C1 -> MAR, FY24 | N2: ="Q3, "&C1 -> Q3, FY24 | O2: ="APR, "&C1 -> APR, FY24 | P2: ="MAY, "&C1 -> MAY, FY24 | Q2: ="JUN, "&C1 -> JUN, FY24 | R2: ="Q4, "&C1 -> Q4, FY24 | S2: ="Full Year, "&C1 -> Full Year, FY24 | T2: ="JUL, "&T1 -> JUL, FY25 | U2: ="AUG, "&T1 -> AUG, FY25 | V2: ="SEP, "&T1 -> SEP, FY25 | W2: ="Q1, "&T1 -> Q1, FY25 | X2: ="OCT, "&T1 -> OCT, FY25 | Y2: ="NOV, "&T1 -> NOV, FY25 | Z2: ="DEC, "&T1 -> DEC, FY25 | AA2: ="Q2, "&T1 -> Q2, FY25 | AB2: ="JAN, "&T1 -> JAN, FY25 | AC2: ="FEB, "&T1 -> FEB, FY25 | AD2: ="MAR, "&T1 -> MAR, FY25 | AE2: ="Q3, "&T1 -> Q3, FY25 | AF2: ="APR, "&T1 -> APR, FY25 | AG2: ="MAY, "&T1 -> MAY, FY25 | AH2: ="JUN, "&T1 -> JUN, FY25 | AI2: ="Q4, "&T1 -> Q4, FY25 | AJ2: ="Full Year, "&T1 -> Full Year, FY25
A3: S021 | B3: Spotlight Albury | C3: =COUNTIFS('Data Dump'!$P:$P,'SPL FEED'!$A3,'Data Dump'!$S:$S,'SPL FEED'!C$2) -> 0 | D3: =COUNTIFS('Data Dump'!$P:$P,'SPL FEED'!$A3,'Data Dump'!$S:$S,'SPL FEED'!D$2) -> 0 | E3: =COUNTIFS('Data Dump'!$P:$P,'SPL FEED'!$A3,'Data Dump'!$S:$S,'SPL FEED'!E$2) -> 0 | F3: =SUBTOTAL(9,C3:E3) -> 0 | G3: =COUNTIFS('Data Dump'!$P:$P,'SPL FEED'!$A3,'Data Dump'!$S:$S,'SPL FEED'!G$2) -> 0 | H3: =COUNTIFS('Data Dump'!$P:$P,'SPL FEED'!$A3,'Data Dump'!$S:$S,'SPL FEED'!H$2) -> 0 | I3: =COUNTIFS('Data Dump'!$P:$P,'SPL FEED'!$A3,'Data Dump'!$S:$S,'SPL FEED'!I$2) -> 0 | J3: =SUBTOTAL(9,G3:I3) -> 0 | K3: =COUNTIFS('Data Dump'!$P:$P,'SPL FEED'!$A3,'Data Dump'!$S:$S,'SPL FEED'!K$2) -> 0 | L3: =COUNTIFS('Data Dump'!$P:$P,'SPL FEED'!$A3,'Data Dump'!$S:$S,'SPL FEED'!L$2) -> 0 | M3: =COUNTIFS('Data Dump'!$P:$P,'SPL FEED'!$A3,'Data Dump'!$S:$S,'SPL FEED'!M$2) -> 0 | N3: =SUBTOTAL(9,K3:M3) -> 0 | O3: =COUNTIFS('Data Dump'!$P:$P,'SPL FEED'!$A3,'Data Dump'!$S:$S,'SPL FEED'!O$2) -> 0 | P3: =COUNTIFS('Data Dump'!$P:$P,'SPL FEED'!$A3,'Data Dump'!$S:$S,'SPL FEED'!P$2) -> 0 | Q3: =COUNTIFS('Data Dump'!$P:$P,'SPL FEED'!$A3,'Data Dump'!$S:$S,'SPL FEED'!Q$2) -> 0 | R3: =SUBTOTAL(9,O3:Q3) -> 0 | S3: =SUBTOTAL(9,C3:R3) -> 0 | T3: =COUNTIFS('Data Dump'!$P:$P,'SPL FEED'!$A3,'Data Dump'!$S:$S,'SPL FEED'!T$2) -> 0 | U3: =COUNTIFS('Data Dump'!$P:$P,'SPL FEED'!$A3,'Data Dump'!$S:$S,'SPL FEED'!U$2) -> 0 | V3: =COUNTIFS('Data Dump'!$P:$P,'SPL FEED'!$A3,'Data Dump'!$S:$S,'SPL FEED'!V$2) -> 0 | W3: =SUBTOTAL(9,T3:V3) -> 0 | X3: =COUNTIFS('Data Dump'!$P:$P,'SPL FEED'!$A3,'Data Dump'!$S:$S,'SPL FEED'!X$2) -> 0 | Y3: =COUNTIFS('Data Dump'!$P:$P,'SPL FEED'!$A3,'Data Dump'!$S:$S,'SPL FEED'!Y$2) -> 0 | Z3: =COUNTIFS('Data Dump'!$P:$P,'SPL FEED'!$A3,'Data Dump'!$S:$S,'SPL FEED'!Z$2) -> 0 | AA3: =SUBTOTAL(9,X3:Z3) -> 0 | AB3: =COUNTIFS('Data Dump'!$P:$P,'SPL FEED'!$A3,'Data Dump'!$S:$S,'SPL FEED'!AB$2) -> 0 | AC3: =COUNTIFS('Data Dump'!$P:$P,'SPL FEED'!$A3,'Data Dump'!$S:$S,'SPL FEED'!AC$2) -> 0 | AD3: =COUNTIFS('Data Dump'!$P:$P,'SPL FEED'!$A3,'Data Dump'!$S:$S,'SPL FEED'!AD$2) -> 0 | AE3: =SUBTOTAL(9,AB3:AD3) -> 0 | AF3: =COUNTIFS('Data Dump'!$P:$P,'SPL FEED'!$A3,'Data Dump'!$S:$S,'SPL FEED'!AF$2) -> 0 | AG3: =COUNTIFS('Data Dump'!$P:$P,'SPL FEED'!$A3,'Data Dump'!$S:$S,'SPL FEED'!AG$2) -> 0 | AH3: =COUNTIFS('Data Dump'!$P:$P,'SPL FEED'!$A3,'Data Dump'!$S:$S,'SPL FEED'!AH$2) -> 0 | AI3: =SUBTOTAL(9,AF3:AH3) -> 0 | AJ3: =SUBTOTAL(9,T3:AI3) -> 0
A4: S013 | B4: Spotlight Ballarat | C4: =COUNTIFS('Data Dump'!$P:$P,'SPL FEED'!$A4,'Data Dump'!$S:$S,'SPL FEED'!C$2) -> 0 | D4: =COUNTIFS('Data Dump'!$P:$P,'SPL FEED'!$A4,'Data Dump'!$S:$S,'SPL FEED'!D$2) -> 0 | E4: =COUNTIFS('Data Dump'!$P:$P,'SPL FEED'!$A4,'Data Dump'!$S:$S,'SPL FEED'!E$2) -> 0 | F4: =SUBTOTAL(9,C4:E4) -> 0 | G4: =COUNTIFS('Data Dump'!$P:$P,'SPL FEED'!$A4,'Data Dump'!$S:$S,'SPL FEED'!G$2) -> 1 | H4: =COUNTIFS('Data Dump'!$P:$P,'SPL FEED'!$A4,'Data Dump'!$S:$S,'SPL FEED'!H$2) -> 0 | I4: =COUNTIFS('Data Dump'!$P:$P,'SPL FEED'!$A4,'Data Dump'!$S:$S,'SPL FEED'!I$2) -> 0 | J4: =SUBTOTAL(9,G4:I4) -> 1 | K4: =COUNTIFS('Data Dump'!$P:$P,'SPL FEED'!$A4,'Data Dump'!$S:$S,'SPL FEED'!K$2) -> 0 | L4: =COUNTIFS('Data Dump'!$P:$P,'SPL FEED'!$A4,'Data Dump'!$S:$S,'SPL FEED'!L$2) -> 0 | M4: =COUNTIFS('Data Dump'!$P:$P,'SPL FEED'!$A4,'Data Dump'!$S:$S,'SPL FEED'!M$2) -> 0 | N4: =SUBTOTAL(9,K4:M4) -> 0 | O4: =COUNTIFS('Data Dump'!$P:$P,'SPL FEED'!$A4,'Data Dump'!$S:$S,'SPL FEED'!O$2) -> 0 | P4: =COUNTIFS('Data Dump'!$P:$P,'SPL FEED'!$A4,'Data Dump'!$S:$S,'SPL FEED'!P$2) -> 0 | Q4: =COUNTIFS('Data Dump'!$P:$P,'SPL FEED'!$A4,'Data Dump'!$S:$S,'SPL FEED'!Q$2) -> 0 | R4: =SUBTOTAL(9,O4:Q4) -> 0 | S4: =SUBTOTAL(9,C4:R4) -> 1 | T4: =COUNTIFS('Data Dump'!$P:$P,'SPL FEED'!$A4,'Data Dump'!$S:$S,'SPL FEED'!T$2) -> 0 | U4: =COUNTIFS('Data Dump'!$P:$P,'SPL FEED'!$A4,'Data Dump'!$S:$S,'SPL FEED'!U$2) -> 0 | V4: =COUNTIFS('Data Dump'!$P:$P,'SPL FEED'!$A4,'Data Dump'!$S:$S,'SPL FEED'!V$2) -> 0 | W4: =SUBTOTAL(9,T4:V4) -> 0 | X4: =COUNTIFS('Data Dump'!$P:$P,'SPL FEED'!$A4,'Data Dump'!$S:$S,'SPL FEED'!X$2) -> 0 | Y4: =COUNTIFS('Data Dump'!$P:$P,'SPL FEED'!$A4,'Data Dump'!$S:$S,'SPL FEED'!Y$2) -> 0 | Z4: =COUNTIFS('Data Dump'!$P:$P,'SPL FEED'!$A4,'Data Dump'!$S:$S,'SPL FEED'!Z$2) -> 0 | AA4: =SUBTOTAL(9,X4:Z4) -> 0 | AB4: =COUNTIFS('Data Dump'!$P:$P,'SPL FEED'!$A4,'Data Dump'!$S:$S,'SPL FEED'!AB$2) -> 0 | AC4: =COUNTIFS('Data Dump'!$P:$P,'SPL FEED'!$A4,'Data Dump'!$S:$S,'SPL FEED'!AC$2) -> 0 | AD4: =COUNTIFS('Data Dump'!$P:$P,'SPL FEED'!$A4,'Data Dump'!$S:$S,'SPL FEED'!AD$2) -> 0 | AE4: =SUBTOTAL(9,AB4:AD4) -> 0 | AF4: =COUNTIFS('Data Dump'!$P:$P,'SPL FEED'!$A4,'Data Dump'!$S:$S,'SPL FEED'!AF$2) -> 0 | AG4: =COUNTIFS('Data Dump'!$P:$P,'SPL FEED'!$A4,'Data Dump'!$S:$S,'SPL FEED'!AG$2) -> 0 | AH4: =COUNTIFS('Data Dump'!$P:$P,'SPL FEED'!$A4,'Data Dump'!$S:$S,'SPL FEED'!AH$2) -> 0 | AI4: =SUBTOTAL(9,AF4:AH4) -> 0 | AJ4: =SUBTOTAL(9,T4:AI4) -> 0
A5: S014 | B5: Spotlight Bayswater | C5: =COUNTIFS('Data Dump'!$P:$P,'SPL FEED'!$A5,'Data Dump'!$S:$S,'SPL FEED'!C$2) -> 1 | D5: =COUNTIFS('Data Dump'!$P:$P,'SPL FEED'!$A5,'Data Dump'!$S:$S,'SPL FEED'!D$2) -> 0 | E5: =COUNTIFS('Data Dump'!$P:$P,'SPL FEED'!$A5,'Data Dump'!$S:$S,'SPL FEED'!E$2) -> 1 | F5: =SUBTOTAL(9,C5:E5) -> 2 | G5: =COUNTIFS('Data Dump'!$P:$P,'SPL FEED'!$A5,'Data Dump'!$S:$S,'SPL FEED'!G$2) -> 0 | H5: =COUNTIFS('Data Dump'!$P:$P,'SPL FEED'!$A5,'Data Dump'!$S:$S,'SPL FEED'!H$2) -> 0 | I5: =COUNTIFS('Data Dump'!$P:$P,'SPL FEED'!$A5,'Data Dump'!$S:$S,'SPL FEED'!I$2) -> 1 | J5: =SUBTOTAL(9,G5:I5) -> 1 | K5: =COUNTIFS('Data Dump'!$P:$P,'SPL FEED'!$A5,'Data Dump'!$S:$S,'SPL FEED'!K$2) -> 0 | L5: =COUNTIFS('Data Dump'!$P:$P,'SPL FEED'!$A5,'Data Dump'!$S:$S,'SPL FEED'!L$2) -> 0 | M5: =COUNTIFS('Data Dump'!$P:$P,'SPL FEED'!$A5,'Data Dump'!$S:$S,'SPL FEED'!M$2) -> 0 | N5: =SUBTOTAL(9,K5:M5) -> 0 | O5: =COUNTIFS('Data Dump'!$P:$P,'SPL FEED'!$A5,'Data Dump'!$S:$S,'SPL FEED'!O$2) -> 0 | P5: =COUNTIFS('Data Dump'!$P:$P,'SPL FEED'!$A5,'Data Dump'!$S:$S,'SPL FEED'!P$2) -> 0 | Q5: =COUNTIFS('Data Dump'!$P:$P,'SPL FEED'!$A5,'Data Dump'!$S:$S,'SPL FEED'!Q$2) -> 0 | R5: =SUBTOTAL(9,O5:Q5) -> 0 | S5: =SUBTOTAL(9,C5:R5) -> 3 | T5: =COUNTIFS('Data Dump'!$P:$P,'SPL FEED'!$A5,'Data Dump'!$S:$S,'SPL FEED'!T$2) -> 0 | U5: =COUNTIFS('Data Dump'!$P:$P,'SPL FEED'!$A5,'Data Dump'!$S:$S,'SPL FEED'!U$2) -> 0 | V5: =COUNTIFS('Data Dump'!$P:$P,'SPL FEED'!$A5,'Data Dump'!$S:$S,'SPL FEED'!V$2) -> 0 | W5: =SUBTOTAL(9,T5:V5) -> 0 | X5: =COUNTIFS('Data Dump'!$P:$P,'SPL FEED'!$A5,'Data Dump'!$S:$S,'SPL FEED'!X$2) -> 0 | Y5: =COUNTIFS('Data Dump'!$P:$P,'SPL FEED'!$A5,'Data Dump'!$S:$S,'SPL FEED'!Y$2) -> 2 | Z5: =COUNTIFS('Data Dump'!$P:$P,'SPL FEED'!$A5,'Data Dump'!$S:$S,'SPL FEED'!Z$2) -> 0 | AA5: =SUBTOTAL(9,X5:Z5) -> 2 | AB5: =COUNTIFS('Data Dump'!$P:$P,'SPL FEED'!$A5,'Data Dump'!$S:$S,'SPL FEED'!AB$2) -> 0 | AC5: =COUNTIFS('Data Dump'!$P:$P,'SPL FEED'!$A5,'Data Dump'!$S:$S,'SPL FEED'!AC$2) -> 0 | AD5: =COUNTIFS('Data Dump'!$P:$P,'SPL FEED'!$A5,'Data Dump'!$S:$S,'SPL FEED'!AD$2) -> 0 | AE5: =SUBTOTAL(9,AB5:AD5) -> 0 | AF5: =COUNTIFS('Data Dump'!$P:$P,'SPL FEED'!$A5,'Data Dump'!$S:$S,'SPL FEED'!AF$2) -> 0 | AG5: =COUNTIFS('Data Dump'!$P:$P,'SPL FEED'!$A5,'Data Dump'!$S:$S,'SPL FEED'!AG$2) -> 0 | AH5: =COUNTIFS('Data Dump'!$P:$P,'SPL FEED'!$A5,'Data Dump'!$S:$S,'SPL FEED'!AH$2) -> 1 | AI5: =SUBTOTAL(9,AF5:AH5) -> 1 | AJ5: =SUBTOTAL(9,T5:AI5) -> 3
A6: S026 | B6: Spotlight Bendigo | C6: =COUNTIFS('Data Dump'!$P:$P,'SPL FEED'!$A6,'Data Dump'!$S:$S,'SPL FEED'!C$2) -> 0 | D6: =COUNTIFS('Data Dump'!$P:$P,'SPL FEED'!$A6,'Data Dump'!$S:$S,'SPL FEED'!D$2) -> 0 | E6: =COUNTIFS('Data Dump'!$P:$P,'SPL FEED'!$A6,'Data Dump'!$S:$S,'SPL FEED'!E$2) -> 0 | F6: =SUBTOTAL(9,C6:E6) -> 0 | G6: =COUNTIFS('Data Dump'!$P:$P,'SPL FEED'!$A6,'Data Dump'!$S:$S,'SPL FEED'!G$2) -> 0 | H6: =COUNTIFS('Data Dump'!$P:$P,'SPL FEED'!$A6,'Data Dump'!$S:$S,'SPL FEED'!H$2) -> 0 | I6: =COUNTIFS('Data Dump'!$P:$P,'SPL FEED'!$A6,'Data Dump'!$S:$S,'SPL FEED'!I$2) -> 0 | J6: =SUBTOTAL(9,G6:I6) -> 0 | K6: =COUNTIFS('Data Dump'!$P:$P,'SPL FEED'!$A6,'Data Dump'!$S:$S,'SPL FEED'!K$2) -> 0 | L6: =COUNTIFS('Data Dump'!$P:$P,'SPL FEED'!$A6,'Data Dump'!$S:$S,'SPL FEED'!L$2) -> 0 | M6: =COUNTIFS('Data Dump'!$P:$P,'SPL FEED'!$A6,'Data Dump'!$S:$S,'SPL FEED'!M$2) -> 0 | N6: =SUBTOTAL(9,K6:M6) -> 0 | O6: =COUNTIFS('Data Dump'!$P:$P,'SPL FEED'!$A6,'Data Dump'!$S:$S,'SPL FEED'!O$2) -> 0 | P6: =COUNTIFS('Data Dump'!$P:$P,'SPL FEED'!$A6,'Data Dump'!$S:$S,'SPL FEED'!P$2) -> 0 | Q6: =COUNTIFS('Data Dump'!$P:$P,'SPL FEED'!$A6,'Data Dump'!$S:$S,'SPL FEED'!Q$2) -> 0 | R6: =SUBTOTAL(9,O6:Q6) -> 0 | S6: =SUBTOTAL(9,C6:R6) -> 0 | T6: =COUNTIFS('Data Dump'!$P:$P,'SPL FEED'!$A6,'Data Dump'!$S:$S,'SPL FEED'!T$2) -> 0 | U6: =COUNTIFS('Data Dump'!$P:$P,'SPL FEED'!$A6,'Data Dump'!$S:$S,'SPL FEED'!U$2) -> 0 | V6: =COUNTIFS('Data Dump'!$P:$P,'SPL FEED'!$A6,'Data Dump'!$S:$S,'SPL FEED'!V$2) -> 0 | W6: =SUBTOTAL(9,T6:V6) -> 0 | X6: =COUNTIFS('Data Dump'!$P:$P,'SPL FEED'!$A6,'Data Dump'!$S:$S,'SPL FEED'!X$2) -> 0 | Y6: =COUNTIFS('Data Dump'!$P:$P,'SPL FEED'!$A6,'Data Dump'!$S:$S,'SPL FEED'!Y$2) -> 0 | Z6: =COUNTIFS('Data Dump'!$P:$P,'SPL FEED'!$A6,'Data Dump'!$S:$S,'SPL FEED'!Z$2) -> 0 | AA6: =SUBTOTAL(9,X6:Z6) -> 0 | AB6: =COUNTIFS('Data Dump'!$P:$P,'SPL FEED'!$A6,'Data Dump'!$S:$S,'SPL FEED'!AB$2) -> 0 | AC6: =COUNTIFS('Data Dump'!$P:$P,'SPL FEED'!$A6,'Data Dump'!$S:$S,'SPL FEED'!AC$2) -> 0 | AD6: =COUNTIFS('Data Dump'!$P:$P,'SPL FEED'!$A6,'Data Dump'!$S:$S,'SPL FEED'!AD$2) -> 0 | AE6: =SUBTOTAL(9,AB6:AD6) -> 0 | AF6: =COUNTIFS('Data Dump'!$P:$P,'SPL FEED'!$A6,'Data Dump'!$S:$S,'SPL FEED'!AF$2) -> 0 | AG6: =COUNTIFS('Data Dump'!$P:$P,'SPL FEED'!$A6,'Data Dump'!$S:$S,'SPL FEED'!AG$2) -> 0 | AH6: =COUNTIFS('Data Dump'!$P:$P,'SPL FEED'!$A6,'Data Dump'!$S:$S,'SPL FEED'!AH$2) -> 0 | AI6: =SUBTOTAL(9,AF6:AH6) -> 0 | AJ6: =SUBTOTAL(9,T6:AI6) -> 0
A7: S002 | B7: Spotlight Box Hill | C7: =COUNTIFS('Data Dump'!$P:$P,'SPL FEED'!$A7,'Data Dump'!$S:$S,'SPL FEED'!C$2) -> 0 | D7: =COUNTIFS('Data Dump'!$P:$P,'SPL FEED'!$A7,'Data Dump'!$S:$S,'SPL FEED'!D$2) -> 1 | E7: =COUNTIFS('Data Dump'!$P:$P,'SPL FEED'!$A7,'Data Dump'!$S:$S,'SPL FEED'!E$2) -> 1 | F7: =SUBTOTAL(9,C7:E7) -> 2 | G7: =COUNTIFS('Data Dump'!$P:$P,'SPL FEED'!$A7,'Data Dump'!$S:$S,'SPL FEED'!G$2) -> 3 | H7: =COUNTIFS('Data Dump'!$P:$P,'SPL FEED'!$A7,'Data Dump'!$S:$S,'SPL FEED'!H$2) -> 0 | I7: =COUNTIFS('Data Dump'!$P:$P,'SPL FEED'!$A7,'Data Dump'!$S:$S,'SPL FEED'!I$2) -> 2 | J7: =SUBTOTAL(9,G7:I7) -> 5 | K7: =COUNTIFS('Data Dump'!$P:$P,'SPL FEED'!$A7,'Data Dump'!$S:$S,'SPL FEED'!K$2) -> 0 | L7: =COUNTIFS('Data Dump'!$P:$P,'SPL FEED'!$A7,'Data Dump'!$S:$S,'SPL FEED'!L$2) -> 0 | M7: =COUNTIFS('Data Dump'!$P:$P,'SPL FEED'!$A7,'Data Dump'!$S:$S,'SPL FEED'!M$2) -> 1 | N7: =SUBTOTAL(9,K7:M7) -> 1 | O7: =COUNTIFS('Data Dump'!$P:$P,'SPL FEED'!$A7,'Data Dump'!$S:$S,'SPL FEED'!O$2) -> 0 | P7: =COUNTIFS('Data Dump'!$P:$P,'SPL FEED'!$A7,'Data Dump'!$S:$S,'SPL FEED'!P$2) -> 3 | Q7: =COUNTIFS('Data Dump'!$P:$P,'SPL FEED'!$A7,'Data Dump'!$S:$S,'SPL FEED'!Q$2) -> 0 | R7: =SUBTOTAL(9,O7:Q7) -> 3 | S7: =SUBTOTAL(9,C7:R7) -> 11 | T7: =COUNTIFS('Data Dump'!$P:$P,'SPL FEED'!$A7,'Data Dump'!$S:$S,'SPL FEED'!T$2) -> 0 | U7: =COUNTIFS('Data Dump'!$P:$P,'SPL FEED'!$A7,'Data Dump'!$S:$S,'SPL FEED'!U$2) -> 0 | V7: =COUNTIFS('Data Dump'!$P:$P,'SPL FEED'!$A7,'Data Dump'!$S:$S,'SPL FEED'!V$2) -> 1 | W7: =SUBTOTAL(9,T7:V7) -> 1 | X7: =COUNTIFS('Data Dump'!$P:$P,'SPL FEED'!$A7,'Data Dump'!$S:$S,'SPL FEED'!X$2) -> 2 | Y7: =COUNTIFS('Data Dump'!$P:$P,'SPL FEED'!$A7,'Data Dump'!$S:$S,'SPL FEED'!Y$2) -> 1 | Z7: =COUNTIFS('Data Dump'!$P:$P,'SPL FEED'!$A7,'Data Dump'!$S:$S,'SPL FEED'!Z$2) -> 1 | AA7: =SUBTOTAL(9,X7:Z7) -> 4 | AB7: =COUNTIFS('Data Dump'!$P:$P,'SPL FEED'!$A7,'Data Dump'!$S:$S,'SPL FEED'!AB$2) -> 0 | AC7: =COUNTIFS('Data Dump'!$P:$P,'SPL FEED'!$A7,'Data Dump'!$S:$S,'SPL FEED'!AC$2) -> 1 | AD7: =COUNTIFS('Data Dump'!$P:$P,'SPL FEED'!$A7,'Data Dump'!$S:$S,'SPL FEED'!AD$2) -> 0 | AE7: =SUBTOTAL(9,AB7:AD7) -> 1 | AF7: =COUNTIFS('Data Dump'!$P:$P,'SPL FEED'!$A7,'Data Dump'!$S:$S,'SPL FEED'!AF$2) -> 1 | AG7: =COUNTIFS('Data Dump'!$P:$P,'SPL FEED'!$A7,'Data Dump'!$S:$S,'SPL FEED'!AG$2) -> 1 | AH7: =COUNTIFS('Data Dump'!$P:$P,'SPL FEED'!$A7,'Data Dump'!$S:$S,'SPL FEED'!AH$2) -> 2 | AI7: =SUBTOTAL(9,AF7:AH7) -> 4 | AJ7: =SUBTOTAL(9,T7:AI7) -> 10
A8: S084 | B8: Spotlight Bunbury | C8: =COUNTIFS('Data Dump'!$P:$P,'SPL FEED'!$A8,'Data Dump'!$S:$S,'SPL FEED'!C$2) -> 0 | D8: =COUNTIFS('Data Dump'!$P:$P,'SPL FEED'!$A8,'Data Dump'!$S:$S,'SPL FEED'!D$2) -> 0 | E8: =COUNTIFS('Data Dump'!$P:$P,'SPL FEED'!$A8,'Data Dump'!$S:$S,'SPL FEED'!E$2) -> 0 | F8: =SUBTOTAL(9,C8:E8) -> 0 | G8: =COUNTIFS('Data Dump'!$P:$P,'SPL FEED'!$A8,'Data Dump'!$S:$S,'SPL FEED'!G$2) -> 0 | H8: =COUNTIFS('Data Dump'!$P:$P,'SPL FEED'!$A8,'Data Dump'!$S:$S,'SPL FEED'!H$2) -> 0 | I8: =COUNTIFS('Data Dump'!$P:$P,'SPL FEED'!$A8,'Data Dump'!$S:$S,'SPL FEED'!I$2) -> 0 | J8: =SUBTOTAL(9,G8:I8) -> 0 | K8: =COUNTIFS('Data Dump'!$P:$P,'SPL FEED'!$A8,'Data Dump'!$S:$S,'SPL FEED'!K$2) -> 0 | L8: =COUNTIFS('Data Dump'!$P:$P,'SPL FEED'!$A8,'Data Dump'!$S:$S,'SPL FEED'!L$2) -> 0 | M8: =COUNTIFS('Data Dump'!$P:$P,'SPL FEED'!$A8,'Data Dump'!$S:$S,'SPL FEED'!M$2) -> 0 | N8: =SUBTOTAL(9,K8:M8) -> 0 | O8: =COUNTIFS('Data Dump'!$P:$P,'SPL FEED'!$A8,'Data Dump'!$S:$S,'SPL FEED'!O$2) -> 0 | P8: =COUNTIFS('Data Dump'!$P:$P,'SPL FEED'!$A8,'Data Dump'!$S:$S,'SPL FEED'!P$2) -> 0 | Q8: =COUNTIFS('Data Dump'!$P:$P,'SPL FEED'!$A8,'Data Dump'!$S:$S,'SPL FEED'!Q$2) -> 0 | R8: =SUBTOTAL(9,O8:Q8) -> 0 | S8: =SUBTOTAL(9,C8:R8) -> 0 | T8: =COUNTIFS('Data Dump'!$P:$P,'SPL FEED'!$A8,'Data Dump'!$S:$S,'SPL FEED'!T$2) -> 0 | U8: =COUNTIFS('Data Dump'!$P:$P,'SPL FEED'!$A8,'Data Dump'!$S:$S,'SPL FEED'!U$2) -> 0 | V8: =COUNTIFS('Data Dump'!$P:$P,'SPL FEED'!$A8,'Data Dump'!$S:$S,'SPL FEED'!V$2) -> 0 | W8: =SUBTOTAL(9,T8:V8) -> 0 | X8: =COUNTIFS('Data Dump'!$P:$P,'SPL FEED'!$A8,'Data Dump'!$S:$S,'SPL FEED'!X$2) -> 0 | Y8: =COUNTIFS('Data Dump'!$P:$P,'SPL FEED'!$A8,'Data Dump'!$S:$S,'SPL FEED'!Y$2) -> 0 | Z8: =COUNTIFS('Data Dump'!$P:$P,'SPL FEED'!$A8,'Data Dump'!$S:$S,'SPL FEED'!Z$2) -> 0 | AA8: =SUBTOTAL(9,X8:Z8) -> 0 | AB8: =COUNTIFS('Data Dump'!$P:$P,'SPL FEED'!$A8,'Data Dump'!$S:$S,'SPL FEED'!AB$2) -> 0 | AC8: =COUNTIFS('Data Dump'!$P:$P,'SPL FEED'!$A8,'Data Dump'!$S:$S,'SPL FEED'!AC$2) -> 0 | AD8: =COUNTIFS('Data Dump'!$P:$P,'SPL FEED'!$A8,'Data Dump'!$S:$S,'SPL FEED'!AD$2) -> 0 | AE8: =SUBTOTAL(9,AB8:AD8) -> 0 | AF8: =COUNTIFS('Data Dump'!$P:$P,'SPL FEED'!$A8,'Data Dump'!$S:$S,'SPL FEED'!AF$2) -> 0 | AG8: =COUNTIFS('Data Dump'!$P:$P,'SPL FEED'!$A8,'Data Dump'!$S:$S,'SPL FEED'!AG$2) -> 0 | AH8: =COUNTIFS('Data Dump'!$P:$P,'SPL FEED'!$A8,'Data Dump'!$S:$S,'SPL FEED'!AH$2) -> 0 | AI8: =SUBTOTAL(9,AF8:AH8) -> 0 | AJ8: =SUBTOTAL(9,T8:AI8) -> 0
A9: S069 | B9: Spotlight Bundaberg | C9: =COUNTIFS('Data Dump'!$P:$P,'SPL FEED'!$A9,'Data Dump'!$S:$S,'SPL FEED'!C$2) -> 0 | D9: =COUNTIFS('Data Dump'!$P:$P,'SPL FEED'!$A9,'Data Dump'!$S:$S,'SPL FEED'!D$2) -> 0 | E9: =COUNTIFS('Data Dump'!$P:$P,'SPL FEED'!$A9,'Data Dump'!$S:$S,'SPL FEED'!E$2) -> 0 | F9: =SUBTOTAL(9,C9:E9) -> 0 | G9: =COUNTIFS('Data Dump'!$P:$P,'SPL FEED'!$A9,'Data Dump'!$S:$S,'SPL FEED'!G$2) -> 0 | H9: =COUNTIFS('Data Dump'!$P:$P,'SPL FEED'!$A9,'Data Dump'!$S:$S,'SPL FEED'!H$2) -> 0 | I9: =COUNTIFS('Data Dump'!$P:$P,'SPL FEED'!$A9,'Data Dump'!$S:$S,'SPL FEED'!I$2) -> 0 | J9: =SUBTOTAL(9,G9:I9) -> 0 | K9: =COUNTIFS('Data Dump'!$P:$P,'SPL FEED'!$A9,'Data Dump'!$S:$S,'SPL FEED'!K$2) -> 0 | L9: =COUNTIFS('Data Dump'!$P:$P,'SPL FEED'!$A9,'Data Dump'!$S:$S,'SPL FEED'!L$2) -> 0 | M9: =COUNTIFS('Data Dump'!$P:$P,'SPL FEED'!$A9,'Data Dump'!$S:$S,'SPL FEED'!M$2) -> 0 | N9: =SUBTOTAL(9,K9:M9) -> 0 | O9: =COUNTIFS('Data Dump'!$P:$P,'SPL FEED'!$A9,'Data Dump'!$S:$S,'SPL FEED'!O$2) -> 0 | P9: =COUNTIFS('Data Dump'!$P:$P,'SPL FEED'!$A9,'Data Dump'!$S:$S,'SPL FEED'!P$2) -> 0 | Q9: =COUNTIFS('Data Dump'!$P:$P,'SPL FEED'!$A9,'Data Dump'!$S:$S,'SPL FEED'!Q$2) -> 0 | R9: =SUBTOTAL(9,O9:Q9) -> 0 | S9: =SUBTOTAL(9,C9:R9) -> 0 | T9: =COUNTIFS('Data Dump'!$P:$P,'SPL FEED'!$A9,'Data Dump'!$S:$S,'SPL FEED'!T$2) -> 0 | U9: =COUNTIFS('Data Dump'!$P:$P,'SPL FEED'!$A9,'Data Dump'!$S:$S,'SPL FEED'!U$2) -> 0 | V9: =COUNTIFS('Data Dump'!$P:$P,'SPL FEED'!$A9,'Data Dump'!$S:$S,'SPL FEED'!V$2) -> 0 | W9: =SUBTOTAL(9,T9:V9) -> 0 | X9: =COUNTIFS('Data Dump'!$P:$P,'SPL FEED'!$A9,'Data Dump'!$S:$S,'SPL FEED'!X$2) -> 0 | Y9: =COUNTIFS('Data Dump'!$P:$P,'SPL FEED'!$A9,'Data Dump'!$S:$S,'SPL FEED'!Y$2) -> 0 | Z9: =COUNTIFS('Data Dump'!$P:$P,'SPL FEED'!$A9,'Data Dump'!$S:$S,'SPL FEED'!Z$2) -> 0 | AA9: =SUBTOTAL(9,X9:Z9) -> 0 | AB9: =COUNTIFS('Data Dump'!$P:$P,'SPL FEED'!$A9,'Data Dump'!$S:$S,'SPL FEED'!AB$2) -> 0 | AC9: =COUNTIFS('Data Dump'!$P:$P,'SPL FEED'!$A9,'Data Dump'!$S:$S,'SPL FEED'!AC$2) -> 0 | AD9: =COUNTIFS('Data Dump'!$P:$P,'SPL FEED'!$A9,'Data Dump'!$S:$S,'SPL FEED'!AD$2) -> 0 | AE9: =SUBTOTAL(9,AB9:AD9) -> 0 | AF9: =COUNTIFS('Data Dump'!$P:$P,'SPL FEED'!$A9,'Data Dump'!$S:$S,'SPL FEED'!AF$2) -> 0 | AG9: =COUNTIFS('Data Dump'!$P:$P,'SPL FEED'!$A9,'Data Dump'!$S:$S,'SPL FEED'!AG$2) -> 0 | AH9: =COUNTIFS('Data Dump'!$P:$P,'SPL FEED'!$A9,'Data Dump'!$S:$S,'SPL FEED'!AH$2) -> 0 | AI9: =SUBTOTAL(9,AF9:AH9) -> 0 | AJ9: =SUBTOTAL(9,T9:AI9) -> 0
A10: S098 | B10: Spotlight Burnside | C10: =COUNTIFS('Data Dump'!$P:$P,'SPL FEED'!$A10,'Data Dump'!$S:$S,'SPL FEED'!C$2) -> 0 | D10: =COUNTIFS('Data Dump'!$P:$P,'SPL FEED'!$A10,'Data Dump'!$S:$S,'SPL FEED'!D$2) -> 0 | E10: =COUNTIFS('Data Dump'!$P:$P,'SPL FEED'!$A10,'Data Dump'!$S:$S,'SPL FEED'!E$2) -> 0 | F10: =SUBTOTAL(9,C10:E10) -> 0 | G10: =COUNTIFS('Data Dump'!$P:$P,'SPL FEED'!$A10,'Data Dump'!$S:$S,'SPL FEED'!G$2) -> 0 | H10: =COUNTIFS('Data Dump'!$P:$P,'SPL FEED'!$A10,'Data Dump'!$S:$S,'SPL FEED'!H$2) -> 1 | I10: =COUNTIFS('Data Dump'!$P:$P,'SPL FEED'!$A10,'Data Dump'!$S:$S,'SPL FEED'!I$2) -> 1 | J10: =SUBTOTAL(9,G10:I10) -> 2 | K10: =COUNTIFS('Data Dump'!$P:$P,'SPL FEED'!$A10,'Data Dump'!$S:$S,'SPL FEED'!K$2) -> 0 | L10: =COUNTIFS('Data Dump'!$P:$P,'SPL FEED'!$A10,'Data Dump'!$S:$S,'SPL FEED'!L$2) -> 0 | M10: =COUNTIFS('Data Dump'!$P:$P,'SPL FEED'!$A10,'Data Dump'!$S:$S,'SPL FEED'!M$2) -> 0 | N10: =SUBTOTAL(9,K10:M10) -> 0 | O10: =COUNTIFS('Data Dump'!$P:$P,'SPL FEED'!$A10,'Data Dump'!$S:$S,'SPL FEED'!O$2) -> 0 | P10: =COUNTIFS('Data Dump'!$P:$P,'SPL FEED'!$A10,'Data Dump'!$S:$S,'SPL FEED'!P$2) -> 0 | Q10: =COUNTIFS('Data Dump'!$P:$P,'SPL FEED'!$A10,'Data Dump'!$S:$S,'SPL FEED'!Q$2) -> 0 | R10: =SUBTOTAL(9,O10:Q10) -> 0 | S10: =SUBTOTAL(9,C10:R10) -> 2 | T10: =COUNTIFS('Data Dump'!$P:$P,'SPL FEED'!$A10,'Data Dump'!$S:$S,'SPL FEED'!T$2) -> 0 | U10: =COUNTIFS('Data Dump'!$P:$P,'SPL FEED'!$A10,'Data Dump'!$S:$S,'SPL FEED'!U$2) -> 0 | V10: =COUNTIFS('Data Dump'!$P:$P,'SPL FEED'!$A10,'Data Dump'!$S:$S,'SPL FEED'!V$2) -> 1 | W10: =SUBTOTAL(9,T10:V10) -> 1 | X10: =COUNTIFS('Data Dump'!$P:$P,'SPL FEED'!$A10,'Data Dump'!$S:$S,'SPL FEED'!X$2) -> 1 | Y10: =COUNTIFS('Data Dump'!$P:$P,'SPL FEED'!$A10,'Data Dump'!$S:$S,'SPL FEED'!Y$2) -> 0 | Z10: =COUNTIFS('Data Dump'!$P:$P,'SPL FEED'!$A10,'Data Dump'!$S:$S,'SPL FEED'!Z$2) -> 1 | AA10: =SUBTOTAL(9,X10:Z10) -> 2 | AB10: =COUNTIFS('Data Dump'!$P:$P,'SPL FEED'!$A10,'Data Dump'!$S:$S,'SPL FEED'!AB$2) -> 0 | AC10: =COUNTIFS('Data Dump'!$P:$P,'SPL FEED'!$A10,'Data Dump'!$S:$S,'SPL FEED'!AC$2) -> 0 | AD10: =COUNTIFS('Data Dump'!$P:$P,'SPL FEED'!$A10,'Data Dump'!$S:$S,'SPL FEED'!AD$2) -> 1 | AE10: =SUBTOTAL(9,AB10:AD10) -> 1 | AF10: =COUNTIFS('Data Dump'!$P:$P,'SPL FEED'!$A10,'Data Dump'!$S:$S,'SPL FEED'!AF$2) -> 0 | AG10: =COUNTIFS('Data Dump'!$P:$P,'SPL FEED'!$A10,'Data Dump'!$S:$S,'SPL FEED'!AG$2) -> 0 | AH10: =COUNTIFS('Data Dump'!$P:$P,'SPL FEED'!$A10,'Data Dump'!$S:$S,'SPL FEED'!AH$2) -> 0 | AI10: =SUBTOTAL(9,AF10:AH10) -> 0 | AJ10: =SUBTOTAL(9,T10:AI10) -> 4
A11: S037 | B11: Spotlight Campbelltown | C11: =COUNTIFS('Data Dump'!$P:$P,'SPL FEED'!$A11,'Data Dump'!$S:$S,'SPL FEED'!C$2) -> 0 | D11: =COUNTIFS('Data Dump'!$P:$P,'SPL FEED'!$A11,'Data Dump'!$S:$S,'SPL FEED'!D$2) -> 0 | E11: =COUNTIFS('Data Dump'!$P:$P,'SPL FEED'!$A11,'Data Dump'!$S:$S,'SPL FEED'!E$2) -> 0 | F11: =SUBTOTAL(9,C11:E11) -> 0 | G11: =COUNTIFS('Data Dump'!$P:$P,'SPL FEED'!$A11,'Data Dump'!$S:$S,'SPL FEED'!G$2) -> 0 | H11: =COUNTIFS('Data Dump'!$P:$P,'SPL FEED'!$A11,'Data Dump'!$S:$S,'SPL FEED'!H$2) -> 1 | I11: =COUNTIFS('Data Dump'!$P:$P,'SPL FEED'!$A11,'Data Dump'!$S:$S,'SPL FEED'!I$2) -> 0 | J11: =SUBTOTAL(9,G11:I11) -> 1 | K11: =COUNTIFS('Data Dump'!$P:$P,'SPL FEED'!$A11,'Data Dump'!$S:$S,'SPL FEED'!K$2) -> 0 | L11: =COUNTIFS('Data Dump'!$P:$P,'SPL FEED'!$A11,'Data Dump'!$S:$S,'SPL FEED'!L$2) -> 0 | M11: =COUNTIFS('Data Dump'!$P:$P,'SPL FEED'!$A11,'Data Dump'!$S:$S,'SPL FEED'!M$2) -> 0 | N11: =SUBTOTAL(9,K11:M11) -> 0 | O11: =COUNTIFS('Data Dump'!$P:$P,'SPL FEED'!$A11,'Data Dump'!$S:$S,'SPL FEED'!O$2) -> 0 | P11: =COUNTIFS('Data Dump'!$P:$P,'SPL FEED'!$A11,'Data Dump'!$S:$S,'SPL FEED'!P$2) -> 0 | Q11: =COUNTIFS('Data Dump'!$P:$P,'SPL FEED'!$A11,'Data Dump'!$S:$S,'SPL FEED'!Q$2) -> 0 | R11: =SUBTOTAL(9,O11:Q11) -> 0 | S11: =SUBTOTAL(9,C11:R11) -> 1 | T11: =COUNTIFS('Data Dump'!$P:$P,'SPL FEED'!$A11,'Data Dump'!$S:$S,'SPL FEED'!T$2) -> 0 | U11: =COUNTIFS('Data Dump'!$P:$P,'SPL FEED'!$A11,'Data Dump'!$S:$S,'SPL FEED'!U$2) -> 0 | V11: =COUNTIFS('Data Dump'!$P:$P,'SPL FEED'!$A11,'Data Dump'!$S:$S,'SPL FEED'!V$2) -> 0 | W11: =SUBTOTAL(9,T11:V11) -> 0 | X11: =COUNTIFS('Data Dump'!$P:$P,'SPL FEED'!$A11,'Data Dump'!$S:$S,'SPL FEED'!X$2) -> 0 | Y11: =COUNTIFS('Data Dump'!$P:$P,'SPL FEED'!$A11,'Data Dump'!$S:$S,'SPL FEED'!Y$2) -> 0 | Z11: =COUNTIFS('Data Dump'!$P:$P,'SPL FEED'!$A11,'Data Dump'!$S:$S,'SPL FEED'!Z$2) -> 0 | AA11: =SUBTOTAL(9,X11:Z11) -> 0 | AB11: =COUNTIFS('Data Dump'!$P:$P,'SPL FEED'!$A11,'Data Dump'!$S:$S,'SPL FEED'!AB$2) -> 0 | AC11: =COUNTIFS('Data Dump'!$P:$P,'SPL FEED'!$A11,'Data Dump'!$S:$S,'SPL FEED'!AC$2) -> 0 | AD11: =COUNTIFS('Data Dump'!$P:$P,'SPL FEED'!$A11,'Data Dump'!$S:$S,'SPL FEED'!AD$2) -> 0 | AE11: =SUBTOTAL(9,AB11:AD11) -> 0 | AF11: =COUNTIFS('Data Dump'!$P:$P,'SPL FEED'!$A11,'Data Dump'!$S:$S,'SPL FEED'!AF$2) -> 0 | AG11: =COUNTIFS('Data Dump'!$P:$P,'SPL FEED'!$A11,'Data Dump'!$S:$S,'SPL FEED'!AG$2) -> 0 | AH11: =COUNTIFS('Data Dump'!$P:$P,'SPL FEED'!$A11,'Data Dump'!$S:$S,'SPL FEED'!AH$2) -> 0 | AI11: =SUBTOTAL(9,AF11:AH11) -> 0 | AJ11: =SUBTOTAL(9,T11:AI11) -> 0
A12: S088 | B12: Spotlight Castle Hill | C12: =COUNTIFS('Data Dump'!$P:$P,'SPL FEED'!$A12,'Data Dump'!$S:$S,'SPL FEED'!C$2) -> 0 | D12: =COUNTIFS('Data Dump'!$P:$P,'SPL FEED'!$A12,'Data Dump'!$S:$S,'SPL FEED'!D$2) -> 0 | E12: =COUNTIFS('Data Dump'!$P:$P,'SPL FEED'!$A12,'Data Dump'!$S:$S,'SPL FEED'!E$2) -> 0 | F12: =SUBTOTAL(9,C12:E12) -> 0 | G12: =COUNTIFS('Data Dump'!$P:$P,'SPL FEED'!$A12,'Data Dump'!$S:$S,'SPL FEED'!G$2) -> 1 | H12: =COUNTIFS('Data Dump'!$P:$P,'SPL FEED'!$A12,'Data Dump'!$S:$S,'SPL FEED'!H$2) -> 0 | I12: =COUNTIFS('Data Dump'!$P:$P,'SPL FEED'!$A12,'Data Dump'!$S:$S,'SPL FEED'!I$2) -> 0 | J12: =SUBTOTAL(9,G12:I12) -> 1 | K12: =COUNTIFS('Data Dump'!$P:$P,'SPL FEED'!$A12,'Data Dump'!$S:$S,'SPL FEED'!K$2) -> 0 | L12: =COUNTIFS('Data Dump'!$P:$P,'SPL FEED'!$A12,'Data Dump'!$S:$S,'SPL FEED'!L$2) -> 0 | M12: =COUNTIFS('Data Dump'!$P:$P,'SPL FEED'!$A12,'Data Dump'!$S:$S,'SPL FEED'!M$2) -> 0 | N12: =SUBTOTAL(9,K12:M12) -> 0 | O12: =COUNTIFS('Data Dump'!$P:$P,'SPL FEED'!$A12,'Data Dump'!$S:$S,'SPL FEED'!O$2) -> 0 | P12: =COUNTIFS('Data Dump'!$P:$P,'SPL FEED'!$A12,'Data Dump'!$S:$S,'SPL FEED'!P$2) -> 0 | Q12: =COUNTIFS('Data Dump'!$P:$P,'SPL FEED'!$A12,'Data Dump'!$S:$S,'SPL FEED'!Q$2) -> 0 | R12: =SUBTOTAL(9,O12:Q12) -> 0 | S12: =SUBTOTAL(9,C12:R12) -> 1 | T12: =COUNTIFS('Data Dump'!$P:$P,'SPL FEED'!$A12,'Data Dump'!$S:$S,'SPL FEED'!T$2) -> 0 | U12: =COUNTIFS('Data Dump'!$P:$P,'SPL FEED'!$A12,'Data Dump'!$S:$S,'SPL FEED'!U$2) -> 0 | V12: =COUNTIFS('Data Dump'!$P:$P,'SPL FEED'!$A12,'Data Dump'!$S:$S,'SPL FEED'!V$2) -> 0 | W12: =SUBTOTAL(9,T12:V12) -> 0 | X12: =COUNTIFS('Data Dump'!$P:$P,'SPL FEED'!$A12,'Data Dump'!$S:$S,'SPL FEED'!X$2) -> 0 | Y12: =COUNTIFS('Data Dump'!$P:$P,'SPL FEED'!$A12,'Data Dump'!$S:$S,'SPL FEED'!Y$2) -> 0 | Z12: =COUNTIFS('Data Dump'!$P:$P,'SPL FEED'!$A12,'Data Dump'!$S:$S,'SPL FEED'!Z$2) -> 0 | AA12: =SUBTOTAL(9,X12:Z12) -> 0 | AB12: =COUNTIFS('Data Dump'!$P:$P,'SPL FEED'!$A12,'Data Dump'!$S:$S,'SPL FEED'!AB$2) -> 0 | AC12: =COUNTIFS('Data Dump'!$P:$P,'SPL FEED'!$A12,'Data Dump'!$S:$S,'SPL FEED'!AC$2) -> 0 | AD12: =COUNTIFS('Data Dump'!$P:$P,'SPL FEED'!$A12,'Data Dump'!$S:$S,'SPL FEED'!AD$2) -> 0 | AE12: =SUBTOTAL(9,AB12:AD12) -> 0 | AF12: =COUNTIFS('Data Dump'!$P:$P,'SPL FEED'!$A12,'Data Dump'!$S:$S,'SPL FEED'!AF$2) -> 0 | AG12: =COUNTIFS('Data Dump'!$P:$P,'SPL FEED'!$A12,'Data Dump'!$S:$S,'SPL FEED'!AG$2) -> 0 | AH12: =COUNTIFS('Data Dump'!$P:$P,'SPL FEED'!$A12,'Data Dump'!$S:$S,'SPL FEED'!AH$2) -> 0 | AI12: =SUBTOTAL(9,AF12:AH12) -> 0 | AJ12: =SUBTOTAL(9,T12:AI12) -> 0
A13: S074 | B13: Spotlight Clovercrest | C13: =COUNTIFS('Data Dump'!$P:$P,'SPL FEED'!$A13,'Data Dump'!$S:$S,'SPL FEED'!C$2) -> 0 | D13: =COUNTIFS('Data Dump'!$P:$P,'SPL FEED'!$A13,'Data Dump'!$S:$S,'SPL FEED'!D$2) -> 1 | E13: =COUNTIFS('Data Dump'!$P:$P,'SPL FEED'!$A13,'Data Dump'!$S:$S,'SPL FEED'!E$2) -> 0 | F13: =SUBTOTAL(9,C13:E13) -> 1 | G13: =COUNTIFS('Data Dump'!$P:$P,'SPL FEED'!$A13,'Data Dump'!$S:$S,'SPL FEED'!G$2) -> 0 | H13: =COUNTIFS('Data Dump'!$P:$P,'SPL FEED'!$A13,'Data Dump'!$S:$S,'SPL FEED'!H$2) -> 0 | I13: =COUNTIFS('Data Dump'!$P:$P,'SPL FEED'!$A13,'Data Dump'!$S:$S,'SPL FEED'!I$2) -> 0 | J13: =SUBTOTAL(9,G13:I13) -> 0 | K13: =COUNTIFS('Data Dump'!$P:$P,'SPL FEED'!$A13,'Data Dump'!$S:$S,'SPL FEED'!K$2) -> 0 | L13: =COUNTIFS('Data Dump'!$P:$P,'SPL FEED'!$A13,'Data Dump'!$S:$S,'SPL FEED'!L$2) -> 0 | M13: =COUNTIFS('Data Dump'!$P:$P,'SPL FEED'!$A13,'Data Dump'!$S:$S,'SPL FEED'!M$2) -> 0 | N13: =SUBTOTAL(9,K13:M13) -> 0 | O13: =COUNTIFS('Data Dump'!$P:$P,'SPL FEED'!$A13,'Data Dump'!$S:$S,'SPL FEED'!O$2) -> 0 | P13: =COUNTIFS('Data Dump'!$P:$P,'SPL FEED'!$A13,'Data Dump'!$S:$S,'SPL FEED'!P$2) -> 0 | Q13: =COUNTIFS('Data Dump'!$P:$P,'SPL FEED'!$A13,'Data Dump'!$S:$S,'SPL FEED'!Q$2) -> 0 | R13: =SUBTOTAL(9,O13:Q13) -> 0 | S13: =SUBTOTAL(9,C13:R13) -> 1 | T13: =COUNTIFS('Data Dump'!$P:$P,'SPL FEED'!$A13,'Data Dump'!$S:$S,'SPL FEED'!T$2) -> 0 | U13: =COUNTIFS('Data Dump'!$P:$P,'SPL FEED'!$A13,'Data Dump'!$S:$S,'SPL FEED'!U$2) -> 0 | V13: =COUNTIFS('Data Dump'!$P:$P,'SPL FEED'!$A13,'Data Dump'!$S:$S,'SPL FEED'!V$2) -> 0 | W13: =SUBTOTAL(9,T13:V13) -> 0 | X13: =COUNTIFS('Data Dump'!$P:$P,'SPL FEED'!$A13,'Data Dump'!$S:$S,'SPL FEED'!X$2) -> 0 | Y13: =COUNTIFS('Data Dump'!$P:$P,'SPL FEED'!$A13,'Data Dump'!$S:$S,'SPL FEED'!Y$2) -> 1 | Z13: =COUNTIFS('Data Dump'!$P:$P,'SPL FEED'!$A13,'Data Dump'!$S:$S,'SPL FEED'!Z$2) -> 0 | AA13: =SUBTOTAL(9,X13:Z13) -> 1 | AB13: =COUNTIFS('Data Dump'!$P:$P,'SPL FEED'!$A13,'Data Dump'!$S:$S,'SPL FEED'!AB$2) -> 0 | AC13: =COUNTIFS('Data Dump'!$P:$P,'SPL FEED'!$A13,'Data Dump'!$S:$S,'SPL FEED'!AC$2) -> 0 | AD13: =COUNTIFS('Data Dump'!$P:$P,'SPL FEED'!$A13,'Data Dump'!$S:$S,'SPL FEED'!AD$2) -> 0 | AE13: =SUBTOTAL(9,AB13:AD13) -> 0 | AF13: =COUNTIFS('Data Dump'!$P:$P,'SPL FEED'!$A13,'Data Dump'!$S:$S,'SPL FEED'!AF$2) -> 0 | AG13: =COUNTIFS('Data Dump'!$P:$P,'SPL FEED'!$A13,'Data Dump'!$S:$S,'SPL FEED'!AG$2) -> 0 | AH13: =COUNTIFS('Data Dump'!$P:$P,'SPL FEED'!$A13,'Data Dump'!$S:$S,'SPL FEED'!AH$2) -> 0 | AI13: =SUBTOTAL(9,AF13:AH13) -> 0 | AJ13: =SUBTOTAL(9,T13:AI13) -> 1
A14: S135 | B14: Spotlight Cranbourne | C14: =COUNTIFS('Data Dump'!$P:$P,'SPL FEED'!$A14,'Data Dump'!$S:$S,'SPL FEED'!C$2) -> 0 | D14: =COUNTIFS('Data Dump'!$P:$P,'SPL FEED'!$A14,'Data Dump'!$S:$S,'SPL FEED'!D$2) -> 0 | E14: =COUNTIFS('Data Dump'!$P:$P,'SPL FEED'!$A14,'Data Dump'!$S:$S,'SPL FEED'!E$2) -> 0 | F14: =SUBTOTAL(9,C14:E14) -> 0 | G14: =COUNTIFS('Data Dump'!$P:$P,'SPL FEED'!$A14,'Data Dump'!$S:$S,'SPL FEED'!G$2) -> 0 | H14: =COUNTIFS('Data Dump'!$P:$P,'SPL FEED'!$A14,'Data Dump'!$S:$S,'SPL FEED'!H$2) -> 0 | I14: =COUNTIFS('Data Dump'!$P:$P,'SPL FEED'!$A14,'Data Dump'!$S:$S,'SPL FEED'!I$2) -> 0 | J14: =SUBTOTAL(9,G14:I14) -> 0 | K14: =COUNTIFS('Data Dump'!$P:$P,'SPL FEED'!$A14,'Data Dump'!$S:$S,'SPL FEED'!K$2) -> 0 | L14: =COUNTIFS('Data Dump'!$P:$P,'SPL FEED'!$A14,'Data Dump'!$S:$S,'SPL FEED'!L$2) -> 0 | M14: =COUNTIFS('Data Dump'!$P:$P,'SPL FEED'!$A14,'Data Dump'!$S:$S,'SPL FEED'!M$2) -> 0 | N14: =SUBTOTAL(9,K14:M14) -> 0 | O14: =COUNTIFS('Data Dump'!$P:$P,'SPL FEED'!$A14,'Data Dump'!$S:$S,'SPL FEED'!O$2) -> 0 | P14: =COUNTIFS('Data Dump'!$P:$P,'SPL FEED'!$A14,'Data Dump'!$S:$S,'SPL FEED'!P$2) -> 0 | Q14: =COUNTIFS('Data Dump'!$P:$P,'SPL FEED'!$A14,'Data Dump'!$S:$S,'SPL FEED'!Q$2) -> 0 | R14: =SUBTOTAL(9,O14:Q14) -> 0 | S14: =SUBTOTAL(9,C14:R14) -> 0 | T14: =COUNTIFS('Data Dump'!$P:$P,'SPL FEED'!$A14,'Data Dump'!$S:$S,'SPL FEED'!T$2) -> 0 | U14: =COUNTIFS('Data Dump'!$P:$P,'SPL FEED'!$A14,'Data Dump'!$S:$S,'SPL FEED'!U$2) -> 1 | V14: =COUNTIFS('Data Dump'!$P:$P,'SPL FEED'!$A14,'Data Dump'!$S:$S,'SPL FEED'!V$2) -> 0 | W14: =SUBTOTAL(9,T14:V14) -> 1 | X14: =COUNTIFS('Data Dump'!$P:$P,'SPL FEED'!$A14,'Data Dump'!$S:$S,'SPL FEED'!X$2) -> 0 | Y14: =COUNTIFS('Data Dump'!$P:$P,'SPL FEED'!$A14,'Data Dump'!$S:$S,'SPL FEED'!Y$2) -> 0 | Z14: =COUNTIFS('Data Dump'!$P:$P,'SPL FEED'!$A14,'Data Dump'!$S:$S,'SPL FEED'!Z$2) -> 0 | AA14: =SUBTOTAL(9,X14:Z14) -> 0 | AB14: =COUNTIFS('Data Dump'!$P:$P,'SPL FEED'!$A14,'Data Dump'!$S:$S,'SPL FEED'!AB$2) -> 0 | AC14: =COUNTIFS('Data Dump'!$P:$P,'SPL FEED'!$A14,'Data Dump'!$S:$S,'SPL FEED'!AC$2) -> 0 | AD14: =COUNTIFS('Data Dump'!$P:$P,'SPL FEED'!$A14,'Data Dump'!$S:$S,'SPL FEED'!AD$2) -> 0 | AE14: =SUBTOTAL(9,AB14:AD14) -> 0 | AF14: =COUNTIFS('Data Dump'!$P:$P,'SPL FEED'!$A14,'Data Dump'!$S:$S,'SPL FEED'!AF$2) -> 0 | AG14: =COUNTIFS('Data Dump'!$P:$P,'SPL FEED'!$A14,'Data Dump'!$S:$S,'SPL FEED'!AG$2) -> 0 | AH14: =COUNTIFS('Data Dump'!$P:$P,'SPL FEED'!$A14,'Data Dump'!$S:$S,'SPL FEED'!AH$2) -> 0 | AI14: =SUBTOTAL(9,AF14:AH14) -> 0 | AJ14: =SUBTOTAL(9,T14:AI14) -> 1
... A44: S079 | B44: Spotlight West Burleigh | C44: =COUNTIFS('Data Dump'!$P:$P,'SPL FEED'!$A44,'Data Dump'!$S:$S,'SPL FEED'!C$2) -> 0 | D44: =COUNTIFS('Data Dump'!$P:$P,'SPL FEED'!$A44,'Data Dump'!$S:$S,'SPL FEED'!D$2) -> 0 | E44: =COUNTIFS('Data Dump'!$P:$P,'SPL FEED'!$A44,'Data Dump'!$S:$S,'SPL FEED'!E$2) -> 0 | F44: =SUBTOTAL(9,C44:E44) -> 0 | G44: =COUNTIFS('Data Dump'!$P:$P,'SPL FEED'!$A44,'Data Dump'!$S:$S,'SPL FEED'!G$2) -> 0 | H44: =COUNTIFS('Data Dump'!$P:$P,'SPL FEED'!$A44,'Data Dump'!$S:$S,'SPL FEED'!H$2) -> 0 | I44: =COUNTIFS('Data Dump'!$P:$P,'SPL FEED'!$A44,'Data Dump'!$S:$S,'SPL FEED'!I$2) -> 0 | J44: =SUBTOTAL(9,G44:I44) -> 0 | K44: =COUNTIFS('Data Dump'!$P:$P,'SPL FEED'!$A44,'Data Dump'!$S:$S,'SPL FEED'!K$2) -> 0 | L44: =COUNTIFS('Data Dump'!$P:$P,'SPL FEED'!$A44,'Data Dump'!$S:$S,'SPL FEED'!L$2) -> 0 | M44: =COUNTIFS('Data Dump'!$P:$P,'SPL FEED'!$A44,'Data Dump'!$S:$S,'SPL FEED'!M$2) -> 0 | N44: =SUBTOTAL(9,K44:M44) -> 0 | O44: =COUNTIFS('Data Dump'!$P:$P,'SPL FEED'!$A44,'Data Dump'!$S:$S,'SPL FEED'!O$2) -> 0 | P44: =COUNTIFS('Data Dump'!$P:$P,'SPL FEED'!$A44,'Data Dump'!$S:$S,'SPL FEED'!P$2) -> 0 | Q44: =COUNTIFS('Data Dump'!$P:$P,'SPL FEED'!$A44,'Data Dump'!$S:$S,'SPL FEED'!Q$2) -> 0 | R44: =SUBTOTAL(9,O44:Q44) -> 0 | S44: =SUBTOTAL(9,C44:R44) -> 0 | T44: =COUNTIFS('Data Dump'!$P:$P,'SPL FEED'!$A44,'Data Dump'!$S:$S,'SPL FEED'!T$2) -> 0 | U44: =COUNTIFS('Data Dump'!$P:$P,'SPL FEED'!$A44,'Data Dump'!$S:$S,'SPL FEED'!U$2) -> 0 | V44: =COUNTIFS('Data Dump'!$P:$P,'SPL FEED'!$A44,'Data Dump'!$S:$S,'SPL FEED'!V$2) -> 0 | W44: =SUBTOTAL(9,T44:V44) -> 0 | X44: =COUNTIFS('Data Dump'!$P:$P,'SPL FEED'!$A44,'Data Dump'!$S:$S,'SPL FEED'!X$2) -> 0 | Y44: =COUNTIFS('Data Dump'!$P:$P,'SPL FEED'!$A44,'Data Dump'!$S:$S,'SPL FEED'!Y$2) -> 0 | Z44: =COUNTIFS('Data Dump'!$P:$P,'SPL FEED'!$A44,'Data Dump'!$S:$S,'SPL FEED'!Z$2) -> 0 | AA44: =SUBTOTAL(9,X44:Z44) -> 0 | AB44: =COUNTIFS('Data Dump'!$P:$P,'SPL FEED'!$A44,'Data Dump'!$S:$S,'SPL FEED'!AB$2) -> 0 | AC44: =COUNTIFS('Data Dump'!$P:$P,'SPL FEED'!$A44,'Data Dump'!$S:$S,'SPL FEED'!AC$2) -> 0 | AD44: =COUNTIFS('Data Dump'!$P:$P,'SPL FEED'!$A44,'Data Dump'!$S:$S,'SPL FEED'!AD$2) -> 0 | AE44: =SUBTOTAL(9,AB44:AD44) -> 0 | AF44: =COUNTIFS('Data Dump'!$P:$P,'SPL FEED'!$A44,'Data Dump'!$S:$S,'SPL FEED'!AF$2) -> 0 | AG44: =COUNTIFS('Data Dump'!$P:$P,'SPL FEED'!$A44,'Data Dump'!$S:$S,'SPL FEED'!AG$2) -> 0 | AH44: =COUNTIFS('Data Dump'!$P:$P,'SPL FEED'!$A44,'Data Dump'!$S:$S,'SPL FEED'!AH$2) -> 0 | AI44: =SUBTOTAL(9,AF44:AH44) -> 0 | AJ44: =SUBTOTAL(9,T44:AI44) -> 0
A45: Grand Total | C45: =SUM(C3:C44) -> 7 | D45: =SUM(D3:D44) -> 8 | E45: =SUM(E3:E44) -> 8 | F45: =SUM(F3:F44) -> 23 | G45: =SUM(G3:G44) -> 9 | H45: =SUM(H3:H44) -> 7 | I45: =SUM(I3:I44) -> 8 | J45: =SUM(J3:J44) -> 24 | ... AJ45: =SUM(AJ3:AJ44) -> 70
A47: YTD
A48: S021 | B48: Spotlight Albury | C48: =SUBTOTAL(9,$C3:C3) -> 0 | D48: =SUBTOTAL(9,$C3:D3) -> 0 | E48: =SUBTOTAL(9,$C3:E3) -> 0 | F48: =SUBTOTAL(9,$C3:F3) -> 0 | G48: =SUBTOTAL(9,$C3:G3) -> 0 | H48: =SUBTOTAL(9,$C3:H3) -> 0 | I48: =SUBTOTAL(9,$C3:I3) -> 0 | J48: =SUBTOTAL(9,$C3:J3) -> 0 | ... S48: =SUBTOTAL(9,$C3:S3) -> 0 | T48: =SUBTOTAL(9,$T3:T3) -> 0 | U48: =SUBTOTAL(9,$T3:U3) -> 0 | V48: =SUBTOTAL(9,$T3:V3) -> 0 | W48: =SUBTOTAL(9,$T3:W3) -> 0 | X48: =SUBTOTAL(9,$T3:X3) -> 0 | Y48: =SUBTOTAL(9,$T3:Y3) -> 0 | Z48: =SUBTOTAL(9,$T3:Z3) -> 0 | AA48: =SUBTOTAL(9,$T3:AA3) -> 0 | ... AJ48: =SUBTOTAL(9,$T3:AJ3) -> 0
A49: S013 | B49: Spotlight Ballarat | C49: =SUBTOTAL(9,$C4:C4) -> 0 | D49: =SUBTOTAL(9,$C4:D4) -> 0 | E49: =SUBTOTAL(9,$C4:E4) -> 0 | F49: =SUBTOTAL(9,$C4:F4) -> 0 | G49: =SUBTOTAL(9,$C4:G4) -> 1 | H49: =SUBTOTAL(9,$C4:H4) -> 1 | I49: =SUBTOTAL(9,$C4:I4) -> 1 | J49: =SUBTOTAL(9,$C4:J4) -> 1 | ... S49: =SUBTOTAL(9,$C4:S4) -> 1 | T49: =SUBTOTAL(9,$T4:T4) -> 0 | U49: =SUBTOTAL(9,$T4:U4) -> 0 | V49: =SUBTOTAL(9,$T4:V4) -> 0 | W49: =SUBTOTAL(9,$T4:W4) -> 0 | X49: =SUBTOTAL(9,$T4:X4) -> 0 | Y49: =SUBTOTAL(9,$T4:Y4) -> 0 | Z49: =SUBTOTAL(9,$T4:Z4) -> 0 | AA49: =SUBTOTAL(9,$T4:AA4) -> 0 | ... AJ49: =SUBTOTAL(9,$T4:AJ4) -> 0
A50: S014 | B50: Spotlight Bayswater | C50: =SUBTOTAL(9,$C5:C5) -> 1 | D50: =SUBTOTAL(9,$C5:D5) -> 1 | E50: =SUBTOTAL(9,$C5:E5) -> 2 | F50: =SUBTOTAL(9,$C5:F5) -> 2 | G50: =SUBTOTAL(9,$C5:G5) -> 2 | H50: =SUBTOTAL(9,$C5:H5) -> 2 | I50: =SUBTOTAL(9,$C5:I5) -> 3 | J50: =SUBTOTAL(9,$C5:J5) -> 3 | ... S50: =SUBTOTAL(9,$C5:S5) -> 3 | T50: =SUBTOTAL(9,$T5:T5) -> 0 | U50: =SUBTOTAL(9,$T5:U5) -> 0 | V50: =SUBTOTAL(9,$T5:V5) -> 0 | W50: =SUBTOTAL(9,$T5:W5) -> 0 | X50: =SUBTOTAL(9,$T5:X5) -> 0 | Y50: =SUBTOTAL(9,$T5:Y5) -> 2 | Z50: =SUBTOTAL(9,$T5:Z5) -> 2 | AA50: =SUBTOTAL(9,$T5:AA5) -> 2 | ... AJ50: =SUBTOTAL(9,$T5:AJ5) -> 3
A51: S026 | B51: Spotlight Bendigo | C51: =SUBTOTAL(9,$C6:C6) -> 0 | D51: =SUBTOTAL(9,$C6:D6) -> 0 | E51: =SUBTOTAL(9,$C6:E6) -> 0 | F51: =SUBTOTAL(9,$C6:F6) -> 0 | G51: =SUBTOTAL(9,$C6:G6) -> 0 | H51: =SUBTOTAL(9,$C6:H6) -> 0 | I51: =SUBTOTAL(9,$C6:I6) -> 0 | J51: =SUBTOTAL(9,$C6:J6) -> 0 | ... S51: =SUBTOTAL(9,$C6:S6) -> 0 | T51: =SUBTOTAL(9,$T6:T6) -> 0 | U51: =SUBTOTAL(9,$T6:U6) -> 0 | V51: =SUBTOTAL(9,$T6:V6) -> 0 | W51: =SUBTOTAL(9,$T6:W6) -> 0 | X51: =SUBTOTAL(9,$T6:X6) -> 0 | Y51: =SUBTOTAL(9,$T6:Y6) -> 0 | Z51: =SUBTOTAL(9,$T6:Z6) -> 0 | AA51: =SUBTOTAL(9,$T6:AA6) -> 0 | ... AJ51: =SUBTOTAL(9,$T6:AJ6) -> 0
A52: S002 | B52: Spotlight Box Hill | C52: =SUBTOTAL(9,$C7:C7) -> 0 | D52: =SUBTOTAL(9,$C7:D7) -> 1 | E52: =SUBTOTAL(9,$C7:E7) -> 2 | F52: =SUBTOTAL(9,$C7:F7) -> 2 | G52: =SUBTOTAL(9,$C7:G7) -> 5 | H52: =SUBTOTAL(9,$C7:H7) -> 5 | I52: =SUBTOTAL(9,$C7:I7) -> 7 | J52: =SUBTOTAL(9,$C7:J7) -> 7 | ... S52: =SUBTOTAL(9,$C7:S7) -> 11 | T52: =SUBTOTAL(9,$T7:T7) -> 0 | U52: =SUBTOTAL(9,$T7:U7) -> 0 | V52: =SUBTOTAL(9,$T7:V7) -> 1 | W52: =SUBTOTAL(9,$T7:W7) -> 1 | X52: =SUBTOTAL(9,$T7:X7) -> 3 | Y52: =SUBTOTAL(9,$T7:Y7) -> 4 | Z52: =SUBTOTAL(9,$T7:Z7) -> 5 | AA52: =SUBTOTAL(9,$T7:AA7) -> 5 | ... AJ52: =SUBTOTAL(9,$T7:AJ7) -> 10
A53: S084 | B53: Spotlight Bunbury | C53: =SUBTOTAL(9,$C8:C8) -> 0 | D53: =SUBTOTAL(9,$C8:D8) -> 0 | E53: =SUBTOTAL(9,$C8:E8) -> 0 | F53: =SUBTOTAL(9,$C8:F8) -> 0 | G53: =SUBTOTAL(9,$C8:G8) -> 0 | H53: =SUBTOTAL(9,$C8:H8) -> 0 | I53: =SUBTOTAL(9,$C8:I8) -> 0 | J53: =SUBTOTAL(9,$C8:J8) -> 0 | ... S53: =SUBTOTAL(9,$C8:S8) -> 0 | T53: =SUBTOTAL(9,$T8:T8) -> 0 | U53: =SUBTOTAL(9,$T8:U8) -> 0 | V53: =SUBTOTAL(9,$T8:V8) -> 0 | W53: =SUBTOTAL(9,$T8:W8) -> 0 | X53: =SUBTOTAL(9,$T8:X8) -> 0 | Y53: =SUBTOTAL(9,$T8:Y8) -> 0 | Z53: =SUBTOTAL(9,$T8:Z8) -> 0 | AA53: =SUBTOTAL(9,$T8:AA8) -> 0 | ... AJ53: =SUBTOTAL(9,$T8:AJ8) -> 0
A54: S069 | B54: Spotlight Bundaberg | C54: =SUBTOTAL(9,$C9:C9) -> 0 | D54: =SUBTOTAL(9,$C9:D9) -> 0 | E54: =SUBTOTAL(9,$C9:E9) -> 0 | F54: =SUBTOTAL(9,$C9:F9) -> 0 | G54: =SUBTOTAL(9,$C9:G9) -> 0 | H54: =SUBTOTAL(9,$C9:H9) -> 0 | I54: =SUBTOTAL(9,$C9:I9) -> 0 | J54: =SUBTOTAL(9,$C9:J9) -> 0 | ... S54: =SUBTOTAL(9,$C9:S9) -> 0 | T54: =SUBTOTAL(9,$T9:T9) -> 0 | U54: =SUBTOTAL(9,$T9:U9) -> 0 | V54: =SUBTOTAL(9,$T9:V9) -> 0 | W54: =SUBTOTAL(9,$T9:W9) -> 0 | X54: =SUBTOTAL(9,$T9:X9) -> 0 | Y54: =SUBTOTAL(9,$T9:Y9) -> 0 | Z54: =SUBTOTAL(9,$T9:Z9) -> 0 | AA54: =SUBTOTAL(9,$T9:AA9) -> 0 | ... AJ54: =SUBTOTAL(9,$T9:AJ9) -> 0
A55: S098 | B55: Spotlight Burnside | C55: =SUBTOTAL(9,$C10:C10) -> 0 | D55: =SUBTOTAL(9,$C10:D10) -> 0 | E55: =SUBTOTAL(9,$C10:E10) -> 0 | F55: =SUBTOTAL(9,$C10:F10) -> 0 | G55: =SUBTOTAL(9,$C10:G10) -> 0 | H55: =SUBTOTAL(9,$C10:H10) -> 1 | I55: =SUBTOTAL(9,$C10:I10) -> 2 | J55: =SUBTOTAL(9,$C10:J10) -> 2 | ... S55: =SUBTOTAL(9,$C10:S10) -> 2 | T55: =SUBTOTAL(9,$T10:T10) -> 0 | U55: =SUBTOTAL(9,$T10:U10) -> 0 | V55: =SUBTOTAL(9,$T10:V10) -> 1 | W55: =SUBTOTAL(9,$T10:W10) -> 1 | X55: =SUBTOTAL(9,$T10:X10) -> 2 | Y55: =SUBTOTAL(9,$T10:Y10) -> 2 | Z55: =SUBTOTAL(9,$T10:Z10) -> 3 | AA55: =SUBTOTAL(9,$T10:AA10) -> 3 | ... AJ55: =SUBTOTAL(9,$T10:AJ10) -> 4
A56: S037 | B56: Spotlight Campbelltown | C56: =SUBTOTAL(9,$C11:C11) -> 0 | D56: =SUBTOTAL(9,$C11:D11) -> 0 | E56: =SUBTOTAL(9,$C11:E11) -> 0 | F56: =SUBTOTAL(9,$C11:F11) -> 0 | G56: =SUBTOTAL(9,$C11:G11) -> 0 | H56: =SUBTOTAL(9,$C11:H11) -> 1 | I56: =SUBTOTAL(9,$C11:I11) -> 1 | J56: =SUBTOTAL(9,$C11:J11) -> 1 | ... S56: =SUBTOTAL(9,$C11:S11) -> 1 | T56: =SUBTOTAL(9,$T11:T11) -> 0 | U56: =SUBTOTAL(9,$T11:U11) -> 0 | V56: =SUBTOTAL(9,$T11:V11) -> 0 | W56: =SUBTOTAL(9,$T11:W11) -> 0 | X56: =SUBTOTAL(9,$T11:X11) -> 0 | Y56: =SUBTOTAL(9,$T11:Y11) -> 0 | Z56: =SUBTOTAL(9,$T11:Z11) -> 0 | AA56: =SUBTOTAL(9,$T11:AA11) -> 0 | ... AJ56: =SUBTOTAL(9,$T11:AJ11) -> 0
A57: S088 | B57: Spotlight Castle Hill | C57: =SUBTOTAL(9,$C12:C12) -> 0 | D57: =SUBTOTAL(9,$C12:D12) -> 0 | E57: =SUBTOTAL(9,$C12:E12) -> 0 | F57: =SUBTOTAL(9,$C12:F12) -> 0 | G57: =SUBTOTAL(9,$C12:G12) -> 1 | H57: =SUBTOTAL(9,$C12:H12) -> 1 | I57: =SUBTOTAL(9,$C12:I12) -> 1 | J57: =SUBTOTAL(9,$C12:J12) -> 1 | ... S57: =SUBTOTAL(9,$C12:S12) -> 1 | T57: =SUBTOTAL(9,$T12:T12) -> 0 | U57: =SUBTOTAL(9,$T12:U12) -> 0 | V57: =SUBTOTAL(9,$T12:V12) -> 0 | W57: =SUBTOTAL(9,$T12:W12) -> 0 | X57: =SUBTOTAL(9,$T12:X12) -> 0 | Y57: =SUBTOTAL(9,$T12:Y12) -> 0 | Z57: =SUBTOTAL(9,$T12:Z12) -> 0 | AA57: =SUBTOTAL(9,$T12:AA12) -> 0 | ... AJ57: =SUBTOTAL(9,$T12:AJ12) -> 0
A58: S074 | B58: Spotlight Clovercrest | C58: =SUBTOTAL(9,$C13:C13) -> 0 | D58: =SUBTOTAL(9,$C13:D13) -> 1 | E58: =SUBTOTAL(9,$C13:E13) -> 1 | F58: =SUBTOTAL(9,$C13:F13) -> 1 | G58: =SUBTOTAL(9,$C13:G13) -> 1 | H58: =SUBTOTAL(9,$C13:H13) -> 1 | I58: =SUBTOTAL(9,$C13:I13) -> 1 | J58: =SUBTOTAL(9,$C13:J13) -> 1 | ... S58: =SUBTOTAL(9,$C13:S13) -> 1 | T58: =SUBTOTAL(9,$T13:T13) -> 0 | U58: =SUBTOTAL(9,$T13:U13) -> 0 | V58: =SUBTOTAL(9,$T13:V13) -> 0 | W58: =SUBTOTAL(9,$T13:W13) -> 0 | X58: =SUBTOTAL(9,$T13:X13) -> 0 | Y58: =SUBTOTAL(9,$T13:Y13) -> 1 | Z58: =SUBTOTAL(9,$T13:Z13) -> 1 | AA58: =SUBTOTAL(9,$T13:AA13) -> 1 | ... AJ58: =SUBTOTAL(9,$T13:AJ13) -> 1
A59: S135 | B59: Spotlight Cranbourne | C59: =SUBTOTAL(9,$C14:C14) -> 0 | D59: =SUBTOTAL(9,$C14:D14) -> 0 | E59: =SUBTOTAL(9,$C14:E14) -> 0 | F59: =SUBTOTAL(9,$C14:F14) -> 0 | G59: =SUBTOTAL(9,$C14:G14) -> 0 | H59: =SUBTOTAL(9,$C14:H14) -> 0 | I59: =SUBTOTAL(9,$C14:I14) -> 0 | J59: =SUBTOTAL(9,$C14:J14) -> 0 | ... S59: =SUBTOTAL(9,$C14:S14) -> 0 | T59: =SUBTOTAL(9,$T14:T14) -> 0 | U59: =SUBTOTAL(9,$T14:U14) -> 1 | V59: =SUBTOTAL(9,$T14:V14) -> 1 | W59: =SUBTOTAL(9,$T14:W14) -> 1 | X59: =SUBTOTAL(9,$T14:X14) -> 1 | Y59: =SUBTOTAL(9,$T14:Y14) -> 1 | Z59: =SUBTOTAL(9,$T14:Z14) -> 1 | AA59: =SUBTOTAL(9,$T14:AA14) -> 1 | ... AJ59: =SUBTOTAL(9,$T14:AJ14) -> 1
... A89: S079 | B89: Spotlight West Burleigh | C89: =SUBTOTAL(9,$C44:C44) -> 0 | D89: =SUBTOTAL(9,$C44:D44) -> 0 | E89: =SUBTOTAL(9,$C44:E44) -> 0 | F89: =SUBTOTAL(9,$C44:F44) -> 0 | G89: =SUBTOTAL(9,$C44:G44) -> 0 | H89: =SUBTOTAL(9,$C44:H44) -> 0 | I89: =SUBTOTAL(9,$C44:I44) -> 0 | J89: =SUBTOTAL(9,$C44:J44) -> 0 | ... S89: =SUBTOTAL(9,$C44:S44) -> 0 | T89: =SUBTOTAL(9,$T44:T44) -> 0 | U89: =SUBTOTAL(9,$T44:U44) -> 0 | V89: =SUBTOTAL(9,$T44:V44) -> 0 | W89: =SUBTOTAL(9,$T44:W44) -> 0 | X89: =SUBTOTAL(9,$T44:X44) -> 0 | Y89: =SUBTOTAL(9,$T44:Y44) -> 0 | Z89: =SUBTOTAL(9,$T44:Z44) -> 0 | AA89: =SUBTOTAL(9,$T44:AA44) -> 0 | ... AJ89: =SUBTOTAL(9,$T44:AJ44) -> 0

Sheet Data Dump
A1: Employee number | B1: First name | C1: Last name | D1: Position Brand | E1: Activity type | F1: Learning Activity Title | G1: Booking status | H1: Booking date Date | I1: Event date Date | J1: Event title | K1: Event type | L1: Attendees | M1: Suburb | N1: Activity status | O1: Available positions | P1: Store Description | Q1: Store Name | R1: Brand | S1: Fiscal Month | T1: Fiscal Quarter
A2: 299399 | B2: Haneen | C2: Al Khamas | D2: eCommerce Management | E2: Work in Store | F2: Anaconda Working in Stores - Bayswater | G2: Accepted | H2: 45799 | I2: 45806 | J2: Working in Store - Anaconda Bayswater | K2: Learning | L2: 1 | M2: Bayswater | N2: Booked | O2: 1 | P2: =VLOOKUP(J2,'Store lookup'!A:C,2,0) -> A001 | Q2: =VLOOKUP(J2,'Store lookup'!A:C,3,0) -> Anaconda Bayswater | R2: =IF(LEFT(Q2,1)="A","Ananconda",IF(LEFT(Q2,1)="H","Harris Scarfe",IF(LEFT(Q2,1)="S","Spotlight","Exempt"))) -> Ananconda | S2: =VLOOKUP(I2,'FIN CAL LOOKUP'!A:J,7,1) -> MAY, FY25 | T2: =VLOOKUP(I2,'FIN CAL LOOKUP'!A:J,10,1) -> Q4, FY25
A3: 321839 | B3: Harveen | C3: Puri | D3: Marketing | E3: Work in Store | F3: Anaconda Working in Stores - Springvale | G3: Accepted | H3: 45798 | I3: 45813 | J3: Working in Store - Anaconda Springvale | K3: Learning | L3: 1 | M3: Springvale | N3: Booked | O3: 1 | P3: =VLOOKUP(J3,'Store lookup'!A:C,2,0) -> A026 | Q3: =VLOOKUP(J3,'Store lookup'!A:C,3,0) -> Anaconda Springvale | R3: =IF(LEFT(Q3,1)="A","Ananconda",IF(LEFT(Q3,1)="H","Harris Scarfe",IF(LEFT(Q3,1)="S","Spotlight","Exempt"))) -> Ananconda | S3: =VLOOKUP(I3,'FIN CAL LOOKUP'!A:J,7,1) -> JUN, FY25 | T3: =VLOOKUP(I3,'FIN CAL LOOKUP'!A:J,10,1) -> Q4, FY25
A4: 312588 | B4: Jade | C4: Tan | D4: IT | E4: Work in Store | F4: Anaconda Working in Stores - Box Hill | G4: Accepted | H4: 45798 | I4: 45805 | J4: Working in Store - Anaconda Box Hill | K4: Learning | L4: 1 | M4: Box Hill | N4: Booked | O4: 1 | P4: =VLOOKUP(J4,'Store lookup'!A:C,2,0) -> A041 | Q4: =VLOOKUP(J4,'Store lookup'!A:C,3,0) -> Anaconda Box Hill | R4: =IF(LEFT(Q4,1)="A","Ananconda",IF(LEFT(Q4,1)="H","Harris Scarfe",IF(LEFT(Q4,1)="S","Spotlight","Exempt"))) -> Ananconda | S4: =VLOOKUP(I4,'FIN CAL LOOKUP'!A:J,7,1) -> MAY, FY25 | T4: =VLOOKUP(I4,'FIN CAL LOOKUP'!A:J,10,1) -> Q4, FY25
A5: 335621 | B5: Lisa Giang | C5: Giang | D5: Property | E5: Work in Store | F5: Anaconda Working in Stores - Watergardens | G5: Accepted | H5: 45797 | I5: 45818 | J5: Working in Store - Anaconda Watergardens | K5: Learning | L5: 1 | M5: Taylors Lake | N5: Booked | O5: 1 | P5: =VLOOKUP(J5,'Store lookup'!A:C,2,0) -> A040 | Q5: =VLOOKUP(J5,'Store lookup'!A:C,3,0) -> Anaconda Watergardens | R5: =IF(LEFT(Q5,1)="A","Ananconda",IF(LEFT(Q5,1)="H","Harris Scarfe",IF(LEFT(Q5,1)="S","Spotlight","Exempt"))) -> Ananconda | S5: =VLOOKUP(I5,'FIN CAL LOOKUP'!A:J,7,1) -> JUN, FY25 | T5: =VLOOKUP(I5,'FIN CAL LOOKUP'!A:J,10,1) -> Q4, FY25
A6: 336927 | B6: Jono | C6: Wright | D6: Marketing | E6: Work in Store | F6: Anaconda Working in Stores - Ballarat | G6: Accepted | H6: 45784 | I6: 45798 | J6: Working in Store - Anaconda Ballarat | K6: Learning | L6: 1 | M6: Wendouree | N6: Booked | O6: 1 | P6: =VLOOKUP(J6,'Store lookup'!A:C,2,0) -> A035 | Q6: =VLOOKUP(J6,'Store lookup'!A:C,3,0) -> Anaconda Ballarat | R6: =IF(LEFT(Q6,1)="A","Ananconda",IF(LEFT(Q6,1)="H","Harris Scarfe",IF(LEFT(Q6,1)="S","Spotlight","Exempt"))) -> Ananconda | S6: =VLOOKUP(I6,'FIN CAL LOOKUP'!A:J,7,1) -> MAY, FY25 | T6: =VLOOKUP(I6,'FIN CAL LOOKUP'!A:J,10,1) -> Q4, FY25
A7: 338549 | B7: Leah | C7: Abicair | D7: eCommerce Management | E7: Work in Store | F7: Anaconda Working in Stores - Box Hill | G7: Accepted | H7: 45783 | I7: 45827 | J7: Working in Store - Anaconda Box Hill | K7: Learning | L7: 1 | M7: Box Hill | N7: Booked | O7: 1 | P7: =VLOOKUP(J7,'Store lookup'!A:C,2,0) -> A041 | Q7: =VLOOKUP(J7,'Store lookup'!A:C,3,0) -> Anaconda Box Hill | R7: =IF(LEFT(Q7,1)="A","Ananconda",IF(LEFT(Q7,1)="H","Harris Scarfe",IF(LEFT(Q7,1)="S","Spotlight","Exempt"))) -> Ananconda | S7: =VLOOKUP(I7,'FIN CAL LOOKUP'!A:J,7,1) -> JUN, FY25 | T7: =VLOOKUP(I7,'FIN CAL LOOKUP'!A:J,10,1) -> Q4, FY25
A8: 339197 | B8: Fabio | C8: Cigana | D8: Property | E8: Work in Store | F8: Anaconda Working in Stores - Highett | G8: Accepted | H8: 45777 | I8: 45791 | J8: Working in Store - Anaconda Highett | K8: Learning | L8: 1 | M8: Highett | N8: Complete | O8: 1 | P8: =VLOOKUP(J8,'Store lookup'!A:C,2,0) -> A039 | Q8: =VLOOKUP(J8,'Store lookup'!A:C,3,0) -> Anaconda Highett | R8: =IF(LEFT(Q8,1)="A","Ananconda",IF(LEFT(Q8,1)="H","Harris Scarfe",IF(LEFT(Q8,1)="S","Spotlight","Exempt"))) -> Ananconda | S8: =VLOOKUP(I8,'FIN CAL LOOKUP'!A:J,7,1) -> MAY, FY25 | T8: =VLOOKUP(I8,'FIN CAL LOOKUP'!A:J,10,1) -> Q4, FY25
A9: 339308 | B9: Belinda | C9: Martin | D9: Property | E9: Work in Store | F9: Anaconda Working in Stores - Preston | G9: Accepted | H9: 45777 | I9: 45791 | J9: Working in Store - Anaconda Preston | K9: Learning | L9: 1 | M9: Preston | N9: Complete | O9: 1 | P9: =VLOOKUP(J9,'Store lookup'!A:C,2,0) -> A020 | Q9: =VLOOKUP(J9,'Store lookup'!A:C,3,0) -> Anaconda Preston | R9: =IF(LEFT(Q9,1)="A","Ananconda",IF(LEFT(Q9,1)="H","Harris Scarfe",IF(LEFT(Q9,1)="S","Spotlight","Exempt"))) -> Ananconda | S9: =VLOOKUP(I9,'FIN CAL LOOKUP'!A:J,7,1) -> MAY, FY25 | T9: =VLOOKUP(I9,'FIN CAL LOOKUP'!A:J,10,1) -> Q4, FY25
A10: 339098 | B10: Pooja | C10: Satyanarayan | D10: HR MANAGEMENT | E10: Work in Store | F10: Anaconda Working in Stores - Hawthorn East | G10: Accepted | H10: 45769 | I10: 45776 | J10: Working in Store - Anaconda Hawthorn East | K10: Learning | L10: 1 | M10: Hawthorn East | N10: Complete | O10: 1 | P10: =VLOOKUP(J10,'Store lookup'!A:C,2,0) -> A058 | Q10: =VLOOKUP(J10,'Store lookup'!A:C,3,0) -> Anaconda Hawthorn East | R10: =IF(LEFT(Q10,1)="A","Ananconda",IF(LEFT(Q10,1)="H","Harris Scarfe",IF(LEFT(Q10,1)="S","Spotlight","Exempt"))) -> Ananconda | S10: =VLOOKUP(I10,'FIN CAL LOOKUP'!A:J,7,1) -> MAY, FY25 | T10: =VLOOKUP(I10,'FIN CAL LOOKUP'!A:J,10,1) -> Q4, FY25
A11: 332963 | B11: Jannine | C11: Pattison | D11: HR MANAGEMENT | E11: Work in Store | F11: Anaconda Working in Stores - Highett | G11: Accepted | H11: 45764 | I11: 45778 | J11: Working in Store - Anaconda Highett | K11: Learning | L11: 1 | M11: Highett | N11: Complete | O11: 1 | P11: =VLOOKUP(J11,'Store lookup'!A:C,2,0) -> A039 | Q11: =VLOOKUP(J11,'Store lookup'!A:C,3,0) -> Anaconda Highett | R11: =IF(LEFT(Q11,1)="A","Ananconda",IF(LEFT(Q11,1)="H","Harris Scarfe",IF(LEFT(Q11,1)="S","Spotlight","Exempt"))) -> Ananconda | S11: =VLOOKUP(I11,'FIN CAL LOOKUP'!A:J,7,1) -> MAY, FY25 | T11: =VLOOKUP(I11,'FIN CAL LOOKUP'!A:J,10,1) -> Q4, FY25
A12: 333888 | B12: Skip | C12: Foster | D12: eCommerce Management | E12: Work in Store | F12: Anaconda Working in Stores - Ballarat | G12: Accepted | H12: 45751 | I12: 45762 | J12: Working in Store - Anaconda Ballarat | K12: Learning | L12: 1 | M12: Wendouree | N12: Complete | O12: 1 | P12: =VLOOKUP(J12,'Store lookup'!A:C,2,0) -> A035 | Q12: =VLOOKUP(J12,'Store lookup'!A:C,3,0) -> Anaconda Ballarat | R12: =IF(LEFT(Q12,1)="A","Ananconda",IF(LEFT(Q12,1)="H","Harris Scarfe",IF(LEFT(Q12,1)="S","Spotlight","Exempt"))) -> Ananconda | S12: =VLOOKUP(I12,'FIN CAL LOOKUP'!A:J,7,1) -> APR, FY25 | T12: =VLOOKUP(I12,'FIN CAL LOOKUP'!A:J,10,1) -> Q4, FY25
A13: 338604 | B13: Martin | C13: Bicknell | D13: HR MANAGEMENT | E13: Work in Store | F13: Anaconda Working in Stores - Epping | G13: Accepted | H13: 45727 | I13: 45742 | J13: Working in Store - Anaconda Epping | K13: Learning | L13: 1 | M13: Epping | N13: Booked | O13: 1 | P13: =VLOOKUP(J13,'Store lookup'!A:C,2,0) -> A052 | Q13: =VLOOKUP(J13,'Store lookup'!A:C,3,0) -> Anaconda Epping | R13: =IF(LEFT(Q13,1)="A","Ananconda",IF(LEFT(Q13,1)="H","Harris Scarfe",IF(LEFT(Q13,1)="S","Spotlight","Exempt"))) -> Ananconda | S13: =VLOOKUP(I13,'FIN CAL LOOKUP'!A:J,7,1) -> MAR, FY25 | T13: =VLOOKUP(I13,'FIN CAL LOOKUP'!A:J,10,1) -> Q3, FY25
... A35: 326813 | B35: Luke | C35: Mccredden | D35: GM Anaconda | E35: Work in Store | F35: Anaconda Working in Stores - Geelong | G35: Accepted | H35: 45611 | I35: 45636 | J35: Working in Store - Anaconda Geelong | K35: Learning | L35: 1 | M35: Geelong | N35: Booked | O35: 1 | P35: =VLOOKUP(J35,'Store lookup'!A:C,2,0) -> A009 | Q35: =VLOOKUP(J35,'Store lookup'!A:C,3,0) -> Anaconda Geelong | R35: =IF(LEFT(Q35,1)="A","Ananconda",IF(LEFT(Q35,1)="H","Harris Scarfe",IF(LEFT(Q35,1)="S","Spotlight","Exempt"))) -> Ananconda | S35: =VLOOKUP(I35,'FIN CAL LOOKUP'!A:J,7,1) -> DEC, FY25 | T35: =VLOOKUP(I35,'FIN CAL LOOKUP'!A:J,10,1) -> Q2, FY25
A36: HS335112 | B36: Djuma | C36: Kibundila | D36: Harris Scarfe | E36: Work in Store | F36: Anaconda Working in Stores - Bendigo | G36: Accepted | H36: 45611 | I36: 45636 | J36: Working in Store - Anaconda Bendigo | K36: Learning | L36: 1 | M36: Bendigo | N36: Complete | O36: 1 | P36: =VLOOKUP(J36,'Store lookup'!A:C,2,0) -> A021 | Q36: =VLOOKUP(J36,'Store lookup'!A:C,3,0) -> Anaconda Bendigo | R36: =IF(LEFT(Q36,1)="A","Ananconda",IF(LEFT(Q36,1)="H","Harris Scarfe",IF(LEFT(Q36,1)="S","Spotlight","Exempt"))) -> Ananconda | S36: =VLOOKUP(I36,'FIN CAL LOOKUP'!A:J,7,1) -> DEC, FY25 | T36: =VLOOKUP(I36,'FIN CAL LOOKUP'!A:J,10,1) -> Q2, FY25
A37: 308787 | B37: Brad | C37: Sullivan | D37: GM Anaconda | E37: Work in Store | F37: Anaconda Working in Stores - Epping | G37: Accepted | H37: 45611 | I37: 45632 | J37: Working in Store - Anaconda Epping | K37: Learning | L37: 1 | M37: Epping | N37: Complete | O37: 1 | P37: =VLOOKUP(J37,'Store lookup'!A:C,2,0) -> A052 | Q37: =VLOOKUP(J37,'Store lookup'!A:C,3,0) -> Anaconda Epping | R37: =IF(LEFT(Q37,1)="A","Ananconda",IF(LEFT(Q37,1)="H","Harris Scarfe",IF(LEFT(Q37,1)="S","Spotlight","Exempt"))) -> Ananconda | S37: =VLOOKUP(I37,'FIN CAL LOOKUP'!A:J,7,1) -> DEC, FY25 | T37: =VLOOKUP(I37,'FIN CAL LOOKUP'!A:J,10,1) -> Q2, FY25
A38: 321421 | B38: May | C38: Lam | D38: Marketing | E38: Work in Store | F38: Anaconda Working in Stores - Preston | G38: Accepted | H38: 45611 | I38: 45629 | J38: Working in Store - Anaconda Preston | K38: Learning | L38: 1 | M38: Preston | N38: Complete | O38: 1 | P38: =VLOOKUP(J38,'Store lookup'!A:C,2,0) -> A020 | Q38: =VLOOKUP(J38,'Store lookup'!A:C,3,0) -> Anaconda Preston | R38: =IF(LEFT(Q38,1)="A","Ananconda",IF(LEFT(Q38,1)="H","Harris Scarfe",IF(LEFT(Q38,1)="S","Spotlight","Exempt"))) -> Ananconda | S38: =VLOOKUP(I38,'FIN CAL LOOKUP'!A:J,7,1) -> DEC, FY25 | T38: =VLOOKUP(I38,'FIN CAL LOOKUP'!A:J,10,1) -> Q2, FY25
A39: 298748 | B39: Andre | C39: Wilbraham | D39: SS Finance | E39: Work in Store | F39: Anaconda Working in Stores - Hawthorn East | G39: Accepted | H39: 45611 | I39: 45625 | J39: Working in Store - Anaconda Hawthorn East | K39: Learning | L39: 1 | M39: Hawthorn East | N39: Complete | O39: 1 | P39: =VLOOKUP(J39,'Store lookup'!A:C,2,0) -> A058 | Q39: =VLOOKUP(J39,'Store lookup'!A:C,3,0) -> Anaconda Hawthorn East | R39: =IF(LEFT(Q39,1)="A","Ananconda",IF(LEFT(Q39,1)="H","Harris Scarfe",IF(LEFT(Q39,1)="S","Spotlight","Exempt"))) -> Ananconda | S39: =VLOOKUP(I39,'FIN CAL LOOKUP'!A:J,7,1) -> NOV, FY25 | T39: =VLOOKUP(I39,'FIN CAL LOOKUP'!A:J,10,1) -> Q2, FY25
A40: 322845 | B40: Ashlee | C40: Russell | D40: GM Anaconda | E40: Work in Store | F40: Anaconda Working in Stores - Geelong | G40: Accepted | H40: 45610 | I40: 45639 | J40: Working in Store - Anaconda Geelong | K40: Learning | L40: 1 | M40: Geelong | N40: Complete | O40: 1 | P40: =VLOOKUP(J40,'Store lookup'!A:C,2,0) -> A009 | Q40: =VLOOKUP(J40,'Store lookup'!A:C,3,0) -> Anaconda Geelong | R40: =IF(LEFT(Q40,1)="A","Ananconda",IF(LEFT(Q40,1)="H","Harris Scarfe",IF(LEFT(Q40,1)="S","Spotlight","Exempt"))) -> Ananconda | S40: =VLOOKUP(I40,'FIN CAL LOOKUP'!A:J,7,1) -> DEC, FY25 | T40: =VLOOKUP(I40,'FIN CAL LOOKUP'!A:J,10,1) -> Q2, FY25
A41: 229234 | B41: Scott | C41: Woods | D41: GM Anaconda | E41: Work in Store | F41: Anaconda Working in Stores - Hoppers Crossing | G41: Accepted | H41: 45610 | I41: 45632 | J41: Working in Store - Anaconda Hoppers Crossing | K41: Learning | L41: 2 | M41: Hoppers Crossing | N41: Complete | O41: 0 | P41: =VLOOKUP(J41,'Store lookup'!A:C,2,0) -> A030 | Q41: =VLOOKUP(J41,'Store lookup'!A:C,3,0) -> Anaconda Hoppers Crossing | R41: =IF(LEFT(Q41,1)="A","Ananconda",IF(LEFT(Q41,1)="H","Harris Scarfe",IF(LEFT(Q41,1)="S","Spotlight","Exempt"))) -> Ananconda | S41: =VLOOKUP(I41,'FIN CAL LOOKUP'!A:J,7,1) -> DEC, FY25 | T41: =VLOOKUP(I41,'FIN CAL LOOKUP'!A:J,10,1) -> Q2, FY25
A42: 327036 | B42: Fotios | C42: Viskas | D42: IT | E42: Work in Store | F42: Anaconda Working in Stores - Springvale | G42: Accepted | H42: 45610 | I42: 45629 | J42: Working in Store - Anaconda Springvale | K42: Learning | L42: 1 | M42: Springvale | N42: Complete | O42: 1 | P42: =VLOOKUP(J42,'Store lookup'!A:C,2,0) -> A026 | Q42: =VLOOKUP(J42,'Store lookup'!A:C,3,0) -> Anaconda Springvale | R42: =IF(LEFT(Q42,1)="A","Ananconda",IF(LEFT(Q42,1)="H","Harris Scarfe",IF(LEFT(Q42,1)="S","Spotlight","Exempt"))) -> Ananconda | S42: =VLOOKUP(I42,'FIN CAL LOOKUP'!A:J,7,1) -> DEC, FY25 | T42: =VLOOKUP(I42,'FIN CAL LOOKUP'!A:J,10,1) -> Q2, FY25
A43: 291346 | B43: Myra | C43: Watson | D43: GM Anaconda | E43: Work in Store | F43: Anaconda Working in Stores - Preston | G43: Accepted | H43: 45609 | I43: 45638 | J43: Working in Store - Anaconda Preston | K43: Learning | L43: 2 | M43: Preston | N43: Complete | O43: 0 | P43: =VLOOKUP(J43,'Store lookup'!A:C,2,0) -> A020 | Q43: =VLOOKUP(J43,'Store lookup'!A:C,3,0) -> Anaconda Preston | R43: =IF(LEFT(Q43,1)="A","Ananconda",IF(LEFT(Q43,1)="H","Harris Scarfe",IF(LEFT(Q43,1)="S","Spotlight","Exempt"))) -> Ananconda | S43: =VLOOKUP(I43,'FIN CAL LOOKUP'!A:J,7,1) -> DEC, FY25 | T43: =VLOOKUP(I43,'FIN CAL LOOKUP'!A:J,10,1) -> Q2, FY25
A44: 241029 | B44: Damian | C44: Kennedy | D44: GM Anaconda | E44: Work in Store | F44: Anaconda Working in Stores - North Lakes | G44: Accepted | H44: 45609 | I44: 45632 | J44: Working in Store - Anaconda North Lakes | K44: Learning | L44: 1 | M44: North Lakes | N44: Complete | O44: 1 | P44: =VLOOKUP(J44,'Store lookup'!A:C,2,0) -> A047 | Q44: =VLOOKUP(J44,'Store lookup'!A:C,3,0) -> Anaconda North Lakes | R44: =IF(LEFT(Q44,1)="A","Ananconda",IF(LEFT(Q44,1)="H","Harris Scarfe",IF(LEFT(Q44,1)="S","Spotlight","Exempt"))) -> Ananconda | S44: =VLOOKUP(I44,'FIN CAL LOOKUP'!A:J,7,1) -> DEC, FY25 | T44: =VLOOKUP(I44,'FIN CAL LOOKUP'!A:J,10,1) -> Q2, FY25
A45: 336162 | B45: Nick | C45: Hughes | D45: GM Anaconda | E45: Work in Store | F45: Anaconda Working in Stores - Geelong | G45: Accepted | H45: 45609 | I45: 45632 | J45: Working in Store - Anaconda Geelong | K45: Learning | L45: 2 | M45: Geelong | N45: Complete | O45: 0 | P45: =VLOOKUP(J45,'Store lookup'!A:C,2,0) -> A009 | Q45: =VLOOKUP(J45,'Store lookup'!A:C,3,0) -> Anaconda Geelong | R45: =IF(LEFT(Q45,1)="A","Ananconda",IF(LEFT(Q45,1)="H","Harris Scarfe",IF(LEFT(Q45,1)="S","Spotlight","Exempt"))) -> Ananconda | S45: =VLOOKUP(I45,'FIN CAL LOOKUP'!A:J,7,1) -> DEC, FY25 | T45: =VLOOKUP(I45,'FIN CAL LOOKUP'!A:J,10,1) -> Q2, FY25
A46: 317485 | B46: Dylan | C46: Fichera | D46: GM Anaconda | E46: Work in Store | F46: Anaconda Working in Stores - Hawthorn East | G46: Accepted | H46: 45609 | I46: 45631 | J46: Working in Store - Anaconda Hawthorn East | K46: Learning | L46: 2 | M46: Hawthorn East | N46: Complete | O46: 0 | P46: =VLOOKUP(J46,'Store lookup'!A:C,2,0) -> A058 | Q46: =VLOOKUP(J46,'Store lookup'!A:C,3,0) -> Anaconda Hawthorn East | R46: =IF(LEFT(Q46,1)="A","Ananconda",IF(LEFT(Q46,1)="H","Harris Scarfe",IF(LEFT(Q46,1)="S","Spotlight","Exempt"))) -> Ananconda | S46: =VLOOKUP(I46,'FIN CAL LOOKUP'!A:J,7,1) -> DEC, FY25 | T46: =VLOOKUP(I46,'FIN CAL LOOKUP'!A:J,10,1) -> Q2, FY25
A47: 322433 | B47: Mahum | C47: Sana | D47: GM Anaconda | E47: Work in Store | F47: Anaconda Working in Stores - Hawthorn East | G47: Accepted | H47: 45609 | I47: 45631 | J47: Working in Store - Anaconda Hawthorn East | K47: Learning | L47: 2 | M47: Hawthorn East | N47: Complete | O47: 0 | P47: =VLOOKUP(J47,'Store lookup'!A:C,2,0) -> A058 | Q47: =VLOOKUP(J47,'Store lookup'!A:C,3,0) -> Anaconda Hawthorn East | R47: =IF(LEFT(Q47,1)="A","Ananconda",IF(LEFT(Q47,1)="H","Harris Scarfe",IF(LEFT(Q47,1)="S","Spotlight","Exempt"))) -> Ananconda | S47: =VLOOKUP(I47,'FIN CAL LOOKUP'!A:J,7,1) -> DEC, FY25 | T47: =VLOOKUP(I47,'FIN CAL LOOKUP'!A:J,10,1) -> Q2, FY25
A48: 334297 | B48: Caleb | C48: Slater | D48: GM Anaconda | E48: Work in Store | F48: Anaconda Working in Stores - Hawthorn East | G48: Accepted | H48: 45609 | I48: 45629 | J48: Working in Store - Anaconda Hawthorn East | K48: Learning | L48: 1 | M48: Hawthorn East | N48: Complete | O48: 1 | P48: =VLOOKUP(J48,'Store lookup'!A:C,2,0) -> A058 | Q48: =VLOOKUP(J48,'Store lookup'!A:C,3,0) -> Anaconda Hawthorn East | R48: =IF(LEFT(Q48,1)="A","Ananconda",IF(LEFT(Q48,1)="H","Harris Scarfe",IF(LEFT(Q48,1)="S","Spotlight","Exempt"))) -> Ananconda | S48: =VLOOKUP(I48,'FIN CAL LOOKUP'!A:J,7,1) -> DEC, FY25 | T48: =VLOOKUP(I48,'FIN CAL LOOKUP'!A:J,10,1) -> Q2, FY25
... A77: 316449 | B77: Benjamin | C77: Hayes | D77: HR MANAGEMENT | E77: Work in Store | F77: Anaconda Working in Stores - Hoppers Crossing | G77: Accepted | H77: 45527 | I77: 45531 | J77: Working in Store - Anaconda Hoppers Crossing | K77: Learning | L77: 1 | M77: Hoppers Crossing | N77: Complete | O77: 1 | P77: =VLOOKUP(J77,'Store lookup'!A:C,2,0) -> A030 | Q77: =VLOOKUP(J77,'Store lookup'!A:C,3,0) -> Anaconda Hoppers Crossing | R77: =IF(LEFT(Q77,1)="A","Ananconda",IF(LEFT(Q77,1)="H","Harris Scarfe",IF(LEFT(Q77,1)="S","Spotlight","Exempt"))) -> Ananconda | S77: =VLOOKUP(I77,'FIN CAL LOOKUP'!A:J,7,1) -> AUG, FY25 | T77: =VLOOKUP(I77,'FIN CAL LOOKUP'!A:J,10,1) -> Q1, FY25
A78: 297893 | B78: Kathryn | C78: Buchanan | D78: HR MANAGEMENT | E78: Work in Store | F78: Working in Stores - Anaconda Launceston | G78: Accepted | H78: 45523 | I78: 45561 | J78: Working in Stores - Anaconda Launceston | K78: Learning | L78: 1 | N78: Complete | O78: 1 | P78: =VLOOKUP(J78,'Store lookup'!A:C,2,0) -> A028 | Q78: =VLOOKUP(J78,'Store lookup'!A:C,3,0) -> Anaconda Launceston | R78: =IF(LEFT(Q78,1)="A","Ananconda",IF(LEFT(Q78,1)="H","Harris Scarfe",IF(LEFT(Q78,1)="S","Spotlight","Exempt"))) -> Ananconda | S78: =VLOOKUP(I78,'FIN CAL LOOKUP'!A:J,7,1) -> SEP, FY25 | T78: =VLOOKUP(I78,'FIN CAL LOOKUP'!A:J,10,1) -> Q1, FY25
A79: 335235 | B79: Ethan | C79: Perry | D79: Marketing | E79: Work in Store | F79: Anaconda Working in Stores - Hawthorn East | G79: Accepted | H79: 45523 | I79: 45533 | J79: Working in Store - Anaconda Hawthorn East | K79: Learning | L79: 1 | M79: Hawthorn East | N79: Complete | O79: 1 | P79: =VLOOKUP(J79,'Store lookup'!A:C,2,0) -> A058 | Q79: =VLOOKUP(J79,'Store lookup'!A:C,3,0) -> Anaconda Hawthorn East | R79: =IF(LEFT(Q79,1)="A","Ananconda",IF(LEFT(Q79,1)="H","Harris Scarfe",IF(LEFT(Q79,1)="S","Spotlight","Exempt"))) -> Ananconda | S79: =VLOOKUP(I79,'FIN CAL LOOKUP'!A:J,7,1) -> AUG, FY25 | T79: =VLOOKUP(I79,'FIN CAL LOOKUP'!A:J,10,1) -> Q1, FY25
A80: 328358 | B80: Declan | C80: Welsh | D80: IT | E80: Work in Store | F80: Anaconda Working in Stores - Preston | G80: Accepted | H80: 45519 | I80: 45520 | J80: Working in Store - Anaconda Preston | K80: Learning | L80: 1 | M80: Preston | N80: Complete | O80: 1 | P80: =VLOOKUP(J80,'Store lookup'!A:C,2,0) -> A020 | Q80: =VLOOKUP(J80,'Store lookup'!A:C,3,0) -> Anaconda Preston | R80: =IF(LEFT(Q80,1)="A","Ananconda",IF(LEFT(Q80,1)="H","Harris Scarfe",IF(LEFT(Q80,1)="S","Spotlight","Exempt"))) -> Ananconda | S80: =VLOOKUP(I80,'FIN CAL LOOKUP'!A:J,7,1) -> AUG, FY25 | T80: =VLOOKUP(I80,'FIN CAL LOOKUP'!A:J,10,1) -> Q1, FY25
A81: 335130 | B81: Angela | C81: Georgieska | D81: HR MANAGEMENT | E81: Work in Store | F81: Anaconda Working in Stores - Watergardens | G81: Accepted | H81: 45506 | I81: 45525 | J81: Working in Store - Anaconda Watergardens | K81: Learning | L81: 1 | M81: Taylors Lake | N81: Complete | O81: 1 | P81: =VLOOKUP(J81,'Store lookup'!A:C,2,0) -> A040 | Q81: =VLOOKUP(J81,'Store lookup'!A:C,3,0) -> Anaconda Watergardens | R81: =IF(LEFT(Q81,1)="A","Ananconda",IF(LEFT(Q81,1)="H","Harris Scarfe",IF(LEFT(Q81,1)="S","Spotlight","Exempt"))) -> Ananconda | S81: =VLOOKUP(I81,'FIN CAL LOOKUP'!A:J,7,1) -> AUG, FY25 | T81: =VLOOKUP(I81,'FIN CAL LOOKUP'!A:J,10,1) -> Q1, FY25
A82: 326563 | B82: Naveen | C82: Prakash | D82: IT | E82: Work in Store | F82: Anaconda Working in Stores - Preston | G82: Accepted | H82: 45497 | I82: 45511 | J82: Working in Store - Anaconda Preston | K82: Learning | L82: 1 | M82: Preston | N82: Complete | O82: 1 | P82: =VLOOKUP(J82,'Store lookup'!A:C,2,0) -> A020 | Q82: =VLOOKUP(J82,'Store lookup'!A:C,3,0) -> Anaconda Preston | R82: =IF(LEFT(Q82,1)="A","Ananconda",IF(LEFT(Q82,1)="H","Harris Scarfe",IF(LEFT(Q82,1)="S","Spotlight","Exempt"))) -> Ananconda | S82: =VLOOKUP(I82,'FIN CAL LOOKUP'!A:J,7,1) -> AUG, FY25 | T82: =VLOOKUP(I82,'FIN CAL LOOKUP'!A:J,10,1) -> Q1, FY25
A83: 329334 | B83: Ankit | C83: Bansal | D83: IT | E83: Work in Store | F83: Anaconda Working in Stores - Hoppers Crossing | G83: Accepted | H83: 45488 | I83: 45524 | J83: Working in Store - Anaconda Hoppers Crossing | K83: Learning | L83: 1 | M83: Hoppers Crossing | N83: Complete | O83: 1 | P83: =VLOOKUP(J83,'Store lookup'!A:C,2,0) -> A030 | Q83: =VLOOKUP(J83,'Store lookup'!A:C,3,0) -> Anaconda Hoppers Crossing | R83: =IF(LEFT(Q83,1)="A","Ananconda",IF(LEFT(Q83,1)="H","Harris Scarfe",IF(LEFT(Q83,1)="S","Spotlight","Exempt"))) -> Ananconda | S83: =VLOOKUP(I83,'FIN CAL LOOKUP'!A:J,7,1) -> AUG, FY25 | T83: =VLOOKUP(I83,'FIN CAL LOOKUP'!A:J,10,1) -> Q1, FY25
A84: 333337 | B84: Rio | C84: Xu | D84: IT | E84: Work in Store | F84: Anaconda Working in Stores - Springvale | G84: Accepted | H84: 45477 | I84: 45478 | J84: Working in Store - Anaconda Springvale | K84: Learning | L84: 1 | M84: Springvale | N84: Complete | O84: 1 | P84: =VLOOKUP(J84,'Store lookup'!A:C,2,0) -> A026 | Q84: =VLOOKUP(J84,'Store lookup'!A:C,3,0) -> Anaconda Springvale | R84: =IF(LEFT(Q84,1)="A","Ananconda",IF(LEFT(Q84,1)="H","Harris Scarfe",IF(LEFT(Q84,1)="S","Spotlight","Exempt"))) -> Ananconda | S84: =VLOOKUP(I84,'FIN CAL LOOKUP'!A:J,7,1) -> JUL, FY25 | T84: =VLOOKUP(I84,'FIN CAL LOOKUP'!A:J,10,1) -> Q1, FY25
A85: 203082 | B85: Nancy | C85: Goegan | D85: SS Finance | E85: Work in Store | F85: Anaconda Working in Stores - Hoppers Crossing | G85: Accepted | H85: 45460 | I85: 45484 | J85: Working in Store - Anaconda Hoppers Crossing | K85: Learning | L85: 1 | M85: Hoppers Crossing | N85: Complete | O85: 1 | P85: =VLOOKUP(J85,'Store lookup'!A:C,2,0) -> A030 | Q85: =VLOOKUP(J85,'Store lookup'!A:C,3,0) -> Anaconda Hoppers Crossing | R85: =IF(LEFT(Q85,1)="A","Ananconda",IF(LEFT(Q85,1)="H","Harris Scarfe",IF(LEFT(Q85,1)="S","Spotlight","Exempt"))) -> Ananconda | S85: =VLOOKUP(I85,'FIN CAL LOOKUP'!A:J,7,1) -> JUL, FY25 | T85: =VLOOKUP(I85,'FIN CAL LOOKUP'!A:J,10,1) -> Q1, FY25
A86: 325030 | B86: Tarryn | C86: Eddy | D86: HR MANAGEMENT | E86: Work in Store | F86: Anaconda Working in Stores - Bayswater | G86: Accepted | H86: 45457 | I86: 45498 | J86: Working in Store - Anaconda Bayswater | K86: Learning | L86: 1 | M86: Bayswater | N86: Complete | O86: 1 | P86: =VLOOKUP(J86,'Store lookup'!A:C,2,0) -> A001 | Q86: =VLOOKUP(J86,'Store lookup'!A:C,3,0) -> Anaconda Bayswater | R86: =IF(LEFT(Q86,1)="A","Ananconda",IF(LEFT(Q86,1)="H","Harris Scarfe",IF(LEFT(Q86,1)="S","Spotlight","Exempt"))) -> Ananconda | S86: =VLOOKUP(I86,'FIN CAL LOOKUP'!A:J,7,1) -> JUL, FY25 | T86: =VLOOKUP(I86,'FIN CAL LOOKUP'!A:J,10,1) -> Q1, FY25
A87: 316449 | B87: Benjamin | C87: Hayes | D87: HR MANAGEMENT | E87: Work in Store | F87: Anaconda Working in Stores - Hoppers Crossing | G87: Accepted | H87: 45429 | I87: 45441 | J87: Working in Store - Anaconda Hoppers Crossing | K87: Learning | L87: 1 | M87: Hoppers Crossing | N87: Complete | O87: 1 | P87: =VLOOKUP(J87,'Store lookup'!A:C,2,0) -> A030 | Q87: =VLOOKUP(J87,'Store lookup'!A:C,3,0) -> Anaconda Hoppers Crossing | R87: =IF(LEFT(Q87,1)="A","Ananconda",IF(LEFT(Q87,1)="H","Harris Scarfe",IF(LEFT(Q87,1)="S","Spotlight","Exempt"))) -> Ananconda | S87: =VLOOKUP(I87,'FIN CAL LOOKUP'!A:J,7,1) -> JUN, FY24 | T87: =VLOOKUP(I87,'FIN CAL LOOKUP'!A:J,10,1) -> Q4, FY24
A88: 328420 | B88: Tiffany | C88: Kwee | D88: SS Finance | E88: Work in Store | F88: Anaconda Working in Stores - Springvale | G88: Accepted | H88: 45418 | I88: 45545 | J88: Working in Store - Anaconda Springvale | K88: Learning | L88: 1 | M88: Springvale | N88: Complete | O88: 1 | P88: =VLOOKUP(J88,'Store lookup'!A:C,2,0) -> A026 | Q88: =VLOOKUP(J88,'Store lookup'!A:C,3,0) -> Anaconda Springvale | R88: =IF(LEFT(Q88,1)="A","Ananconda",IF(LEFT(Q88,1)="H","Harris Scarfe",IF(LEFT(Q88,1)="S","Spotlight","Exempt"))) -> Ananconda | S88: =VLOOKUP(I88,'FIN CAL LOOKUP'!A:J,7,1) -> SEP, FY25 | T88: =VLOOKUP(I88,'FIN CAL LOOKUP'!A:J,10,1) -> Q1, FY25
A89: 208565 | B89: Helen | C89: Athanasakopoulos | D89: SS Finance | E89: Work in Store | F89: Anaconda Working in Stores - Watergardens | G89: Accepted | H89: 45413 | I89: 45566 | J89: Working in Store - Anaconda Watergardens | K89: Learning | L89: 1 | M89: Taylors Lake | N89: Complete | O89: 1 | P89: =VLOOKUP(J89,'Store lookup'!A:C,2,0) -> A040 | Q89: =VLOOKUP(J89,'Store lookup'!A:C,3,0) -> Anaconda Watergardens | R89: =IF(LEFT(Q89,1)="A","Ananconda",IF(LEFT(Q89,1)="H","Harris Scarfe",IF(LEFT(Q89,1)="S","Spotlight","Exempt"))) -> Ananconda | S89: =VLOOKUP(I89,'FIN CAL LOOKUP'!A:J,7,1) -> OCT, FY25 | T89: =VLOOKUP(I89,'FIN CAL LOOKUP'!A:J,10,1) -> Q2, FY25
A90: 297887 | B90: Manel | C90: David | D90: Marketing | E90: Work in Store | F90: Anaconda Working in Stores - Hawthorn East | G90: Accepted | H90: 45379 | I90: 45581 | J90: Working in Store - Anaconda Hawthorn East | K90: Learning | L90: 1 | M90: Hawthorn East | N90: Complete | O90: 1 | P90: =VLOOKUP(J90,'Store lookup'!A:C,2,0) -> A058 | Q90: =VLOOKUP(J90,'Store lookup'!A:C,3,0) -> Anaconda Hawthorn East | R90: =IF(LEFT(Q90,1)="A","Ananconda",IF(LEFT(Q90,1)="H","Harris Scarfe",IF(LEFT(Q90,1)="S","Spotlight","Exempt"))) -> Ananconda | S90: =VLOOKUP(I90,'FIN CAL LOOKUP'!A:J,7,1) -> OCT, FY25 | T90: =VLOOKUP(I90,'FIN CAL LOOKUP'!A:J,10,1) -> Q2, FY25
... A93: 327648 | B93: Pieter | C93: Van Der Berg | D93: IT | E93: Work in Store | F93: Anaconda Working in Stores - Bayswater | G93: Accepted | H93: 45356 | I93: 45371 | J93: Working in Store - Anaconda Bayswater | K93: Learning | L93: 1 | M93: Bayswater | N93: Complete | O93: 1 | P93: =VLOOKUP(J93,'Store lookup'!A:C,2,0) -> A001 | Q93: =VLOOKUP(J93,'Store lookup'!A:C,3,0) -> Anaconda Bayswater | R93: =IF(LEFT(Q93,1)="A","Ananconda",IF(LEFT(Q93,1)="H","Harris Scarfe",IF(LEFT(Q93,1)="S","Spotlight","Exempt"))) -> Ananconda | S93: =VLOOKUP(I93,'FIN CAL LOOKUP'!A:J,7,1) -> MAR, FY24 | T93: =VLOOKUP(I93,'FIN CAL LOOKUP'!A:J,10,1) -> Q3, FY24
A94: 297893 | B94: Kathryn | C94: Buchanan | D94: HR MANAGEMENT | E94: Work in Store | F94: Working in Stores - Anaconda Launceston | G94: Accepted | H94: 45351 | I94: 45428 | J94: Working in Stores - Anaconda Launceston | K94: Learning | L94: 1 | N94: Complete | O94: 1 | P94: =VLOOKUP(J94,'Store lookup'!A:C,2,0) -> A028 | Q94: =VLOOKUP(J94,'Store lookup'!A:C,3,0) -> Anaconda Launceston | R94: =IF(LEFT(Q94,1)="A","Ananconda",IF(LEFT(Q94,1)="H","Harris Scarfe",IF(LEFT(Q94,1)="S","Spotlight","Exempt"))) -> Ananconda | S94: =VLOOKUP(I94,'FIN CAL LOOKUP'!A:J,7,1) -> MAY, FY24 | T94: =VLOOKUP(I94,'FIN CAL LOOKUP'!A:J,10,1) -> Q4, FY24
A95: 305938 | B95: Juanita | C95: Aguero | D95: eCommerce Management | E95: Work in Store | F95: Anaconda Working in Stores - Bayswater | G95: Accepted | H95: 45342 | I95: 45597 | J95: Working in Store - Anaconda Bayswater | K95: Learning | L95: 1 | M95: Bayswater | N95: Complete | O95: 1 | P95: =VLOOKUP(J95,'Store lookup'!A:C,2,0) -> A001 | Q95: =VLOOKUP(J95,'Store lookup'!A:C,3,0) -> Anaconda Bayswater | R95: =IF(LEFT(Q95,1)="A","Ananconda",IF(LEFT(Q95,1)="H","Harris Scarfe",IF(LEFT(Q95,1)="S","Spotlight","Exempt"))) -> Ananconda | S95: =VLOOKUP(I95,'FIN CAL LOOKUP'!A:J,7,1) -> NOV, FY25 | T95: =VLOOKUP(I95,'FIN CAL LOOKUP'!A:J,10,1) -> Q2, FY25
A96: 313944 | B96: Renee | C96: Freeland | D96: HR MANAGEMENT | E96: Work in Store | F96: Anaconda Working in Stores - Gepps Cross | G96: Accepted | H96: 45330 | I96: 45334 | J96: Anaconda Working in Stores - Gepps Cross | K96: Learning | L96: 1 | N96: Complete | O96: 1 | P96: =VLOOKUP(J96,'Store lookup'!A:C,2,0) -> A069 | Q96: =VLOOKUP(J96,'Store lookup'!A:C,3,0) -> Anaconda Gepps Cross | R96: =IF(LEFT(Q96,1)="A","Ananconda",IF(LEFT(Q96,1)="H","Harris Scarfe",IF(LEFT(Q96,1)="S","Spotlight","Exempt"))) -> Ananconda | S96: =VLOOKUP(I96,'FIN CAL LOOKUP'!A:J,7,1) -> FEB, FY24 | T96: =VLOOKUP(I96,'FIN CAL LOOKUP'!A:J,10,1) -> Q3, FY24
A97: 333286 | B97: Mark | C97: Shears | D97: GM MERCH SPOTLIGHT | E97: Work in Store | F97: Anaconda Working in Stores - Hawthorn East | G97: Accepted | H97: 45328 | I97: 45344 | J97: Working in Store - Anaconda Hawthorn East | K97: Learning | L97: 1 | M97: Hawthorn East | N97: Complete | O97: 1 | P97: =VLOOKUP(J97,'Store lookup'!A:C,2,0) -> A058 | Q97: =VLOOKUP(J97,'Store lookup'!A:C,3,0) -> Anaconda Hawthorn East | R97: =IF(LEFT(Q97,1)="A","Ananconda",IF(LEFT(Q97,1)="H","Harris Scarfe",IF(LEFT(Q97,1)="S","Spotlight","Exempt"))) -> Ananconda | S97: =VLOOKUP(I97,'FIN CAL LOOKUP'!A:J,7,1) -> FEB, FY24 | T97: =VLOOKUP(I97,'FIN CAL LOOKUP'!A:J,10,1) -> Q3, FY24
A98: 328927 | B98: Lucy | C98: Lu | D98: HR MANAGEMENT | E98: Work in Store | F98: Anaconda Working in Stores - Springvale | G98: Accepted | H98: 45321 | I98: 45373 | J98: Working in Store - Anaconda Springvale | K98: Learning | L98: 1 | M98: Springvale | N98: Complete | O98: 1 | P98: =VLOOKUP(J98,'Store lookup'!A:C,2,0) -> A026 | Q98: =VLOOKUP(J98,'Store lookup'!A:C,3,0) -> Anaconda Springvale | R98: =IF(LEFT(Q98,1)="A","Ananconda",IF(LEFT(Q98,1)="H","Harris Scarfe",IF(LEFT(Q98,1)="S","Spotlight","Exempt"))) -> Ananconda | S98: =VLOOKUP(I98,'FIN CAL LOOKUP'!A:J,7,1) -> MAR, FY24 | T98: =VLOOKUP(I98,'FIN CAL LOOKUP'!A:J,10,1) -> Q3, FY24
A99: 323285 | B99: Gaurav | C99: Bhat | D99: IT | E99: Work in Store | F99: Anaconda Working in Stores - Hawthorn East | G99: Accepted | H99: 45320 | I99: 45363 | J99: Working in Store - Anaconda Hawthorn East | K99: Learning | L99: 1 | M99: Hawthorn East | N99: Complete | O99: 1 | P99: =VLOOKUP(J99,'Store lookup'!A:C,2,0) -> A058 | Q99: =VLOOKUP(J99,'Store lookup'!A:C,3,0) -> Anaconda Hawthorn East | R99: =IF(LEFT(Q99,1)="A","Ananconda",IF(LEFT(Q99,1)="H","Harris Scarfe",IF(LEFT(Q99,1)="S","Spotlight","Exempt"))) -> Ananconda | S99: =VLOOKUP(I99,'FIN CAL LOOKUP'!A:J,7,1) -> MAR, FY24 | T99: =VLOOKUP(I99,'FIN CAL LOOKUP'!A:J,10,1) -> Q3, FY24
A100: 323134 | B100: Harsimar | C100: Kaur | D100: IT | E100: Work in Store | F100: Anaconda Working in Stores - Narre Warren | G100: Accepted | H100: 45299 | I100: 45377 | J100: Working in Store - Anaconda Narre Warren | K100: Learning | L100: 1 | M100: Fountain Gate | N100: Complete | O100: 1 | P100: =VLOOKUP(J100,'Store lookup'!A:C,2,0) -> A017 | Q100: =VLOOKUP(J100,'Store lookup'!A:C,3,0) -> Anaconda Narre Warren | R100: =IF(LEFT(Q100,1)="A","Ananconda",IF(LEFT(Q100,1)="H","Harris Scarfe",IF(LEFT(Q100,1)="S","Spotlight","Exempt"))) -> Ananconda | S100: =VLOOKUP(I100,'FIN CAL LOOKUP'!A:J,7,1) -> APR, FY24 | T100: =VLOOKUP(I100,'FIN CAL LOOKUP'!A:J,10,1) -> Q4, FY24
A101: 235153 | B101: Mark | C101: Garvey | D101: GM Anaconda | E101: Work in Store | F101: Anaconda Working in Stores - Maribyrnong | G101: Accepted | H101: 45274 | I101: 45275 | J101: Working in Store - Anaconda Maribyrnong | K101: Learning | L101: 1 | M101: Maribyrnong | N101: Complete | O101: 1 | P101: =VLOOKUP(J101,'Store lookup'!A:C,2,0) -> A042 | Q101: =VLOOKUP(J101,'Store lookup'!A:C,3,0) -> Anaconda Maribyrnong | R101: =IF(LEFT(Q101,1)="A","Ananconda",IF(LEFT(Q101,1)="H","Harris Scarfe",IF(LEFT(Q101,1)="S","Spotlight","Exempt"))) -> Ananconda | S101: =VLOOKUP(I101,'FIN CAL LOOKUP'!A:J,7,1) -> DEC, FY24 | T101: =VLOOKUP(I101,'FIN CAL LOOKUP'!A:J,10,1) -> Q2, FY24
A102: 330636 | B102: Yusra | C102: Tariq | D102: GM Anaconda | E102: Work in Store | F102: Anaconda Working in Stores - Hoppers Crossing | G102: Accepted | H102: 45271 | I102: 45275 | J102: Working in Store - Anaconda Hoppers Crossing | K102: Learning | L102: 2 | M102: Hoppers Crossing | N102: Complete | O102: 0 | P102: =VLOOKUP(J102,'Store lookup'!A:C,2,0) -> A030 | Q102: =VLOOKUP(J102,'Store lookup'!A:C,3,0) -> Anaconda Hoppers Crossing | R102: =IF(LEFT(Q102,1)="A","Ananconda",IF(LEFT(Q102,1)="H","Harris Scarfe",IF(LEFT(Q102,1)="S","Spotlight","Exempt"))) -> Ananconda | S102: =VLOOKUP(I102,'FIN CAL LOOKUP'!A:J,7,1) -> DEC, FY24 | T102: =VLOOKUP(I102,'FIN CAL LOOKUP'!A:J,10,1) -> Q2, FY24
A103: 309806 | B103: Peter | C103: Ristevski | D103: GM Anaconda | E103: Work in Store | F103: Anaconda Working in Stores - Watergardens | G103: Accepted | H103: 45266 | I103: 45272 | J103: Working in Store - Anaconda Watergardens | K103: Learning | L103: 1 | M103: Taylors Lake | N103: Complete | O103: 1 | P103: =VLOOKUP(J103,'Store lookup'!A:C,2,0) -> A040 | Q103: =VLOOKUP(J103,'Store lookup'!A:C,3,0) -> Anaconda Watergardens | R103: =IF(LEFT(Q103,1)="A","Ananconda",IF(LEFT(Q103,1)="H","Harris Scarfe",IF(LEFT(Q103,1)="S","Spotlight","Exempt"))) -> Ananconda | S103: =VLOOKUP(I103,'FIN CAL LOOKUP'!A:J,7,1) -> DEC, FY24 | T103: =VLOOKUP(I103,'FIN CAL LOOKUP'!A:J,10,1) -> Q2, FY24
A104: 326813 | B104: Luke | C104: Mccredden | D104: GM Anaconda | E104: Work in Store | F104: Anaconda Working in Stores - Geelong | G104: Accepted | H104: 45266 | I104: 45272 | J104: Working in Store - Anaconda Geelong | K104: Learning | L104: 2 | M104: Geelong | N104: Complete | O104: 0 | P104: =VLOOKUP(J104,'Store lookup'!A:C,2,0) -> A009 | Q104: =VLOOKUP(J104,'Store lookup'!A:C,3,0) -> Anaconda Geelong | R104: =IF(LEFT(Q104,1)="A","Ananconda",IF(LEFT(Q104,1)="H","Harris Scarfe",IF(LEFT(Q104,1)="S","Spotlight","Exempt"))) -> Ananconda | S104: =VLOOKUP(I104,'FIN CAL LOOKUP'!A:J,7,1) -> DEC, FY24 | T104: =VLOOKUP(I104,'FIN CAL LOOKUP'!A:J,10,1) -> Q2, FY24
A105: 308787 | B105: Brad | C105: Sullivan | D105: GM Anaconda | E105: Work in Store | F105: Anaconda Working in Stores - Epping | G105: Accepted | H105: 45265 | I105: 45273 | J105: Working in Store - Anaconda Epping | K105: Learning | L105: 1 | M105: Epping | N105: Complete | O105: 1 | P105: =VLOOKUP(J105,'Store lookup'!A:C,2,0) -> A052 | Q105: =VLOOKUP(J105,'Store lookup'!A:C,3,0) -> Anaconda Epping | R105: =IF(LEFT(Q105,1)="A","Ananconda",IF(LEFT(Q105,1)="H","Harris Scarfe",IF(LEFT(Q105,1)="S","Spotlight","Exempt"))) -> Ananconda | S105: =VLOOKUP(I105,'FIN CAL LOOKUP'!A:J,7,1) -> DEC, FY24 | T105: =VLOOKUP(I105,'FIN CAL LOOKUP'!A:J,10,1) -> Q2, FY24
A106: 323122 | B106: Ben | C106: Fisher | D106: GM Anaconda | E106: Work in Store | F106: Anaconda Working in Stores - Bayswater | G106: Accepted | H106: 45250 | I106: 45274 | J106: Working in Store - Anaconda Bayswater | K106: Learning | L106: 1 | M106: Bayswater | N106: Complete | O106: 1 | P106: =VLOOKUP(J106,'Store lookup'!A:C,2,0) -> A001 | Q106: =VLOOKUP(J106,'Store lookup'!A:C,3,0) -> Anaconda Bayswater | R106: =IF(LEFT(Q106,1)="A","Ananconda",IF(LEFT(Q106,1)="H","Harris Scarfe",IF(LEFT(Q106,1)="S","Spotlight","Exempt"))) -> Ananconda | S106: =VLOOKUP(I106,'FIN CAL LOOKUP'!A:J,7,1) -> DEC, FY24 | T106: =VLOOKUP(I106,'FIN CAL LOOKUP'!A:J,10,1) -> Q2, FY24
A107: 325839 | B107: Kelley | C107: Brydon | D107: ANALYTICS & INSIGHTS | E107: Work in Store | F107: Anaconda Working in Stores - Geelong | G107: Accepted | H107: 45250 | I107: 45272 | J107: Working in Store - Anaconda Geelong | K107: Learning | L107: 2 | M107: Geelong | N107: Complete | O107: 0 | P107: =VLOOKUP(J107,'Store lookup'!A:C,2,0) -> A009 | Q107: =VLOOKUP(J107,'Store lookup'!A:C,3,0) -> Anaconda Geelong | R107: =IF(LEFT(Q107,1)="A","Ananconda",IF(LEFT(Q107,1)="H","Harris Scarfe",IF(LEFT(Q107,1)="S","Spotlight","Exempt"))) -> Ananconda | S107: =VLOOKUP(I107,'FIN CAL LOOKUP'!A:J,7,1) -> DEC, FY24 | T107: =VLOOKUP(I107,'FIN CAL LOOKUP'!A:J,10,1) -> Q2, FY24
A108: 331737 | B108: Sean | C108: Le Hunt | D108: GM Anaconda | E108: Work in Store | F108: Anaconda Working in Stores - Bayswater | G108: Accepted | H108: 45250 | I108: 45268 | J108: Working in Store - Anaconda Bayswater | K108: Learning | L108: 1 | M108: Bayswater | N108: Complete | O108: 1 | P108: =VLOOKUP(J108,'Store lookup'!A:C,2,0) -> A001 | Q108: =VLOOKUP(J108,'Store lookup'!A:C,3,0) -> Anaconda Bayswater | R108: =IF(LEFT(Q108,1)="A","Ananconda",IF(LEFT(Q108,1)="H","Harris Scarfe",IF(LEFT(Q108,1)="S","Spotlight","Exempt"))) -> Ananconda | S108: =VLOOKUP(I108,'FIN CAL LOOKUP'!A:J,7,1) -> DEC, FY24 | T108: =VLOOKUP(I108,'FIN CAL LOOKUP'!A:J,10,1) -> Q2, FY24
... A119: 312259 | B119: Sonal | C119: Bhatia | D119: IT | E119: Work in Store | F119: Anaconda Working in Stores - Hawthorn East | G119: Accepted | H119: 45210 | I119: 45226 | J119: Working in Store - Anaconda Hawthorn East | K119: Learning | L119: 1 | M119: Hawthorn East | N119: Complete | O119: 1 | P119: =VLOOKUP(J119,'Store lookup'!A:C,2,0) -> A058 | Q119: =VLOOKUP(J119,'Store lookup'!A:C,3,0) -> Anaconda Hawthorn East | R119: =IF(LEFT(Q119,1)="A","Ananconda",IF(LEFT(Q119,1)="H","Harris Scarfe",IF(LEFT(Q119,1)="S","Spotlight","Exempt"))) -> Ananconda | S119: =VLOOKUP(I119,'FIN CAL LOOKUP'!A:J,7,1) -> NOV, FY24 | T119: =VLOOKUP(I119,'FIN CAL LOOKUP'!A:J,10,1) -> Q2, FY24
A120: 239239 | B120: Avi | C120: Gilboa | E120: Work in Store | F120: Anaconda Working in Stores - Hawthorn East | G120: Accepted | H120: 45209 | I120: 45272 | J120: Working in Store - Anaconda Hawthorn East | K120: Learning | L120: 1 | M120: Hawthorn East | N120: Complete | O120: 1 | P120: =VLOOKUP(J120,'Store lookup'!A:C,2,0) -> A058 | Q120: =VLOOKUP(J120,'Store lookup'!A:C,3,0) -> Anaconda Hawthorn East | R120: =IF(LEFT(Q120,1)="A","Ananconda",IF(LEFT(Q120,1)="H","Harris Scarfe",IF(LEFT(Q120,1)="S","Spotlight","Exempt"))) -> Ananconda | S120: =VLOOKUP(I120,'FIN CAL LOOKUP'!A:J,7,1) -> DEC, FY24 | T120: =VLOOKUP(I120,'FIN CAL LOOKUP'!A:J,10,1) -> Q2, FY24
A121: 328239 | B121: Sue | C121: Kropik | D121: HR MANAGEMENT | E121: Work in Store | F121: Anaconda Working in Stores - Hoppers Crossing | G121: Accepted | H121: 45204 | I121: 45210 | J121: Working in Store - Anaconda Hoppers Crossing | K121: Learning | L121: 1 | M121: Hoppers Crossing | N121: Complete | O121: 1 | P121: =VLOOKUP(J121,'Store lookup'!A:C,2,0) -> A030 | Q121: =VLOOKUP(J121,'Store lookup'!A:C,3,0) -> Anaconda Hoppers Crossing | R121: =IF(LEFT(Q121,1)="A","Ananconda",IF(LEFT(Q121,1)="H","Harris Scarfe",IF(LEFT(Q121,1)="S","Spotlight","Exempt"))) -> Ananconda | S121: =VLOOKUP(I121,'FIN CAL LOOKUP'!A:J,7,1) -> OCT, FY24 | T121: =VLOOKUP(I121,'FIN CAL LOOKUP'!A:J,10,1) -> Q2, FY24
A122: 324005 | B122: Tina | C122: De Luca | D122: HR MANAGEMENT | E122: Work in Store | F122: Anaconda Working in Stores - Hoppers Crossing | G122: Accepted | H122: 45203 | I122: 45224 | J122: Working in Store - Anaconda Hoppers Crossing | K122: Learning | L122: 1 | M122: Hoppers Crossing | N122: Complete | O122: 1 | P122: =VLOOKUP(J122,'Store lookup'!A:C,2,0) -> A030 | Q122: =VLOOKUP(J122,'Store lookup'!A:C,3,0) -> Anaconda Hoppers Crossing | R122: =IF(LEFT(Q122,1)="A","Ananconda",IF(LEFT(Q122,1)="H","Harris Scarfe",IF(LEFT(Q122,1)="S","Spotlight","Exempt"))) -> Ananconda | S122: =VLOOKUP(I122,'FIN CAL LOOKUP'!A:J,7,1) -> NOV, FY24 | T122: =VLOOKUP(I122,'FIN CAL LOOKUP'!A:J,10,1) -> Q2, FY24
A123: 312588 | B123: Jade | C123: Tan | D123: IT | E123: Work in Store | F123: Anaconda Working in Stores - Box Hill | G123: Accepted | H123: 45202 | I123: 45210 | J123: Working in Store - Anaconda Box Hill | K123: Learning | L123: 1 | M123: Box Hill | N123: Complete | O123: 1 | P123: =VLOOKUP(J123,'Store lookup'!A:C,2,0) -> A041 | Q123: =VLOOKUP(J123,'Store lookup'!A:C,3,0) -> Anaconda Box Hill | R123: =IF(LEFT(Q123,1)="A","Ananconda",IF(LEFT(Q123,1)="H","Harris Scarfe",IF(LEFT(Q123,1)="S","Spotlight","Exempt"))) -> Ananconda | S123: =VLOOKUP(I123,'FIN CAL LOOKUP'!A:J,7,1) -> OCT, FY24 | T123: =VLOOKUP(I123,'FIN CAL LOOKUP'!A:J,10,1) -> Q2, FY24
A124: 325420 | B124: Thida | C124: Zaw | D124: IT | E124: Work in Store | F124: Anaconda Working in Stores - Maribyrnong | G124: Accepted | H124: 45201 | I124: 45219 | J124: Working in Store - Anaconda Maribyrnong | K124: Learning | L124: 1 | M124: Maribyrnong | N124: Complete | O124: 1 | P124: =VLOOKUP(J124,'Store lookup'!A:C,2,0) -> A042 | Q124: =VLOOKUP(J124,'Store lookup'!A:C,3,0) -> Anaconda Maribyrnong | R124: =IF(LEFT(Q124,1)="A","Ananconda",IF(LEFT(Q124,1)="H","Harris Scarfe",IF(LEFT(Q124,1)="S","Spotlight","Exempt"))) -> Ananconda | S124: =VLOOKUP(I124,'FIN CAL LOOKUP'!A:J,7,1) -> OCT, FY24 | T124: =VLOOKUP(I124,'FIN CAL LOOKUP'!A:J,10,1) -> Q2, FY24
A125: 228551 | B125: Amanda | C125: Rees | D125: Property | E125: Work in Store | F125: Anaconda Working in Stores - Highett | G125: Accepted | H125: 45189 | I125: 45223 | J125: Working in Store - Anaconda Highett | K125: Learning | L125: 1 | M125: Highett | N125: Complete | O125: 1 | P125: =VLOOKUP(J125,'Store lookup'!A:C,2,0) -> A039 | Q125: =VLOOKUP(J125,'Store lookup'!A:C,3,0) -> Anaconda Highett | R125: =IF(LEFT(Q125,1)="A","Ananconda",IF(LEFT(Q125,1)="H","Harris Scarfe",IF(LEFT(Q125,1)="S","Spotlight","Exempt"))) -> Ananconda | S125: =VLOOKUP(I125,'FIN CAL LOOKUP'!A:J,7,1) -> NOV, FY24 | T125: =VLOOKUP(I125,'FIN CAL LOOKUP'!A:J,10,1) -> Q2, FY24
A126: 312984 | B126: Tony | C126: Stanghi | D126: Property | E126: Work in Store | F126: Anaconda Working in Stores - Box Hill | G126: Accepted | H126: 45188 | I126: 45238 | J126: Working in Store - Anaconda Box Hill | K126: Learning | L126: 1 | M126: Box Hill | N126: Complete | O126: 1 | P126: =VLOOKUP(J126,'Store lookup'!A:C,2,0) -> A041 | Q126: =VLOOKUP(J126,'Store lookup'!A:C,3,0) -> Anaconda Box Hill | R126: =IF(LEFT(Q126,1)="A","Ananconda",IF(LEFT(Q126,1)="H","Harris Scarfe",IF(LEFT(Q126,1)="S","Spotlight","Exempt"))) -> Ananconda | S126: =VLOOKUP(I126,'FIN CAL LOOKUP'!A:J,7,1) -> NOV, FY24 | T126: =VLOOKUP(I126,'FIN CAL LOOKUP'!A:J,10,1) -> Q2, FY24
